family,layer,head,rows,variant,calibrated,mrr,r_at_1,ndcg_at_10,model_layer
indexer,0,-1,question,mass,false,0.07640951871871948,0.015625,0.08030559122562408,3
indexer,0,-1,question,mass,true,0.11561917513608932,0.015625,0.13651180267333984,3
indexer,0,-1,question,mass_rope,false,0.07340921461582184,0.015625,0.062045127153396606,3
indexer,0,-1,question,mass_rope,true,0.06979504972696304,0.0,0.08412563800811768,3
indexer,0,-1,question,mass_nope,false,0.08292219042778015,0.015625,0.08347513526678085,3
indexer,0,-1,question,mass_nope,true,0.1149938702583313,0.015625,0.13618166744709015,3
indexer,0,-1,question,mass_paper,false,0.14815741777420044,0.046875,0.18041813373565674,3
indexer,0,-1,question,mass_paper,true,0.1492224931716919,0.046875,0.18089696764945984,3
indexer,0,-1,question,mass_rope_paper,false,0.07826487720012665,0.015625,0.08031129837036133,3
indexer,0,-1,question,mass_rope_paper,true,0.08670264482498169,0.015625,0.08953426033258438,3
indexer,0,-1,question,mass_nope_paper,false,0.13455140590667725,0.046875,0.14794929325580597,3
indexer,0,-1,question,mass_nope_paper,true,0.1402929425239563,0.046875,0.16005755960941315,3
indexer,0,-1,question,mean_score,false,0.06818245351314545,0.015625,0.06670057028532028,3
indexer,0,-1,question,mean_score,true,0.12459246814250946,0.046875,0.13611134886741638,3
indexer,0,-1,question,max_score,false,0.08398420363664627,0.015625,0.08437001705169678,3
indexer,0,-1,question,max_score,true,0.1209673285484314,0.03125,0.15025532245635986,3
native_selection,0,-1,question,top512_share,false,0.06994380056858063,0.015625,0.06985032558441162,3
indexer,0,-1,answer,mass,false,0.20266705751419067,0.078125,0.24157848954200745,3
indexer,0,-1,answer,mass,true,0.24884033203125,0.109375,0.3068566918373108,3
indexer,0,-1,answer,mass_rope,false,0.07237005978822708,0.015625,0.07907689362764359,3
indexer,0,-1,answer,mass_rope,true,0.09638688713312149,0.03125,0.09426017105579376,3
indexer,0,-1,answer,mass_nope,false,0.1540624499320984,0.03125,0.18357141315937042,3
indexer,0,-1,answer,mass_nope,true,0.30634626746177673,0.21875,0.32328617572784424,3
indexer,0,-1,answer,mass_paper,false,0.3691883087158203,0.234375,0.42161911725997925,3
indexer,0,-1,answer,mass_paper,true,0.23261868953704834,0.140625,0.25835299491882324,3
indexer,0,-1,answer,mass_rope_paper,false,0.0747707188129425,0.015625,0.08419299125671387,3
indexer,0,-1,answer,mass_rope_paper,true,0.06948569416999817,0.015625,0.06613031029701233,3
indexer,0,-1,answer,mass_nope_paper,false,0.28608664870262146,0.15625,0.3379349410533905,3
indexer,0,-1,answer,mass_nope_paper,true,0.29956263303756714,0.21875,0.3188594877719879,3
indexer,0,-1,answer,mean_score,false,0.0935334637761116,0.015625,0.10420019924640656,3
indexer,0,-1,answer,mean_score,true,0.1434783935546875,0.0625,0.1626911461353302,3
indexer,0,-1,answer,max_score,false,0.23520155251026154,0.09375,0.29513904452323914,3
indexer,0,-1,answer,max_score,true,0.13507843017578125,0.03125,0.17038187384605408,3
native_selection,0,-1,answer,top512_share,false,0.0824468582868576,0.0,0.07796033471822739,3
indexer,0,-1,both,mass,false,0.10480878502130508,0.015625,0.13424654304981232,3
indexer,0,-1,both,mass,true,0.06152861937880516,0.0,0.06257407367229462,3
indexer,0,-1,both,mass_rope,false,0.07398193329572678,0.015625,0.062457628548145294,3
indexer,0,-1,both,mass_rope,true,0.06316812336444855,0.0,0.06187189370393753,3
indexer,0,-1,both,mass_nope,false,0.09455215930938721,0.015625,0.11286399513483047,3
indexer,0,-1,both,mass_nope,true,0.07026404142379761,0.0,0.07083841413259506,3
indexer,0,-1,both,mass_paper,false,0.2595421075820923,0.109375,0.3112269341945648,3
indexer,0,-1,both,mass_paper,true,0.1452058106660843,0.046875,0.16200481355190277,3
indexer,0,-1,both,mass_rope_paper,false,0.07581916451454163,0.015625,0.0767844021320343,3
indexer,0,-1,both,mass_rope_paper,true,0.07430996745824814,0.015625,0.06908638030290604,3
indexer,0,-1,both,mass_nope_paper,false,0.2536870241165161,0.140625,0.29901883006095886,3
indexer,0,-1,both,mass_nope_paper,true,0.15404728055000305,0.0625,0.1720544546842575,3
indexer,0,-1,both,mean_score,false,0.07708804309368134,0.015625,0.0722881481051445,3
indexer,0,-1,both,mean_score,true,0.08650527149438858,0.015625,0.08060725033283234,3
indexer,0,-1,both,max_score,false,0.12031199038028717,0.015625,0.17031897604465485,3
indexer,0,-1,both,max_score,true,0.06057589501142502,0.0,0.056072499603033066,3
native_selection,0,-1,both,top512_share,false,0.07491394877433777,0.015625,0.07327213883399963,3
indexer,1,-1,question,mass,false,0.19441311061382294,0.03125,0.2796489894390106,7
indexer,1,-1,question,mass,true,0.2410913109779358,0.0625,0.3329043686389923,7
indexer,1,-1,question,mass_rope,false,0.09587574005126953,0.015625,0.09021639078855515,7
indexer,1,-1,question,mass_rope,true,0.15801426768302917,0.03125,0.19193606078624725,7
indexer,1,-1,question,mass_nope,false,0.12443139404058456,0.015625,0.15683063864707947,7
indexer,1,-1,question,mass_nope,true,0.18790248036384583,0.046875,0.2561301589012146,7
indexer,1,-1,question,mass_paper,false,0.24794980883598328,0.125,0.2866361141204834,7
indexer,1,-1,question,mass_paper,true,0.24735550582408905,0.125,0.28699350357055664,7
indexer,1,-1,question,mass_rope_paper,false,0.08834744989871979,0.0,0.1174786239862442,7
indexer,1,-1,question,mass_rope_paper,true,0.11799744516611099,0.0,0.13608816266059875,7
indexer,1,-1,question,mass_nope_paper,false,0.19526329636573792,0.09375,0.23993198573589325,7
indexer,1,-1,question,mass_nope_paper,true,0.19553327560424805,0.09375,0.23993198573589325,7
indexer,1,-1,question,mean_score,false,0.1293804794549942,0.015625,0.16735845804214478,7
indexer,1,-1,question,mean_score,true,0.1841966062784195,0.0625,0.2290496975183487,7
indexer,1,-1,question,max_score,false,0.14491413533687592,0.015625,0.2024247646331787,7
indexer,1,-1,question,max_score,true,0.23155182600021362,0.125,0.2759802043437958,7
native_selection,1,-1,question,top512_share,false,0.12266989797353745,0.015625,0.15557245910167694,7
indexer,1,-1,answer,mass,false,0.5838393568992615,0.4375,0.6422210335731506,7
indexer,1,-1,answer,mass,true,0.5187557935714722,0.46875,0.5453962087631226,7
indexer,1,-1,answer,mass_rope,false,0.09338122606277466,0.015625,0.11042291671037674,7
indexer,1,-1,answer,mass_rope,true,0.11423808336257935,0.0,0.14570266008377075,7
indexer,1,-1,answer,mass_nope,false,0.3281276822090149,0.140625,0.4186227023601532,7
indexer,1,-1,answer,mass_nope,true,0.45329195261001587,0.3125,0.5127074718475342,7
indexer,1,-1,answer,mass_paper,false,0.6282751560211182,0.484375,0.6814321875572205,7
indexer,1,-1,answer,mass_paper,true,0.4556175768375397,0.40625,0.46688154339790344,7
indexer,1,-1,answer,mass_rope_paper,false,0.12131576240062714,0.03125,0.13517138361930847,7
indexer,1,-1,answer,mass_rope_paper,true,0.08064798265695572,0.015625,0.07652659714221954,7
indexer,1,-1,answer,mass_nope_paper,false,0.5369420051574707,0.359375,0.6149232387542725,7
indexer,1,-1,answer,mass_nope_paper,true,0.44787538051605225,0.34375,0.4770231544971466,7
indexer,1,-1,answer,mean_score,false,0.18264678120613098,0.03125,0.23849692940711975,7
indexer,1,-1,answer,mean_score,true,0.21427284181118011,0.109375,0.2386474609375,7
indexer,1,-1,answer,max_score,false,0.49380987882614136,0.3125,0.5605894923210144,7
indexer,1,-1,answer,max_score,true,0.2955625653266907,0.203125,0.33446043729782104,7
native_selection,1,-1,answer,top512_share,false,0.15786297619342804,0.03125,0.20566976070404053,7
indexer,1,-1,both,mass,false,0.3169042468070984,0.078125,0.41315892338752747,7
indexer,1,-1,both,mass,true,0.17092809081077576,0.0625,0.1966927945613861,7
indexer,1,-1,both,mass_rope,false,0.0975518524646759,0.015625,0.10041243582963943,7
indexer,1,-1,both,mass_rope,true,0.13867159187793732,0.03125,0.16550888121128082,7
indexer,1,-1,both,mass_nope,false,0.19235390424728394,0.015625,0.2693557143211365,7
indexer,1,-1,both,mass_nope,true,0.14301835000514984,0.046875,0.1616133451461792,7
indexer,1,-1,both,mass_paper,false,0.4435415267944336,0.265625,0.513123631477356,7
indexer,1,-1,both,mass_paper,true,0.26516425609588623,0.140625,0.31222689151763916,7
indexer,1,-1,both,mass_rope_paper,false,0.08756762742996216,0.0,0.11641085147857666,7
indexer,1,-1,both,mass_rope_paper,true,0.11527518928050995,0.015625,0.1264227032661438,7
indexer,1,-1,both,mass_nope_paper,false,0.3250218629837036,0.171875,0.39518994092941284,7
indexer,1,-1,both,mass_nope_paper,true,0.17504292726516724,0.078125,0.21039900183677673,7
indexer,1,-1,both,mean_score,false,0.13857412338256836,0.015625,0.18503841757774353,7
indexer,1,-1,both,mean_score,true,0.19487808644771576,0.09375,0.23816432058811188,7
indexer,1,-1,both,max_score,false,0.22903838753700256,0.015625,0.3295508325099945,7
indexer,1,-1,both,max_score,true,0.10871049761772156,0.015625,0.12654268741607666,7
native_selection,1,-1,both,top512_share,false,0.1311647593975067,0.015625,0.16108667850494385,7
indexer,2,-1,question,mass,false,0.21967364847660065,0.0625,0.3254866302013397,11
indexer,2,-1,question,mass,true,0.38502320647239685,0.171875,0.49607259035110474,11
indexer,2,-1,question,mass_rope,false,0.13342729210853577,0.03125,0.146290123462677,11
indexer,2,-1,question,mass_rope,true,0.1721734255552292,0.046875,0.21395839750766754,11
indexer,2,-1,question,mass_nope,false,0.2194715142250061,0.0625,0.31771641969680786,11
indexer,2,-1,question,mass_nope,true,0.3633289039134979,0.171875,0.45298251509666443,11
indexer,2,-1,question,mass_paper,false,0.27158570289611816,0.09375,0.35117238759994507,11
indexer,2,-1,question,mass_paper,true,0.2963634729385376,0.125,0.37522122263908386,11
indexer,2,-1,question,mass_rope_paper,false,0.08478779345750809,0.015625,0.07650520652532578,11
indexer,2,-1,question,mass_rope_paper,true,0.06682328879833221,0.0,0.06331698596477509,11
indexer,2,-1,question,mass_nope_paper,false,0.26391780376434326,0.109375,0.33934125304222107,11
indexer,2,-1,question,mass_nope_paper,true,0.3124484121799469,0.15625,0.39455458521842957,11
indexer,2,-1,question,mean_score,false,0.16277861595153809,0.015625,0.21641048789024353,11
indexer,2,-1,question,mean_score,true,0.31655392050743103,0.171875,0.3976277709007263,11
indexer,2,-1,question,max_score,false,0.2040279656648636,0.09375,0.269645094871521,11
indexer,2,-1,question,max_score,true,0.2988069951534271,0.15625,0.37547609210014343,11
native_selection,2,-1,question,top512_share,false,0.1634615659713745,0.015625,0.2272569090127945,11
indexer,2,-1,answer,mass,false,0.6510728001594543,0.546875,0.6954169273376465,11
indexer,2,-1,answer,mass,true,0.6120955348014832,0.53125,0.637174129486084,11
indexer,2,-1,answer,mass_rope,false,0.18457670509815216,0.046875,0.22314417362213135,11
indexer,2,-1,answer,mass_rope,true,0.15840542316436768,0.046875,0.2035359889268875,11
indexer,2,-1,answer,mass_nope,false,0.5258943438529968,0.359375,0.596808910369873,11
indexer,2,-1,answer,mass_nope,true,0.5134409070014954,0.421875,0.550987720489502,11
indexer,2,-1,answer,mass_paper,false,0.6752788424491882,0.578125,0.7109522819519043,11
indexer,2,-1,answer,mass_paper,true,0.480597585439682,0.4375,0.48920363187789917,11
indexer,2,-1,answer,mass_rope_paper,false,0.19410322606563568,0.078125,0.22844405472278595,11
indexer,2,-1,answer,mass_rope_paper,true,0.11342005431652069,0.046875,0.11903094500303268,11
indexer,2,-1,answer,mass_nope_paper,false,0.6238320469856262,0.5,0.6724797487258911,11
indexer,2,-1,answer,mass_nope_paper,true,0.30927181243896484,0.25,0.3149486482143402,11
indexer,2,-1,answer,mean_score,false,0.3926318287849426,0.1875,0.4739390015602112,11
indexer,2,-1,answer,mean_score,true,0.3061164319515228,0.1875,0.35244670510292053,11
indexer,2,-1,answer,max_score,false,0.5474382638931274,0.40625,0.6043448448181152,11
indexer,2,-1,answer,max_score,true,0.3930984437465668,0.265625,0.44543707370758057,11
native_selection,2,-1,answer,top512_share,false,0.3369427025318146,0.109375,0.43467727303504944,11
indexer,2,-1,both,mass,false,0.3598880171775818,0.140625,0.4754393696784973,11
indexer,2,-1,both,mass,true,0.29387035965919495,0.125,0.3447170853614807,11
indexer,2,-1,both,mass_rope,false,0.16520395874977112,0.046875,0.19430014491081238,11
indexer,2,-1,both,mass_rope,true,0.10851242393255234,0.015625,0.1261630356311798,11
indexer,2,-1,both,mass_nope,false,0.30685630440711975,0.109375,0.4170551300048828,11
indexer,2,-1,both,mass_nope,true,0.2591199278831482,0.125,0.32026809453964233,11
indexer,2,-1,both,mass_paper,false,0.585144579410553,0.4375,0.6444539427757263,11
indexer,2,-1,both,mass_paper,true,0.3030163645744324,0.1875,0.34465208649635315,11
indexer,2,-1,both,mass_rope_paper,false,0.10855153948068619,0.015625,0.11311689019203186,11
indexer,2,-1,both,mass_rope_paper,true,0.058329783380031586,0.0,0.05661685764789581,11
indexer,2,-1,both,mass_nope_paper,false,0.4554629921913147,0.3125,0.5305814743041992,11
indexer,2,-1,both,mass_nope_paper,true,0.2219727486371994,0.109375,0.2701038122177124,11
indexer,2,-1,both,mean_score,false,0.21629011631011963,0.03125,0.29492709040641785,11
indexer,2,-1,both,mean_score,true,0.23027020692825317,0.109375,0.27788299322128296,11
indexer,2,-1,both,max_score,false,0.2889331877231598,0.140625,0.37897592782974243,11
indexer,2,-1,both,max_score,true,0.21508479118347168,0.09375,0.2609476149082184,11
native_selection,2,-1,both,top512_share,false,0.2175329029560089,0.03125,0.29849377274513245,11
indexer,3,-1,question,mass,false,0.3467061221599579,0.15625,0.43969979882240295,15
indexer,3,-1,question,mass,true,0.5627118349075317,0.40625,0.631770133972168,15
indexer,3,-1,question,mass_rope,false,0.2696871757507324,0.15625,0.3095373213291168,15
indexer,3,-1,question,mass_rope,true,0.30896106362342834,0.203125,0.3479412794113159,15
indexer,3,-1,question,mass_nope,false,0.2160956710577011,0.0625,0.30355584621429443,15
indexer,3,-1,question,mass_nope,true,0.36472731828689575,0.171875,0.44488325715065,15
indexer,3,-1,question,mass_paper,false,0.42230701446533203,0.234375,0.4999733567237854,15
indexer,3,-1,question,mass_paper,true,0.4268092215061188,0.234375,0.4995155334472656,15
indexer,3,-1,question,mass_rope_paper,false,0.23990613222122192,0.15625,0.2558988928794861,15
indexer,3,-1,question,mass_rope_paper,true,0.23380926251411438,0.140625,0.2531183958053589,15
indexer,3,-1,question,mass_nope_paper,false,0.3926580250263214,0.234375,0.45128053426742554,15
indexer,3,-1,question,mass_nope_paper,true,0.39176034927368164,0.234375,0.44601988792419434,15
indexer,3,-1,question,mean_score,false,0.2733357548713684,0.109375,0.3608633279800415,15
indexer,3,-1,question,mean_score,true,0.34419921040534973,0.140625,0.42278796434402466,15
indexer,3,-1,question,max_score,false,0.25162896513938904,0.09375,0.3437635004520416,15
indexer,3,-1,question,max_score,true,0.3918549418449402,0.21875,0.46736156940460205,15
native_selection,3,-1,question,top512_share,false,0.2472832202911377,0.09375,0.3442179262638092,15
indexer,3,-1,answer,mass,false,0.7349981665611267,0.65625,0.7713042497634888,15
indexer,3,-1,answer,mass,true,0.7133253812789917,0.640625,0.735986053943634,15
indexer,3,-1,answer,mass_rope,false,0.4343845546245575,0.328125,0.47708839178085327,15
indexer,3,-1,answer,mass_rope,true,0.398182213306427,0.265625,0.4517615735530853,15
indexer,3,-1,answer,mass_nope,false,0.47342488169670105,0.265625,0.5558881759643555,15
indexer,3,-1,answer,mass_nope,true,0.592361330986023,0.484375,0.6419802904129028,15
indexer,3,-1,answer,mass_paper,false,0.7275972962379456,0.671875,0.7621702551841736,15
indexer,3,-1,answer,mass_paper,true,0.6693329811096191,0.625,0.6924512386322021,15
indexer,3,-1,answer,mass_rope_paper,false,0.32112011313438416,0.234375,0.34919100999832153,15
indexer,3,-1,answer,mass_rope_paper,true,0.20975637435913086,0.140625,0.22394104301929474,15
indexer,3,-1,answer,mass_nope_paper,false,0.5991887450218201,0.453125,0.6560243964195251,15
indexer,3,-1,answer,mass_nope_paper,true,0.5348613858222961,0.40625,0.5901309251785278,15
indexer,3,-1,answer,mean_score,false,0.5688771605491638,0.40625,0.648758053779602,15
indexer,3,-1,answer,mean_score,true,0.4211719036102295,0.234375,0.49372661113739014,15
indexer,3,-1,answer,max_score,false,0.5339595079421997,0.375,0.5936931371688843,15
indexer,3,-1,answer,max_score,true,0.48996224999427795,0.34375,0.5521805286407471,15
native_selection,3,-1,answer,top512_share,false,0.4793365001678467,0.28125,0.5719019174575806,15
indexer,3,-1,both,mass,false,0.5363874435424805,0.3125,0.6317996978759766,15
indexer,3,-1,both,mass,true,0.5504662394523621,0.4375,0.5938675999641418,15
indexer,3,-1,both,mass_rope,false,0.35766297578811646,0.25,0.4054323136806488,15
indexer,3,-1,both,mass_rope,true,0.29609403014183044,0.1875,0.33667227625846863,15
indexer,3,-1,both,mass_nope,false,0.31006675958633423,0.109375,0.4153827130794525,15
indexer,3,-1,both,mass_nope,true,0.4188079237937927,0.234375,0.48431396484375,15
indexer,3,-1,both,mass_paper,false,0.7583891153335571,0.671875,0.7907999753952026,15
indexer,3,-1,both,mass_paper,true,0.5770361423492432,0.484375,0.6064611077308655,15
indexer,3,-1,both,mass_rope_paper,false,0.30562475323677063,0.1875,0.34084653854370117,15
indexer,3,-1,both,mass_rope_paper,true,0.23107565939426422,0.140625,0.26236268877983093,15
indexer,3,-1,both,mass_nope_paper,false,0.6090202927589417,0.46875,0.668677806854248,15
indexer,3,-1,both,mass_nope_paper,true,0.46735891699790955,0.34375,0.5173582434654236,15
indexer,3,-1,both,mean_score,false,0.3270987570285797,0.125,0.445692241191864,15
indexer,3,-1,both,mean_score,true,0.3207286298274994,0.15625,0.39041993021965027,15
indexer,3,-1,both,max_score,false,0.38351449370384216,0.203125,0.4773695766925812,15
indexer,3,-1,both,max_score,true,0.38959717750549316,0.234375,0.46509480476379395,15
native_selection,3,-1,both,top512_share,false,0.2894435226917267,0.09375,0.419758677482605,15
indexer,4,-1,question,mass,false,0.4917469322681427,0.3125,0.5815114378929138,19
indexer,4,-1,question,mass,true,0.6739976406097412,0.53125,0.7441340684890747,19
indexer,4,-1,question,mass_rope,false,0.18426528573036194,0.09375,0.20020824670791626,19
indexer,4,-1,question,mass_rope,true,0.1731775552034378,0.09375,0.21463316679000854,19
indexer,4,-1,question,mass_nope,false,0.4307475984096527,0.25,0.5313477516174316,19
indexer,4,-1,question,mass_nope,true,0.5669775009155273,0.390625,0.6452355980873108,19
indexer,4,-1,question,mass_paper,false,0.45431602001190186,0.234375,0.5541911125183105,19
indexer,4,-1,question,mass_paper,true,0.5545625686645508,0.359375,0.6410446763038635,19
indexer,4,-1,question,mass_rope_paper,false,0.16528061032295227,0.078125,0.1726451814174652,19
indexer,4,-1,question,mass_rope_paper,true,0.1801612377166748,0.09375,0.18635116517543793,19
indexer,4,-1,question,mass_nope_paper,false,0.5582072138786316,0.40625,0.6339790225028992,19
indexer,4,-1,question,mass_nope_paper,true,0.615593671798706,0.484375,0.6736953258514404,19
indexer,4,-1,question,mean_score,false,0.33069267868995667,0.140625,0.4366406798362732,19
indexer,4,-1,question,mean_score,true,0.4064455032348633,0.265625,0.49721696972846985,19
indexer,4,-1,question,max_score,false,0.39083486795425415,0.234375,0.4683709144592285,19
indexer,4,-1,question,max_score,true,0.4216283857822418,0.265625,0.5039490461349487,19
native_selection,4,-1,question,top512_share,false,0.31246912479400635,0.125,0.413119375705719,19
indexer,4,-1,answer,mass,false,0.7701250314712524,0.671875,0.807823121547699,19
indexer,4,-1,answer,mass,true,0.7512049078941345,0.6875,0.7754414677619934,19
indexer,4,-1,answer,mass_rope,false,0.1930239200592041,0.0625,0.2293906807899475,19
indexer,4,-1,answer,mass_rope,true,0.17672550678253174,0.046875,0.21584665775299072,19
indexer,4,-1,answer,mass_nope,false,0.6902405023574829,0.5625,0.7437124848365784,19
indexer,4,-1,answer,mass_nope,true,0.7068487405776978,0.59375,0.7536131143569946,19
indexer,4,-1,answer,mass_paper,false,0.8014759421348572,0.734375,0.8314229249954224,19
indexer,4,-1,answer,mass_paper,true,0.6689627170562744,0.625,0.6780123710632324,19
indexer,4,-1,answer,mass_rope_paper,false,0.23230823874473572,0.09375,0.29300057888031006,19
indexer,4,-1,answer,mass_rope_paper,true,0.15325304865837097,0.0625,0.1719827800989151,19
indexer,4,-1,answer,mass_nope_paper,false,0.7336388826370239,0.640625,0.7799592018127441,19
indexer,4,-1,answer,mass_nope_paper,true,0.6061292290687561,0.515625,0.6412512063980103,19
indexer,4,-1,answer,mean_score,false,0.6725851893424988,0.546875,0.7334805130958557,19
indexer,4,-1,answer,mean_score,true,0.44626718759536743,0.3125,0.509174644947052,19
indexer,4,-1,answer,max_score,false,0.6999661922454834,0.59375,0.7500190138816833,19
indexer,4,-1,answer,max_score,true,0.543500542640686,0.390625,0.6224952340126038,19
native_selection,4,-1,answer,top512_share,false,0.545436441898346,0.375,0.6316190361976624,19
indexer,4,-1,both,mass,false,0.7317031025886536,0.625,0.783234179019928,19
indexer,4,-1,both,mass,true,0.6287847757339478,0.53125,0.6624686121940613,19
indexer,4,-1,both,mass_rope,false,0.19731730222702026,0.09375,0.225099116563797,19
indexer,4,-1,both,mass_rope,true,0.18313252925872803,0.09375,0.20933641493320465,19
indexer,4,-1,both,mass_nope,false,0.6264178156852722,0.484375,0.6817275881767273,19
indexer,4,-1,both,mass_nope,true,0.5704187750816345,0.4375,0.6146420240402222,19
indexer,4,-1,both,mass_paper,false,0.6955666542053223,0.53125,0.7527778148651123,19
indexer,4,-1,both,mass_paper,true,0.5330520272254944,0.421875,0.5699460506439209,19
indexer,4,-1,both,mass_rope_paper,false,0.16941261291503906,0.078125,0.1815604269504547,19
indexer,4,-1,both,mass_rope_paper,true,0.15301816165447235,0.0625,0.16486544907093048,19
indexer,4,-1,both,mass_nope_paper,false,0.7489275932312012,0.640625,0.7967491745948792,19
indexer,4,-1,both,mass_nope_paper,true,0.5966293811798096,0.5,0.6260316967964172,19
indexer,4,-1,both,mean_score,false,0.4557816982269287,0.25,0.5482416749000549,19
indexer,4,-1,both,mean_score,true,0.34499070048332214,0.203125,0.4209967255592346,19
indexer,4,-1,both,max_score,false,0.5644764304161072,0.421875,0.6378799676895142,19
indexer,4,-1,both,max_score,true,0.37056002020835876,0.1875,0.4535321593284607,19
native_selection,4,-1,both,top512_share,false,0.36601847410202026,0.140625,0.4698275327682495,19
indexer,5,-1,question,mass,false,0.46315276622772217,0.3125,0.5408844947814941,23
indexer,5,-1,question,mass,true,0.5741750001907349,0.4375,0.6521681547164917,23
indexer,5,-1,question,mass_rope,false,0.11957906931638718,0.0,0.14036981761455536,23
indexer,5,-1,question,mass_rope,true,0.20711219310760498,0.09375,0.24625785648822784,23
indexer,5,-1,question,mass_nope,false,0.39703765511512756,0.21875,0.4786854386329651,23
indexer,5,-1,question,mass_nope,true,0.5273407697677612,0.359375,0.6059072017669678,23
indexer,5,-1,question,mass_paper,false,0.5173245668411255,0.375,0.571006715297699,23
indexer,5,-1,question,mass_paper,true,0.517652153968811,0.375,0.5716914534568787,23
indexer,5,-1,question,mass_rope_paper,false,0.12639345228672028,0.046875,0.14922764897346497,23
indexer,5,-1,question,mass_rope_paper,true,0.16098937392234802,0.0625,0.20646090805530548,23
indexer,5,-1,question,mass_nope_paper,false,0.38555580377578735,0.21875,0.4770572781562805,23
indexer,5,-1,question,mass_nope_paper,true,0.3856319189071655,0.21875,0.4770572781562805,23
indexer,5,-1,question,mean_score,false,0.2881311774253845,0.09375,0.38704895973205566,23
indexer,5,-1,question,mean_score,true,0.4140692353248596,0.25,0.48714977502822876,23
indexer,5,-1,question,max_score,false,0.2818717658519745,0.109375,0.368646502494812,23
indexer,5,-1,question,max_score,true,0.34401074051856995,0.21875,0.40154528617858887,23
native_selection,5,-1,question,top512_share,false,0.2602657973766327,0.078125,0.36822065711021423,23
indexer,5,-1,answer,mass,false,0.7830935120582581,0.6875,0.8311085104942322,23
indexer,5,-1,answer,mass,true,0.7859562039375305,0.703125,0.8149932622909546,23
indexer,5,-1,answer,mass_rope,false,0.3229741156101227,0.203125,0.3852960169315338,23
indexer,5,-1,answer,mass_rope,true,0.35206177830696106,0.234375,0.40788376331329346,23
indexer,5,-1,answer,mass_nope,false,0.7329013347625732,0.625,0.7842527627944946,23
indexer,5,-1,answer,mass_nope,true,0.723380446434021,0.625,0.7629029750823975,23
indexer,5,-1,answer,mass_paper,false,0.808397114276886,0.71875,0.8383442163467407,23
indexer,5,-1,answer,mass_paper,true,0.6665910482406616,0.59375,0.6915155649185181,23
indexer,5,-1,answer,mass_rope_paper,false,0.3325776159763336,0.234375,0.36741191148757935,23
indexer,5,-1,answer,mass_rope_paper,true,0.263359397649765,0.171875,0.29168006777763367,23
indexer,5,-1,answer,mass_nope_paper,false,0.7719010710716248,0.65625,0.8100082278251648,23
indexer,5,-1,answer,mass_nope_paper,true,0.6841156482696533,0.625,0.7024555802345276,23
indexer,5,-1,answer,mean_score,false,0.6660569906234741,0.546875,0.7190510034561157,23
indexer,5,-1,answer,mean_score,true,0.5437978506088257,0.4375,0.5968988537788391,23
indexer,5,-1,answer,max_score,false,0.7174774408340454,0.625,0.7547102570533752,23
indexer,5,-1,answer,max_score,true,0.5094624161720276,0.375,0.5657473206520081,23
native_selection,5,-1,answer,top512_share,false,0.5451319813728333,0.375,0.626661479473114,23
indexer,5,-1,both,mass,false,0.7236188054084778,0.625,0.7719818353652954,23
indexer,5,-1,both,mass,true,0.500985860824585,0.375,0.5471999645233154,23
indexer,5,-1,both,mass_rope,false,0.19596944749355316,0.0625,0.2458723783493042,23
indexer,5,-1,both,mass_rope,true,0.22662466764450073,0.125,0.26635831594467163,23
indexer,5,-1,both,mass_nope,false,0.6150065064430237,0.453125,0.6904996037483215,23
indexer,5,-1,both,mass_nope,true,0.4874977767467499,0.359375,0.5268823504447937,23
indexer,5,-1,both,mass_paper,false,0.7861360311508179,0.703125,0.8208494186401367,23
indexer,5,-1,both,mass_paper,true,0.5174899101257324,0.421875,0.5499365329742432,23
indexer,5,-1,both,mass_rope_paper,false,0.22906556725502014,0.09375,0.2716279923915863,23
indexer,5,-1,both,mass_rope_paper,true,0.1535300612449646,0.03125,0.20964939892292023,23
indexer,5,-1,both,mass_nope_paper,false,0.6696340441703796,0.5,0.7382713556289673,23
indexer,5,-1,both,mass_nope_paper,true,0.4795476496219635,0.34375,0.5267391204833984,23
indexer,5,-1,both,mean_score,false,0.40358391404151917,0.1875,0.5037536025047302,23
indexer,5,-1,both,mean_score,true,0.3308926522731781,0.203125,0.39562463760375977,23
indexer,5,-1,both,max_score,false,0.43852341175079346,0.25,0.5293717384338379,23
indexer,5,-1,both,max_score,true,0.29515212774276733,0.171875,0.3393053710460663,23
native_selection,5,-1,both,top512_share,false,0.3363129794597626,0.125,0.4415082335472107,23
indexer,6,-1,question,mass,false,0.47565126419067383,0.3125,0.5556344985961914,27
indexer,6,-1,question,mass,true,0.6461545825004578,0.5,0.7097864151000977,27
indexer,6,-1,question,mass_rope,false,0.23825861513614655,0.125,0.2654724717140198,27
indexer,6,-1,question,mass_rope,true,0.39730459451675415,0.234375,0.47154590487480164,27
indexer,6,-1,question,mass_nope,false,0.3124085068702698,0.140625,0.39957934617996216,27
indexer,6,-1,question,mass_nope,true,0.5699487924575806,0.40625,0.6467508673667908,27
indexer,6,-1,question,mass_paper,false,0.5236893892288208,0.359375,0.6072154641151428,27
indexer,6,-1,question,mass_paper,true,0.5118280649185181,0.328125,0.5895591974258423,27
indexer,6,-1,question,mass_rope_paper,false,0.2645282745361328,0.171875,0.30871331691741943,27
indexer,6,-1,question,mass_rope_paper,true,0.28639039397239685,0.171875,0.3324219286441803,27
indexer,6,-1,question,mass_nope_paper,false,0.40806254744529724,0.25,0.4828656315803528,27
indexer,6,-1,question,mass_nope_paper,true,0.4686829447746277,0.328125,0.5379022359848022,27
indexer,6,-1,question,mean_score,false,0.3464397192001343,0.171875,0.43820756673812866,27
indexer,6,-1,question,mean_score,true,0.43002912402153015,0.234375,0.5176834464073181,27
indexer,6,-1,question,max_score,false,0.36928242444992065,0.1875,0.45780742168426514,27
indexer,6,-1,question,max_score,true,0.41821879148483276,0.28125,0.5024921298027039,27
native_selection,6,-1,question,top512_share,false,0.30314549803733826,0.109375,0.40446048974990845,27
indexer,6,-1,answer,mass,false,0.8341386318206787,0.765625,0.8652443885803223,27
indexer,6,-1,answer,mass,true,0.8210263252258301,0.734375,0.8527415990829468,27
indexer,6,-1,answer,mass_rope,false,0.29570356011390686,0.140625,0.36466628313064575,27
indexer,6,-1,answer,mass_rope,true,0.22760383784770966,0.125,0.254783570766449,27
indexer,6,-1,answer,mass_nope,false,0.733361542224884,0.625,0.78461754322052,27
indexer,6,-1,answer,mass_nope,true,0.7645468711853027,0.65625,0.8059000372886658,27
indexer,6,-1,answer,mass_paper,false,0.8853991031646729,0.859375,0.8905244469642639,27
indexer,6,-1,answer,mass_paper,true,0.7131302356719971,0.65625,0.7288764715194702,27
indexer,6,-1,answer,mass_rope_paper,false,0.32064366340637207,0.1875,0.3799457252025604,27
indexer,6,-1,answer,mass_rope_paper,true,0.14321856200695038,0.09375,0.14548586308956146,27
indexer,6,-1,answer,mass_nope_paper,false,0.7624436020851135,0.640625,0.8033706545829773,27
indexer,6,-1,answer,mass_nope_paper,true,0.6157145500183105,0.546875,0.6357972025871277,27
indexer,6,-1,answer,mean_score,false,0.7349016666412354,0.609375,0.781834602355957,27
indexer,6,-1,answer,mean_score,true,0.3835434913635254,0.21875,0.4624655842781067,27
indexer,6,-1,answer,max_score,false,0.8338497877120972,0.78125,0.8517398238182068,27
indexer,6,-1,answer,max_score,true,0.5221176147460938,0.375,0.6007623672485352,27
native_selection,6,-1,answer,top512_share,false,0.6052634716033936,0.40625,0.678935706615448,27
indexer,6,-1,both,mass,false,0.7437301874160767,0.625,0.7971314191818237,27
indexer,6,-1,both,mass,true,0.5791276097297668,0.46875,0.6190295219421387,27
indexer,6,-1,both,mass_rope,false,0.2469552457332611,0.125,0.30020684003829956,27
indexer,6,-1,both,mass_rope,true,0.2739217281341553,0.140625,0.31867295503616333,27
indexer,6,-1,both,mass_nope,false,0.5053278207778931,0.328125,0.5877366662025452,27
indexer,6,-1,both,mass_nope,true,0.5375166535377502,0.4375,0.5886997580528259,27
indexer,6,-1,both,mass_paper,false,0.7894617319107056,0.6875,0.8281391263008118,27
indexer,6,-1,both,mass_paper,true,0.525739312171936,0.40625,0.5618280172348022,27
indexer,6,-1,both,mass_rope_paper,false,0.26700931787490845,0.15625,0.31013256311416626,27
indexer,6,-1,both,mass_rope_paper,true,0.2424435317516327,0.15625,0.2707395553588867,27
indexer,6,-1,both,mass_nope_paper,false,0.5996332764625549,0.46875,0.6689752340316772,27
indexer,6,-1,both,mass_nope_paper,true,0.3655012249946594,0.265625,0.40953874588012695,27
indexer,6,-1,both,mean_score,false,0.4748474359512329,0.3125,0.5634225606918335,27
indexer,6,-1,both,mean_score,true,0.3061632812023163,0.15625,0.37974053621292114,27
indexer,6,-1,both,max_score,false,0.5705125331878662,0.40625,0.642892599105835,27
indexer,6,-1,both,max_score,true,0.3582439720630646,0.21875,0.43286263942718506,27
native_selection,6,-1,both,top512_share,false,0.37796300649642944,0.15625,0.47698238492012024,27
indexer,7,-1,question,mass,false,0.6604273915290833,0.53125,0.7292529344558716,31
indexer,7,-1,question,mass,true,0.7381724715232849,0.609375,0.7943565249443054,31
indexer,7,-1,question,mass_rope,false,0.3181239664554596,0.15625,0.3849981725215912,31
indexer,7,-1,question,mass_rope,true,0.3854377865791321,0.234375,0.44452643394470215,31
indexer,7,-1,question,mass_nope,false,0.47330912947654724,0.296875,0.5413520336151123,31
indexer,7,-1,question,mass_nope,true,0.6499522924423218,0.484375,0.727048933506012,31
indexer,7,-1,question,mass_paper,false,0.6458026170730591,0.5,0.7103676199913025,31
indexer,7,-1,question,mass_paper,true,0.647091269493103,0.5,0.7110523581504822,31
indexer,7,-1,question,mass_rope_paper,false,0.2561585307121277,0.140625,0.2943161725997925,31
indexer,7,-1,question,mass_rope_paper,true,0.3154061734676361,0.1875,0.3612724244594574,31
indexer,7,-1,question,mass_nope_paper,false,0.6026955246925354,0.4375,0.6692543029785156,31
indexer,7,-1,question,mass_nope_paper,true,0.6034142971038818,0.4375,0.6737709641456604,31
indexer,7,-1,question,mean_score,false,0.4871754050254822,0.328125,0.5686436891555786,31
indexer,7,-1,question,mean_score,true,0.567539632320404,0.421875,0.648422360420227,31
indexer,7,-1,question,max_score,false,0.5118131637573242,0.34375,0.5881386399269104,31
indexer,7,-1,question,max_score,true,0.5201724171638489,0.359375,0.6079319715499878,31
native_selection,7,-1,question,top512_share,false,0.4205484986305237,0.234375,0.5176650881767273,31
indexer,7,-1,answer,mass,false,0.8412269949913025,0.75,0.8718069791793823,31
indexer,7,-1,answer,mass,true,0.7928135991096497,0.6875,0.827662467956543,31
indexer,7,-1,answer,mass_rope,false,0.493605375289917,0.34375,0.5643497705459595,31
indexer,7,-1,answer,mass_rope,true,0.3009245693683624,0.203125,0.341122567653656,31
indexer,7,-1,answer,mass_nope,false,0.7814536690711975,0.671875,0.8256654739379883,31
indexer,7,-1,answer,mass_nope,true,0.7707231044769287,0.65625,0.8107448816299438,31
indexer,7,-1,answer,mass_paper,false,0.8407738208770752,0.765625,0.8753036856651306,31
indexer,7,-1,answer,mass_paper,true,0.7694365978240967,0.703125,0.7866747975349426,31
indexer,7,-1,answer,mass_rope_paper,false,0.3559057116508484,0.171875,0.4321519136428833,31
indexer,7,-1,answer,mass_rope_paper,true,0.2480393350124359,0.171875,0.2659273147583008,31
indexer,7,-1,answer,mass_nope_paper,false,0.8027175664901733,0.71875,0.8324506878852844,31
indexer,7,-1,answer,mass_nope_paper,true,0.7595484256744385,0.671875,0.7801026701927185,31
indexer,7,-1,answer,mean_score,false,0.7662642598152161,0.625,0.8154643177986145,31
indexer,7,-1,answer,mean_score,true,0.5817323923110962,0.4375,0.6646265983581543,31
indexer,7,-1,answer,max_score,false,0.7949838638305664,0.703125,0.8404021859169006,31
indexer,7,-1,answer,max_score,true,0.6022696495056152,0.4375,0.6673867702484131,31
native_selection,7,-1,answer,top512_share,false,0.6368849277496338,0.4375,0.7216994762420654,31
indexer,7,-1,both,mass,false,0.8046029210090637,0.6875,0.8448954820632935,31
indexer,7,-1,both,mass,true,0.6372271180152893,0.5,0.6937173008918762,31
indexer,7,-1,both,mass_rope,false,0.38884931802749634,0.21875,0.4605007469654083,31
indexer,7,-1,both,mass_rope,true,0.2617793679237366,0.125,0.31467658281326294,31
indexer,7,-1,both,mass_nope,false,0.6610041260719299,0.515625,0.7163695096969604,31
indexer,7,-1,both,mass_nope,true,0.610051691532135,0.453125,0.6756117939949036,31
indexer,7,-1,both,mass_paper,false,0.8038956522941589,0.703125,0.8433611989021301,31
indexer,7,-1,both,mass_paper,true,0.6127981543540955,0.53125,0.6387487649917603,31
indexer,7,-1,both,mass_rope_paper,false,0.29378944635391235,0.171875,0.3432392477989197,31
indexer,7,-1,both,mass_rope_paper,true,0.2727816700935364,0.140625,0.31287825107574463,31
indexer,7,-1,both,mass_nope_paper,false,0.7576476335525513,0.625,0.8001108169555664,31
indexer,7,-1,both,mass_nope_paper,true,0.5904438495635986,0.46875,0.6259108781814575,31
indexer,7,-1,both,mean_score,false,0.6220030784606934,0.46875,0.6959075331687927,31
indexer,7,-1,both,mean_score,true,0.5107644200325012,0.390625,0.5790523886680603,31
indexer,7,-1,both,max_score,false,0.6594246029853821,0.484375,0.7306175231933594,31
indexer,7,-1,both,max_score,true,0.45876365900039673,0.296875,0.5397685170173645,31
native_selection,7,-1,both,top512_share,false,0.5125505328178406,0.3125,0.6032665371894836,31
indexer,8,-1,question,mass,false,0.5816894769668579,0.40625,0.6567657589912415,35
indexer,8,-1,question,mass,true,0.6733843088150024,0.515625,0.7406516671180725,35
indexer,8,-1,question,mass_rope,false,0.28242751955986023,0.171875,0.31352657079696655,35
indexer,8,-1,question,mass_rope,true,0.3274727463722229,0.203125,0.3522285223007202,35
indexer,8,-1,question,mass_nope,false,0.4060516059398651,0.21875,0.49985718727111816,35
indexer,8,-1,question,mass_nope,true,0.6080033183097839,0.4375,0.689696729183197,35
indexer,8,-1,question,mass_paper,false,0.5318622589111328,0.328125,0.6240108013153076,35
indexer,8,-1,question,mass_paper,true,0.5335429310798645,0.328125,0.6253613233566284,35
indexer,8,-1,question,mass_rope_paper,false,0.30904650688171387,0.203125,0.3248445689678192,35
indexer,8,-1,question,mass_rope_paper,true,0.27705657482147217,0.15625,0.31282317638397217,35
indexer,8,-1,question,mass_nope_paper,false,0.47337090969085693,0.28125,0.5570165514945984,35
indexer,8,-1,question,mass_nope_paper,true,0.47427335381507874,0.28125,0.5570165514945984,35
indexer,8,-1,question,mean_score,false,0.44424188137054443,0.234375,0.534060001373291,35
indexer,8,-1,question,mean_score,true,0.5873958468437195,0.40625,0.660335898399353,35
indexer,8,-1,question,max_score,false,0.4546026885509491,0.265625,0.5459645390510559,35
indexer,8,-1,question,max_score,true,0.5502405762672424,0.40625,0.6269086599349976,35
native_selection,8,-1,question,top512_share,false,0.39542242884635925,0.1875,0.4911564588546753,35
indexer,8,-1,answer,mass,false,0.8661535382270813,0.796875,0.8948415517807007,35
indexer,8,-1,answer,mass,true,0.7266358137130737,0.625,0.7687234282493591,35
indexer,8,-1,answer,mass_rope,false,0.4791528284549713,0.34375,0.5334533452987671,35
indexer,8,-1,answer,mass_rope,true,0.26439547538757324,0.15625,0.292577862739563,35
indexer,8,-1,answer,mass_nope,false,0.7882378697395325,0.6875,0.8354912996292114,35
indexer,8,-1,answer,mass_nope,true,0.7467344999313354,0.625,0.7878321409225464,35
indexer,8,-1,answer,mass_paper,false,0.9033144116401672,0.859375,0.9184319376945496,35
indexer,8,-1,answer,mass_paper,true,0.6049807071685791,0.53125,0.6257948875427246,35
indexer,8,-1,answer,mass_rope_paper,false,0.40071725845336914,0.25,0.4574109613895416,35
indexer,8,-1,answer,mass_rope_paper,true,0.21730060875415802,0.140625,0.23447450995445251,35
indexer,8,-1,answer,mass_nope_paper,false,0.8182711601257324,0.71875,0.8542020916938782,35
indexer,8,-1,answer,mass_nope_paper,true,0.7199272513389587,0.65625,0.739473819732666,35
indexer,8,-1,answer,mean_score,false,0.7736978530883789,0.6875,0.8187786936759949,35
indexer,8,-1,answer,mean_score,true,0.5011774301528931,0.34375,0.5632388591766357,35
indexer,8,-1,answer,max_score,false,0.8715773820877075,0.796875,0.8949665427207947,35
indexer,8,-1,answer,max_score,true,0.6150626540184021,0.484375,0.6633765697479248,35
native_selection,8,-1,answer,top512_share,false,0.7032734751701355,0.5625,0.7614164352416992,35
indexer,8,-1,both,mass,false,0.7865740656852722,0.6875,0.8307632207870483,35
indexer,8,-1,both,mass,true,0.588271975517273,0.46875,0.6312508583068848,35
indexer,8,-1,both,mass_rope,false,0.36183568835258484,0.234375,0.41759270429611206,35
indexer,8,-1,both,mass_rope,true,0.20226898789405823,0.09375,0.2395494431257248,35
indexer,8,-1,both,mass_nope,false,0.6640263199806213,0.546875,0.7262076139450073,35
indexer,8,-1,both,mass_nope,true,0.6127128601074219,0.484375,0.6704807877540588,35
indexer,8,-1,both,mass_paper,false,0.8082491159439087,0.71875,0.841552734375,35
indexer,8,-1,both,mass_paper,true,0.39586177468299866,0.3125,0.4186551868915558,35
indexer,8,-1,both,mass_rope_paper,false,0.31229889392852783,0.1875,0.3299606740474701,35
indexer,8,-1,both,mass_rope_paper,true,0.25814342498779297,0.15625,0.2937634587287903,35
indexer,8,-1,both,mass_nope_paper,false,0.734220564365387,0.625,0.7802331447601318,35
indexer,8,-1,both,mass_nope_paper,true,0.4847258925437927,0.40625,0.5117130279541016,35
indexer,8,-1,both,mean_score,false,0.5953365564346313,0.40625,0.675812304019928,35
indexer,8,-1,both,mean_score,true,0.4641702175140381,0.3125,0.5411996841430664,35
indexer,8,-1,both,max_score,false,0.6694514751434326,0.53125,0.7325714230537415,35
indexer,8,-1,both,max_score,true,0.4838794469833374,0.359375,0.5357900857925415,35
native_selection,8,-1,both,top512_share,false,0.48350629210472107,0.234375,0.5825828313827515,35
indexer,9,-1,question,mass,false,0.46557188034057617,0.28125,0.5494166612625122,39
indexer,9,-1,question,mass,true,0.5825889706611633,0.390625,0.6621452569961548,39
indexer,9,-1,question,mass_rope,false,0.18351386487483978,0.046875,0.23944979906082153,39
indexer,9,-1,question,mass_rope,true,0.24492333829402924,0.09375,0.3050214946269989,39
indexer,9,-1,question,mass_nope,false,0.3019666373729706,0.15625,0.39002007246017456,39
indexer,9,-1,question,mass_nope,true,0.5059287548065186,0.328125,0.5887765884399414,39
indexer,9,-1,question,mass_paper,false,0.4529413878917694,0.265625,0.5360735058784485,39
indexer,9,-1,question,mass_paper,true,0.4498309791088104,0.265625,0.5294504761695862,39
indexer,9,-1,question,mass_rope_paper,false,0.18417169153690338,0.078125,0.22165226936340332,39
indexer,9,-1,question,mass_rope_paper,true,0.1851232796907425,0.078125,0.23348763585090637,39
indexer,9,-1,question,mass_nope_paper,false,0.3534836173057556,0.21875,0.41471177339553833,39
indexer,9,-1,question,mass_nope_paper,true,0.35616427659988403,0.21875,0.4259646534919739,39
indexer,9,-1,question,mean_score,false,0.36763525009155273,0.203125,0.4507841467857361,39
indexer,9,-1,question,mean_score,true,0.43918755650520325,0.25,0.5242825150489807,39
indexer,9,-1,question,max_score,false,0.3130282759666443,0.109375,0.41618308424949646,39
indexer,9,-1,question,max_score,true,0.4505407512187958,0.28125,0.5280327200889587,39
native_selection,9,-1,question,top512_share,false,0.3613913357257843,0.203125,0.43638306856155396,39
indexer,9,-1,answer,mass,false,0.8902420401573181,0.828125,0.9086663722991943,39
indexer,9,-1,answer,mass,true,0.7808275818824768,0.703125,0.8025453686714172,39
indexer,9,-1,answer,mass_rope,false,0.424509733915329,0.296875,0.4699026942253113,39
indexer,9,-1,answer,mass_rope,true,0.35871317982673645,0.21875,0.40122026205062866,39
indexer,9,-1,answer,mass_nope,false,0.7686709761619568,0.625,0.8182517290115356,39
indexer,9,-1,answer,mass_nope,true,0.6883726119995117,0.546875,0.7376431226730347,39
indexer,9,-1,answer,mass_paper,false,0.9028371572494507,0.84375,0.9185246229171753,39
indexer,9,-1,answer,mass_paper,true,0.7337533831596375,0.671875,0.7466496825218201,39
indexer,9,-1,answer,mass_rope_paper,false,0.418501615524292,0.265625,0.4712645411491394,39
indexer,9,-1,answer,mass_rope_paper,true,0.3280709981918335,0.21875,0.357340544462204,39
indexer,9,-1,answer,mass_nope_paper,false,0.7951818108558655,0.6875,0.8330682516098022,39
indexer,9,-1,answer,mass_nope_paper,true,0.6369243860244751,0.546875,0.661116361618042,39
indexer,9,-1,answer,mean_score,false,0.8044576644897461,0.71875,0.8382333517074585,39
indexer,9,-1,answer,mean_score,true,0.5764808654785156,0.4375,0.6430521011352539,39
indexer,9,-1,answer,max_score,false,0.9289805889129639,0.890625,0.9378706216812134,39
indexer,9,-1,answer,max_score,true,0.6704878211021423,0.5625,0.7049870491027832,39
native_selection,9,-1,answer,top512_share,false,0.767587423324585,0.671875,0.8054841756820679,39
indexer,9,-1,both,mass,false,0.7763731479644775,0.671875,0.818352460861206,39
indexer,9,-1,both,mass,true,0.5111011862754822,0.40625,0.5489029288291931,39
indexer,9,-1,both,mass_rope,false,0.28922906517982483,0.15625,0.3543930947780609,39
indexer,9,-1,both,mass_rope,true,0.22477668523788452,0.09375,0.2701507806777954,39
indexer,9,-1,both,mass_nope,false,0.5810520052909851,0.4375,0.6549546718597412,39
indexer,9,-1,both,mass_nope,true,0.4827089011669159,0.375,0.5333842635154724,39
indexer,9,-1,both,mass_paper,false,0.857501208782196,0.796875,0.883962869644165,39
indexer,9,-1,both,mass_paper,true,0.4916480481624603,0.421875,0.5078955888748169,39
indexer,9,-1,both,mass_rope_paper,false,0.29579177498817444,0.15625,0.3490200936794281,39
indexer,9,-1,both,mass_rope_paper,true,0.2058027684688568,0.109375,0.2366451770067215,39
indexer,9,-1,both,mass_nope_paper,false,0.6949489712715149,0.59375,0.747170090675354,39
indexer,9,-1,both,mass_nope_paper,true,0.4647234380245209,0.390625,0.4973061680793762,39
indexer,9,-1,both,mean_score,false,0.567101001739502,0.390625,0.6407404541969299,39
indexer,9,-1,both,mean_score,true,0.41741836071014404,0.28125,0.4671165645122528,39
indexer,9,-1,both,max_score,false,0.6109012961387634,0.453125,0.6788879632949829,39
indexer,9,-1,both,max_score,true,0.36345043778419495,0.21875,0.43078452348709106,39
native_selection,9,-1,both,top512_share,false,0.44642964005470276,0.234375,0.5477390885353088,39
indexer,10,-1,question,mass,false,0.351295530796051,0.15625,0.4517582058906555,43
indexer,10,-1,question,mass,true,0.5452114343643188,0.375,0.6199654936790466,43
indexer,10,-1,question,mass_rope,false,0.15121544897556305,0.046875,0.17231428623199463,43
indexer,10,-1,question,mass_rope,true,0.22287403047084808,0.125,0.23579059541225433,43
indexer,10,-1,question,mass_nope,false,0.20973269641399384,0.0625,0.26273906230926514,43
indexer,10,-1,question,mass_nope,true,0.4082423448562622,0.21875,0.49598369002342224,43
indexer,10,-1,question,mass_paper,false,0.4226909875869751,0.265625,0.48084893822669983,43
indexer,10,-1,question,mass_paper,true,0.42366456985473633,0.265625,0.4925287663936615,43
indexer,10,-1,question,mass_rope_paper,false,0.13454531133174896,0.046875,0.1389470398426056,43
indexer,10,-1,question,mass_rope_paper,true,0.15298713743686676,0.0625,0.1838098019361496,43
indexer,10,-1,question,mass_nope_paper,false,0.30120375752449036,0.171875,0.36087989807128906,43
indexer,10,-1,question,mass_nope_paper,true,0.31093478202819824,0.171875,0.3787958323955536,43
indexer,10,-1,question,mean_score,false,0.28553080558776855,0.125,0.3665827810764313,43
indexer,10,-1,question,mean_score,true,0.4235014319419861,0.265625,0.48929211497306824,43
indexer,10,-1,question,max_score,false,0.24796360731124878,0.0625,0.32921940088272095,43
indexer,10,-1,question,max_score,true,0.3485301733016968,0.234375,0.3894633948802948,43
native_selection,10,-1,question,top512_share,false,0.2782535254955292,0.109375,0.369009405374527,43
indexer,10,-1,answer,mass,false,0.873914897441864,0.796875,0.9009789228439331,43
indexer,10,-1,answer,mass,true,0.7557403445243835,0.671875,0.7833648920059204,43
indexer,10,-1,answer,mass_rope,false,0.32562345266342163,0.171875,0.40258726477622986,43
indexer,10,-1,answer,mass_rope,true,0.2938199043273926,0.171875,0.3286058306694031,43
indexer,10,-1,answer,mass_nope,false,0.7327002286911011,0.578125,0.78636634349823,43
indexer,10,-1,answer,mass_nope,true,0.7175658941268921,0.609375,0.7659705877304077,43
indexer,10,-1,answer,mass_paper,false,0.8856456279754639,0.828125,0.9096626043319702,43
indexer,10,-1,answer,mass_paper,true,0.558595597743988,0.515625,0.5663905739784241,43
indexer,10,-1,answer,mass_rope_paper,false,0.31979626417160034,0.1875,0.3711520731449127,43
indexer,10,-1,answer,mass_rope_paper,true,0.2525867819786072,0.15625,0.28777146339416504,43
indexer,10,-1,answer,mass_nope_paper,false,0.7761015892028809,0.6875,0.8214032649993896,43
indexer,10,-1,answer,mass_nope_paper,true,0.42244696617126465,0.359375,0.4348185062408447,43
indexer,10,-1,answer,mean_score,false,0.7628441452980042,0.65625,0.8112053871154785,43
indexer,10,-1,answer,mean_score,true,0.5819039940834045,0.453125,0.6430897116661072,43
indexer,10,-1,answer,max_score,false,0.8978548049926758,0.84375,0.9143126010894775,43
indexer,10,-1,answer,max_score,true,0.5794110298156738,0.453125,0.6358303427696228,43
native_selection,10,-1,answer,top512_share,false,0.6864659786224365,0.53125,0.748742938041687,43
indexer,10,-1,both,mass,false,0.7017791867256165,0.578125,0.7613512277603149,43
indexer,10,-1,both,mass,true,0.4316639304161072,0.34375,0.4462123215198517,43
indexer,10,-1,both,mass_rope,false,0.20840929448604584,0.09375,0.2349673956632614,43
indexer,10,-1,both,mass_rope,true,0.16772380471229553,0.078125,0.18750767409801483,43
indexer,10,-1,both,mass_nope,false,0.4225910007953644,0.203125,0.5339434146881104,43
indexer,10,-1,both,mass_nope,true,0.40156692266464233,0.28125,0.44018903374671936,43
indexer,10,-1,both,mass_paper,false,0.8240096569061279,0.75,0.8621340990066528,43
indexer,10,-1,both,mass_paper,true,0.3607543408870697,0.328125,0.36794912815093994,43
indexer,10,-1,both,mass_rope_paper,false,0.22295796871185303,0.09375,0.26640477776527405,43
indexer,10,-1,both,mass_rope_paper,true,0.15309461951255798,0.0625,0.19063661992549896,43
indexer,10,-1,both,mass_nope_paper,false,0.6487090587615967,0.53125,0.7055395245552063,43
indexer,10,-1,both,mass_nope_paper,true,0.31202736496925354,0.25,0.3294464647769928,43
indexer,10,-1,both,mean_score,false,0.40707850456237793,0.203125,0.5145350694656372,43
indexer,10,-1,both,mean_score,true,0.353414386510849,0.203125,0.4146425724029541,43
indexer,10,-1,both,max_score,false,0.48381683230400085,0.265625,0.5905151963233948,43
indexer,10,-1,both,max_score,true,0.2379404902458191,0.125,0.25892874598503113,43
native_selection,10,-1,both,top512_share,false,0.3609435260295868,0.15625,0.47711455821990967,43
indexer,11,-1,question,mass,false,0.3172290027141571,0.125,0.4257410168647766,47
indexer,11,-1,question,mass,true,0.4842590093612671,0.3125,0.5805546641349792,47
indexer,11,-1,question,mass_rope,false,0.1427575945854187,0.078125,0.15168102085590363,47
indexer,11,-1,question,mass_rope,true,0.18608590960502625,0.0625,0.22178277373313904,47
indexer,11,-1,question,mass_nope,false,0.21901902556419373,0.0625,0.3062090277671814,47
indexer,11,-1,question,mass_nope,true,0.4153338074684143,0.25,0.4977867007255554,47
indexer,11,-1,question,mass_paper,false,0.3117881417274475,0.171875,0.3921167850494385,47
indexer,11,-1,question,mass_paper,true,0.31715285778045654,0.171875,0.40119799971580505,47
indexer,11,-1,question,mass_rope_paper,false,0.08642932772636414,0.015625,0.09740548580884933,47
indexer,11,-1,question,mass_rope_paper,true,0.1034092903137207,0.015625,0.1388717144727707,47
indexer,11,-1,question,mass_nope_paper,false,0.1836116909980774,0.0625,0.22550764679908752,47
indexer,11,-1,question,mass_nope_paper,true,0.22471773624420166,0.09375,0.29390597343444824,47
indexer,11,-1,question,mean_score,false,0.26777365803718567,0.078125,0.3664368689060211,47
indexer,11,-1,question,mean_score,true,0.3521682918071747,0.15625,0.42727774381637573,47
indexer,11,-1,question,max_score,false,0.28875815868377686,0.125,0.3823583722114563,47
indexer,11,-1,question,max_score,true,0.37581631541252136,0.203125,0.4529269337654114,47
native_selection,11,-1,question,top512_share,false,0.25891363620758057,0.0625,0.350385844707489,47
indexer,11,-1,answer,mass,false,0.8153961896896362,0.703125,0.8522031903266907,47
indexer,11,-1,answer,mass,true,0.7294386625289917,0.640625,0.7552237510681152,47
indexer,11,-1,answer,mass_rope,false,0.3292282521724701,0.1875,0.38503897190093994,47
indexer,11,-1,answer,mass_rope,true,0.37600767612457275,0.234375,0.4439314007759094,47
indexer,11,-1,answer,mass_nope,false,0.6640685796737671,0.46875,0.7299219369888306,47
indexer,11,-1,answer,mass_nope,true,0.7069352269172668,0.5625,0.7512891888618469,47
indexer,11,-1,answer,mass_paper,false,0.8247446417808533,0.71875,0.8509063720703125,47
indexer,11,-1,answer,mass_paper,true,0.58115553855896,0.53125,0.5980900526046753,47
indexer,11,-1,answer,mass_rope_paper,false,0.4057942032814026,0.25,0.4664308428764343,47
indexer,11,-1,answer,mass_rope_paper,true,0.2883699834346771,0.234375,0.29916298389434814,47
indexer,11,-1,answer,mass_nope_paper,false,0.7200090885162354,0.546875,0.7727535367012024,47
indexer,11,-1,answer,mass_nope_paper,true,0.5433424711227417,0.4375,0.5712910294532776,47
indexer,11,-1,answer,mean_score,false,0.670377790927887,0.546875,0.7265077829360962,47
indexer,11,-1,answer,mean_score,true,0.5742843747138977,0.4375,0.6234852075576782,47
indexer,11,-1,answer,max_score,false,0.8164576292037964,0.703125,0.8448617458343506,47
indexer,11,-1,answer,max_score,true,0.6368755102157593,0.515625,0.6932775974273682,47
native_selection,11,-1,answer,top512_share,false,0.5979301929473877,0.4375,0.6671757698059082,47
indexer,11,-1,both,mass,false,0.6122829914093018,0.421875,0.6986020803451538,47
indexer,11,-1,both,mass,true,0.3971569538116455,0.28125,0.4306091070175171,47
indexer,11,-1,both,mass_rope,false,0.17233498394489288,0.078125,0.19313150644302368,47
indexer,11,-1,both,mass_rope,true,0.1889129877090454,0.078125,0.23672491312026978,47
indexer,11,-1,both,mass_nope,false,0.36283430457115173,0.140625,0.48793622851371765,47
indexer,11,-1,both,mass_nope,true,0.41821548342704773,0.296875,0.4782337546348572,47
indexer,11,-1,both,mass_paper,false,0.6943798065185547,0.5625,0.7515213489532471,47
indexer,11,-1,both,mass_paper,true,0.3920002579689026,0.28125,0.42672547698020935,47
indexer,11,-1,both,mass_rope_paper,false,0.1912153661251068,0.09375,0.23747518658638,47
indexer,11,-1,both,mass_rope_paper,true,0.14756248891353607,0.0625,0.1954009085893631,47
indexer,11,-1,both,mass_nope_paper,false,0.46790340542793274,0.28125,0.5423163175582886,47
indexer,11,-1,both,mass_nope_paper,true,0.3491819202899933,0.21875,0.3952603340148926,47
indexer,11,-1,both,mean_score,false,0.3696283996105194,0.140625,0.47768932580947876,47
indexer,11,-1,both,mean_score,true,0.33864453434944153,0.21875,0.38794517517089844,47
indexer,11,-1,both,max_score,false,0.5016772150993347,0.28125,0.6041505932807922,47
indexer,11,-1,both,max_score,true,0.28889068961143494,0.171875,0.3167582154273987,47
native_selection,11,-1,both,top512_share,false,0.31632548570632935,0.0625,0.4310459792613983,47
indexer_layer_mean,-1,-1,question,mass,false,0.3956654667854309,0.171875,0.5178377628326416,-1
indexer_layer_mean,-1,-1,question,mass_paper,false,0.5155335068702698,0.328125,0.606007993221283,-1
indexer_layer_mean,-1,-1,question,mass,true,0.6163864731788635,0.453125,0.6921412944793701,-1
indexer_layer_mean,-1,-1,question,mass_paper,true,0.545463502407074,0.375,0.6252809762954712,-1
indexer_layer_mean,-1,-1,answer,mass,false,0.8450064659118652,0.765625,0.8789909482002258,-1
indexer_layer_mean,-1,-1,answer,mass_paper,false,0.9033203125,0.859375,0.9184318780899048,-1
indexer_layer_mean,-1,-1,answer,mass,true,0.8325543999671936,0.734375,0.8666445016860962,-1
indexer_layer_mean,-1,-1,answer,mass_paper,true,0.7454624176025391,0.671875,0.7643204927444458,-1
indexer_layer_mean,-1,-1,both,mass,false,0.6765075325965881,0.515625,0.7471855878829956,-1
indexer_layer_mean,-1,-1,both,mass_paper,false,0.8349446654319763,0.75,0.8671234250068665,-1
indexer_layer_mean,-1,-1,both,mass,true,0.5115921497344971,0.375,0.5565345287322998,-1
indexer_layer_mean,-1,-1,both,mass_paper,true,0.41181430220603943,0.3125,0.45032888650894165,-1
dense_head,0,0,question,mass,false,0.074461430311203,0.0,0.07735148072242737,3
dense_head,0,1,question,mass,false,0.09945885837078094,0.015625,0.09245400875806808,3
dense_head,0,2,question,mass,false,0.07367882132530212,0.015625,0.073798269033432,3
dense_head,0,3,question,mass,false,0.07491736114025116,0.015625,0.07036872208118439,3
dense_head,0,4,question,mass,false,0.09490229189395905,0.015625,0.10813485831022263,3
dense_head,0,5,question,mass,false,0.10873042047023773,0.03125,0.1096445620059967,3
dense_head,0,6,question,mass,false,0.15266813337802887,0.0625,0.1792990118265152,3
dense_head,0,7,question,mass,false,0.05743539705872536,0.015625,0.04570167884230614,3
dense_head,0,8,question,mass,false,0.08129039406776428,0.015625,0.08076050132513046,3
dense_head,0,9,question,mass,false,0.13174568116664886,0.03125,0.16061079502105713,3
dense_head,0,10,question,mass,false,0.05894681066274643,0.015625,0.0449383482336998,3
dense_head,0,11,question,mass,false,0.051095373928546906,0.015625,0.032079294323921204,3
dense_head,0,12,question,mass,false,0.07034965604543686,0.015625,0.07423511892557144,3
dense_head,0,13,question,mass,false,0.0678263008594513,0.015625,0.05771898850798607,3
dense_head,0,14,question,mass,false,0.07253576815128326,0.015625,0.06914739310741425,3
dense_head,0,15,question,mass,false,0.09026078134775162,0.015625,0.08642542362213135,3
dense_head,0,16,question,mass,false,0.09695255756378174,0.03125,0.1019916757941246,3
dense_head,0,17,question,mass,false,0.06727328151464462,0.015625,0.046772610396146774,3
dense_head,0,18,question,mass,false,0.060545917600393295,0.015625,0.04877344146370888,3
dense_head,0,19,question,mass,false,0.06783252209424973,0.015625,0.06022454425692558,3
dense_head,0,20,question,mass,false,0.14256739616394043,0.03125,0.19290709495544434,3
dense_head,0,21,question,mass,false,0.10280345380306244,0.015625,0.09951762109994888,3
dense_head,0,22,question,mass,false,0.14654548466205597,0.046875,0.1691780537366867,3
dense_head,0,23,question,mass,false,0.08253224939107895,0.015625,0.09124581515789032,3
dense_head,1,0,question,mass,false,0.18543148040771484,0.09375,0.20142993330955505,7
dense_head,1,1,question,mass,false,0.17987112700939178,0.0625,0.22840063273906708,7
dense_head,1,2,question,mass,false,0.1841813176870346,0.0625,0.2339826375246048,7
dense_head,1,3,question,mass,false,0.20523600280284882,0.078125,0.2556701600551605,7
dense_head,1,4,question,mass,false,0.1810055375099182,0.078125,0.21678589284420013,7
dense_head,1,5,question,mass,false,0.27609342336654663,0.125,0.3563094735145569,7
dense_head,1,6,question,mass,false,0.21158459782600403,0.0625,0.27697882056236267,7
dense_head,1,7,question,mass,false,0.13381129503250122,0.046875,0.14061395823955536,7
dense_head,1,8,question,mass,false,0.11504806578159332,0.046875,0.10983458906412125,7
dense_head,1,9,question,mass,false,0.13617517054080963,0.015625,0.16846174001693726,7
dense_head,1,10,question,mass,false,0.2500462234020233,0.09375,0.3158668279647827,7
dense_head,1,11,question,mass,false,0.12427051365375519,0.015625,0.17723873257637024,7
dense_head,1,12,question,mass,false,0.1284695714712143,0.015625,0.17257800698280334,7
dense_head,1,13,question,mass,false,0.11128406226634979,0.015625,0.14468207955360413,7
dense_head,1,14,question,mass,false,0.16075335443019867,0.015625,0.2116471379995346,7
dense_head,1,15,question,mass,false,0.11732788383960724,0.015625,0.1352214813232422,7
dense_head,1,16,question,mass,false,0.09843286126852036,0.03125,0.11930175125598907,7
dense_head,1,17,question,mass,false,0.19763503968715668,0.015625,0.28186747431755066,7
dense_head,1,18,question,mass,false,0.11761240661144257,0.015625,0.15250518918037415,7
dense_head,1,19,question,mass,false,0.16793140769004822,0.015625,0.23142102360725403,7
dense_head,1,20,question,mass,false,0.20892693102359772,0.03125,0.2758331298828125,7
dense_head,1,21,question,mass,false,0.24281224608421326,0.09375,0.31729015707969666,7
dense_head,1,22,question,mass,false,0.13088534772396088,0.03125,0.1440807431936264,7
dense_head,1,23,question,mass,false,0.1278591752052307,0.015625,0.17240256071090698,7
dense_head,2,0,question,mass,false,0.31516385078430176,0.140625,0.39706701040267944,11
dense_head,2,1,question,mass,false,0.1816997230052948,0.046875,0.25704577565193176,11
dense_head,2,2,question,mass,false,0.32163262367248535,0.140625,0.4189666211605072,11
dense_head,2,3,question,mass,false,0.3596355617046356,0.171875,0.43562501668930054,11
dense_head,2,4,question,mass,false,0.1368839144706726,0.015625,0.19030481576919556,11
dense_head,2,5,question,mass,false,0.2962387204170227,0.109375,0.39075717329978943,11
dense_head,2,6,question,mass,false,0.16683048009872437,0.03125,0.22795282304286957,11
dense_head,2,7,question,mass,false,0.17244566977024078,0.015625,0.26644712686538696,11
dense_head,2,8,question,mass,false,0.26045215129852295,0.109375,0.33338528871536255,11
dense_head,2,9,question,mass,false,0.231135755777359,0.09375,0.2916620969772339,11
dense_head,2,10,question,mass,false,0.14025601744651794,0.03125,0.17804768681526184,11
dense_head,2,11,question,mass,false,0.19832828640937805,0.046875,0.2656649351119995,11
dense_head,2,12,question,mass,false,0.217532217502594,0.03125,0.29225611686706543,11
dense_head,2,13,question,mass,false,0.12773442268371582,0.015625,0.1674990952014923,11
dense_head,2,14,question,mass,false,0.23927760124206543,0.125,0.28432178497314453,11
dense_head,2,15,question,mass,false,0.11841242760419846,0.015625,0.15007391571998596,11
dense_head,2,16,question,mass,false,0.18617823719978333,0.03125,0.2736407518386841,11
dense_head,2,17,question,mass,false,0.09900814294815063,0.015625,0.12702515721321106,11
dense_head,2,18,question,mass,false,0.28820666670799255,0.09375,0.3819522559642792,11
dense_head,2,19,question,mass,false,0.3599258363246918,0.203125,0.42738208174705505,11
dense_head,2,20,question,mass,false,0.16685408353805542,0.03125,0.22051362693309784,11
dense_head,2,21,question,mass,false,0.08842117339372635,0.015625,0.0997975692152977,11
dense_head,2,22,question,mass,false,0.09127190709114075,0.015625,0.10652592778205872,11
dense_head,2,23,question,mass,false,0.2663256824016571,0.0625,0.3699330687522888,11
dense_head,3,0,question,mass,false,0.24544557929039001,0.09375,0.3224720060825348,15
dense_head,3,1,question,mass,false,0.23851142823696136,0.046875,0.33169278502464294,15
dense_head,3,2,question,mass,false,0.38027918338775635,0.171875,0.47135159373283386,15
dense_head,3,3,question,mass,false,0.4361034035682678,0.234375,0.5311223268508911,15
dense_head,3,4,question,mass,false,0.3405727744102478,0.171875,0.42700380086898804,15
dense_head,3,5,question,mass,false,0.39077168703079224,0.234375,0.46744921803474426,15
dense_head,3,6,question,mass,false,0.24638065695762634,0.03125,0.35745787620544434,15
dense_head,3,7,question,mass,false,0.5002632737159729,0.34375,0.5573585033416748,15
dense_head,3,8,question,mass,false,0.24972447752952576,0.109375,0.33059558272361755,15
dense_head,3,9,question,mass,false,0.48624157905578613,0.296875,0.5541317462921143,15
dense_head,3,10,question,mass,false,0.2662736773490906,0.078125,0.3742388188838959,15
dense_head,3,11,question,mass,false,0.43860650062561035,0.296875,0.49997445940971375,15
dense_head,3,12,question,mass,false,0.5015664100646973,0.296875,0.5876964926719666,15
dense_head,3,13,question,mass,false,0.24435777962207794,0.0625,0.3531986474990845,15
dense_head,3,14,question,mass,false,0.39100492000579834,0.1875,0.49099448323249817,15
dense_head,3,15,question,mass,false,0.41247278451919556,0.203125,0.5250678062438965,15
dense_head,3,16,question,mass,false,0.5082512497901917,0.328125,0.5911712050437927,15
dense_head,3,17,question,mass,false,0.26034191250801086,0.078125,0.3339710533618927,15
dense_head,3,18,question,mass,false,0.24881699681282043,0.078125,0.32879340648651123,15
dense_head,3,19,question,mass,false,0.19918881356716156,0.078125,0.2579887807369232,15
dense_head,3,20,question,mass,false,0.39490604400634766,0.21875,0.472279816865921,15
dense_head,3,21,question,mass,false,0.229460209608078,0.0625,0.3187812268733978,15
dense_head,3,22,question,mass,false,0.21820667386054993,0.078125,0.3028305172920227,15
dense_head,3,23,question,mass,false,0.30416303873062134,0.15625,0.3851589262485504,15
dense_head,4,0,question,mass,false,0.12864390015602112,0.015625,0.16393549740314484,19
dense_head,4,1,question,mass,false,0.4497918486595154,0.25,0.5446849465370178,19
dense_head,4,2,question,mass,false,0.5620429515838623,0.40625,0.6407986283302307,19
dense_head,4,3,question,mass,false,0.33714398741722107,0.109375,0.42595189809799194,19
dense_head,4,4,question,mass,false,0.4159581661224365,0.234375,0.49119308590888977,19
dense_head,4,5,question,mass,false,0.4752086400985718,0.296875,0.5648409724235535,19
dense_head,4,6,question,mass,false,0.5412096381187439,0.359375,0.6248964071273804,19
dense_head,4,7,question,mass,false,0.3862500786781311,0.1875,0.4782777726650238,19
dense_head,4,8,question,mass,false,0.3568348288536072,0.15625,0.4578605592250824,19
dense_head,4,9,question,mass,false,0.2037709355354309,0.078125,0.26862841844558716,19
dense_head,4,10,question,mass,false,0.44679921865463257,0.28125,0.5338253974914551,19
dense_head,4,11,question,mass,false,0.372030645608902,0.171875,0.48147621750831604,19
dense_head,4,12,question,mass,false,0.5812865495681763,0.421875,0.6509541869163513,19
dense_head,4,13,question,mass,false,0.6073819398880005,0.453125,0.6809672713279724,19
dense_head,4,14,question,mass,false,0.3684988021850586,0.203125,0.46011894941329956,19
dense_head,4,15,question,mass,false,0.5587098598480225,0.40625,0.6289413571357727,19
dense_head,4,16,question,mass,false,0.26726770401000977,0.0625,0.3860236406326294,19
dense_head,4,17,question,mass,false,0.5577025413513184,0.390625,0.6247443556785583,19
dense_head,4,18,question,mass,false,0.2982454299926758,0.140625,0.39292797446250916,19
dense_head,4,19,question,mass,false,0.5539480447769165,0.390625,0.6387507915496826,19
dense_head,4,20,question,mass,false,0.4684135317802429,0.3125,0.5754212141036987,19
dense_head,4,21,question,mass,false,0.4918496012687683,0.328125,0.5776786804199219,19
dense_head,4,22,question,mass,false,0.34626272320747375,0.1875,0.407562255859375,19
dense_head,4,23,question,mass,false,0.6432271599769592,0.515625,0.7066451907157898,19
dense_head,5,0,question,mass,false,0.3880298435688019,0.203125,0.4718467891216278,23
dense_head,5,1,question,mass,false,0.3577514886856079,0.203125,0.4548812806606293,23
dense_head,5,2,question,mass,false,0.470848947763443,0.328125,0.5464574098587036,23
dense_head,5,3,question,mass,false,0.48598653078079224,0.3125,0.5727792978286743,23
dense_head,5,4,question,mass,false,0.5524985790252686,0.40625,0.6277439594268799,23
dense_head,5,5,question,mass,false,0.26432639360427856,0.046875,0.369163453578949,23
dense_head,5,6,question,mass,false,0.3176960051059723,0.1875,0.375332236289978,23
dense_head,5,7,question,mass,false,0.30069342255592346,0.09375,0.41599422693252563,23
dense_head,5,8,question,mass,false,0.39176392555236816,0.21875,0.4687972068786621,23
dense_head,5,9,question,mass,false,0.4694591760635376,0.28125,0.5506998300552368,23
dense_head,5,10,question,mass,false,0.4677755534648895,0.3125,0.5333054065704346,23
dense_head,5,11,question,mass,false,0.46139460802078247,0.28125,0.5494734048843384,23
dense_head,5,12,question,mass,false,0.45683735609054565,0.296875,0.5406777262687683,23
dense_head,5,13,question,mass,false,0.3043093681335449,0.15625,0.3879847824573517,23
dense_head,5,14,question,mass,false,0.3669207692146301,0.21875,0.4300600290298462,23
dense_head,5,15,question,mass,false,0.41630029678344727,0.25,0.4914765954017639,23
dense_head,5,16,question,mass,false,0.38460755348205566,0.21875,0.46443411707878113,23
dense_head,5,17,question,mass,false,0.25719526410102844,0.109375,0.32238414883613586,23
dense_head,5,18,question,mass,false,0.5294490456581116,0.359375,0.6150929927825928,23
dense_head,5,19,question,mass,false,0.4092116057872772,0.25,0.5083792209625244,23
dense_head,5,20,question,mass,false,0.20105436444282532,0.0625,0.26178014278411865,23
dense_head,5,21,question,mass,false,0.5504636764526367,0.390625,0.6146100163459778,23
dense_head,5,22,question,mass,false,0.48479461669921875,0.3125,0.5761260986328125,23
dense_head,5,23,question,mass,false,0.227523073554039,0.09375,0.2911882996559143,23
dense_head,6,0,question,mass,false,0.6788342595100403,0.546875,0.7471129894256592,27
dense_head,6,1,question,mass,false,0.43183600902557373,0.25,0.5234911441802979,27
dense_head,6,2,question,mass,false,0.6138483881950378,0.4375,0.6943642497062683,27
dense_head,6,3,question,mass,false,0.706379771232605,0.578125,0.7644094824790955,27
dense_head,6,4,question,mass,false,0.438076913356781,0.25,0.531877338886261,27
dense_head,6,5,question,mass,false,0.5303338170051575,0.375,0.5935014486312866,27
dense_head,6,6,question,mass,false,0.48599380254745483,0.375,0.5453697443008423,27
dense_head,6,7,question,mass,false,0.40936341881752014,0.25,0.48271313309669495,27
dense_head,6,8,question,mass,false,0.46655648946762085,0.265625,0.55436110496521,27
dense_head,6,9,question,mass,false,0.31253063678741455,0.140625,0.3806820511817932,27
dense_head,6,10,question,mass,false,0.43456873297691345,0.3125,0.48524025082588196,27
dense_head,6,11,question,mass,false,0.43015292286872864,0.25,0.5307179093360901,27
dense_head,6,12,question,mass,false,0.5824680328369141,0.421875,0.643612802028656,27
dense_head,6,13,question,mass,false,0.37637385725975037,0.21875,0.46333664655685425,27
dense_head,6,14,question,mass,false,0.4923436641693115,0.375,0.5580917596817017,27
dense_head,6,15,question,mass,false,0.3203297555446625,0.171875,0.3800351619720459,27
dense_head,6,16,question,mass,false,0.4307186007499695,0.265625,0.5115942358970642,27
dense_head,6,17,question,mass,false,0.27102145552635193,0.15625,0.3083711266517639,27
dense_head,6,18,question,mass,false,0.48302388191223145,0.28125,0.5856757760047913,27
dense_head,6,19,question,mass,false,0.6661621332168579,0.515625,0.7336032390594482,27
dense_head,6,20,question,mass,false,0.4583197236061096,0.265625,0.5521249771118164,27
dense_head,6,21,question,mass,false,0.10515224933624268,0.015625,0.11774207651615143,27
dense_head,6,22,question,mass,false,0.3060819208621979,0.15625,0.38121306896209717,27
dense_head,6,23,question,mass,false,0.5967614650726318,0.40625,0.6735674142837524,27
dense_head,7,0,question,mass,false,0.4792081117630005,0.3125,0.5744491815567017,31
dense_head,7,1,question,mass,false,0.6413058042526245,0.46875,0.7079650163650513,31
dense_head,7,2,question,mass,false,0.7176380157470703,0.59375,0.769439160823822,31
dense_head,7,3,question,mass,false,0.6852547526359558,0.53125,0.7362820506095886,31
dense_head,7,4,question,mass,false,0.6685630083084106,0.515625,0.7280154228210449,31
dense_head,7,5,question,mass,false,0.6990534067153931,0.546875,0.7642671465873718,31
dense_head,7,6,question,mass,false,0.6242839097976685,0.46875,0.6936963796615601,31
dense_head,7,7,question,mass,false,0.689325749874115,0.546875,0.7562485933303833,31
dense_head,7,8,question,mass,false,0.4135177731513977,0.21875,0.4970813989639282,31
dense_head,7,9,question,mass,false,0.6948226690292358,0.5625,0.760090172290802,31
dense_head,7,10,question,mass,false,0.5964478850364685,0.4375,0.6800731420516968,31
dense_head,7,11,question,mass,false,0.598028302192688,0.40625,0.665739893913269,31
dense_head,7,12,question,mass,false,0.722003698348999,0.578125,0.7818683981895447,31
dense_head,7,13,question,mass,false,0.6182639598846436,0.453125,0.689782977104187,31
dense_head,7,14,question,mass,false,0.6707205772399902,0.515625,0.7379887700080872,31
dense_head,7,15,question,mass,false,0.6234197020530701,0.4375,0.6980274319648743,31
dense_head,7,16,question,mass,false,0.6377562284469604,0.46875,0.6962472796440125,31
dense_head,7,17,question,mass,false,0.5453671813011169,0.359375,0.6253472566604614,31
dense_head,7,18,question,mass,false,0.6099401712417603,0.453125,0.672823965549469,31
dense_head,7,19,question,mass,false,0.47113949060440063,0.3125,0.5448684096336365,31
dense_head,7,20,question,mass,false,0.5808789134025574,0.375,0.6583911776542664,31
dense_head,7,21,question,mass,false,0.46829020977020264,0.3125,0.5582168698310852,31
dense_head,7,22,question,mass,false,0.6377967596054077,0.484375,0.7036538124084473,31
dense_head,7,23,question,mass,false,0.6312101483345032,0.46875,0.6986827850341797,31
dense_head,8,0,question,mass,false,0.11895228922367096,0.03125,0.13324524462223053,35
dense_head,8,1,question,mass,false,0.509686291217804,0.328125,0.5879440307617188,35
dense_head,8,2,question,mass,false,0.683610737323761,0.546875,0.7393827438354492,35
dense_head,8,3,question,mass,false,0.37207475304603577,0.1875,0.4669911563396454,35
dense_head,8,4,question,mass,false,0.5713304281234741,0.4375,0.6339540481567383,35
dense_head,8,5,question,mass,false,0.5397099256515503,0.375,0.6068482995033264,35
dense_head,8,6,question,mass,false,0.5634116530418396,0.359375,0.6442835927009583,35
dense_head,8,7,question,mass,false,0.5461104512214661,0.34375,0.6347674131393433,35
dense_head,8,8,question,mass,false,0.4339946508407593,0.25,0.5174658298492432,35
dense_head,8,9,question,mass,false,0.3441903293132782,0.203125,0.4043715000152588,35
dense_head,8,10,question,mass,false,0.5937451720237732,0.421875,0.6665575504302979,35
dense_head,8,11,question,mass,false,0.5297829508781433,0.328125,0.6042552590370178,35
dense_head,8,12,question,mass,false,0.6778994798660278,0.515625,0.7312719821929932,35
dense_head,8,13,question,mass,false,0.729485034942627,0.59375,0.7827786207199097,35
dense_head,8,14,question,mass,false,0.543548047542572,0.359375,0.6234816312789917,35
dense_head,8,15,question,mass,false,0.6502673625946045,0.546875,0.7069003582000732,35
dense_head,8,16,question,mass,false,0.5366247892379761,0.34375,0.6180325746536255,35
dense_head,8,17,question,mass,false,0.6309934854507446,0.484375,0.6928887367248535,35
dense_head,8,18,question,mass,false,0.6555954217910767,0.5,0.7177835702896118,35
dense_head,8,19,question,mass,false,0.49523982405662537,0.28125,0.588077187538147,35
dense_head,8,20,question,mass,false,0.6492807269096375,0.46875,0.7221879363059998,35
dense_head,8,21,question,mass,false,0.6148773431777954,0.453125,0.678132176399231,35
dense_head,8,22,question,mass,false,0.5555359125137329,0.421875,0.6295176148414612,35
dense_head,8,23,question,mass,false,0.6681638956069946,0.515625,0.728722870349884,35
dense_head,9,0,question,mass,false,0.44245290756225586,0.25,0.5285801887512207,39
dense_head,9,1,question,mass,false,0.37394484877586365,0.1875,0.4608366787433624,39
dense_head,9,2,question,mass,false,0.5436768531799316,0.359375,0.6137064695358276,39
dense_head,9,3,question,mass,false,0.4663609564304352,0.296875,0.5527985095977783,39
dense_head,9,4,question,mass,false,0.4498971104621887,0.234375,0.548055112361908,39
dense_head,9,5,question,mass,false,0.4292893707752228,0.234375,0.5298599004745483,39
dense_head,9,6,question,mass,false,0.49858224391937256,0.296875,0.5848273634910583,39
dense_head,9,7,question,mass,false,0.4051534831523895,0.21875,0.4926123321056366,39
dense_head,9,8,question,mass,false,0.5735721588134766,0.390625,0.647040605545044,39
dense_head,9,9,question,mass,false,0.48337090015411377,0.25,0.5696484446525574,39
dense_head,9,10,question,mass,false,0.4718552529811859,0.265625,0.5674233436584473,39
dense_head,9,11,question,mass,false,0.40668803453445435,0.203125,0.49046847224235535,39
dense_head,9,12,question,mass,false,0.38395699858665466,0.203125,0.4883512258529663,39
dense_head,9,13,question,mass,false,0.3756917417049408,0.203125,0.4626125693321228,39
dense_head,9,14,question,mass,false,0.27487462759017944,0.125,0.3662711977958679,39
dense_head,9,15,question,mass,false,0.4286082684993744,0.203125,0.5353272557258606,39
dense_head,9,16,question,mass,false,0.3486344814300537,0.15625,0.45549705624580383,39
dense_head,9,17,question,mass,false,0.26674675941467285,0.109375,0.3365779519081116,39
dense_head,9,18,question,mass,false,0.4906211793422699,0.3125,0.5784841179847717,39
dense_head,9,19,question,mass,false,0.5037557482719421,0.296875,0.5890365839004517,39
dense_head,9,20,question,mass,false,0.35232940316200256,0.140625,0.4458908140659332,39
dense_head,9,21,question,mass,false,0.5346357822418213,0.328125,0.6181603670120239,39
dense_head,9,22,question,mass,false,0.4081784784793854,0.21875,0.5059850215911865,39
dense_head,9,23,question,mass,false,0.15842892229557037,0.046875,0.18919986486434937,39
dense_head,10,0,question,mass,false,0.3401884138584137,0.140625,0.4524075388908386,43
dense_head,10,1,question,mass,false,0.33473554253578186,0.140625,0.46124017238616943,43
dense_head,10,2,question,mass,false,0.3775732219219208,0.1875,0.48626837134361267,43
dense_head,10,3,question,mass,false,0.36226093769073486,0.15625,0.45319002866744995,43
dense_head,10,4,question,mass,false,0.36357975006103516,0.15625,0.47036129236221313,43
dense_head,10,5,question,mass,false,0.3460638225078583,0.140625,0.45707088708877563,43
dense_head,10,6,question,mass,false,0.14023283123970032,0.015625,0.18702736496925354,43
dense_head,10,7,question,mass,false,0.450733482837677,0.28125,0.5468592047691345,43
dense_head,10,8,question,mass,false,0.2796880900859833,0.125,0.3652576804161072,43
dense_head,10,9,question,mass,false,0.3352351784706116,0.140625,0.4487839341163635,43
dense_head,10,10,question,mass,false,0.38883379101753235,0.203125,0.48207801580429077,43
dense_head,10,11,question,mass,false,0.4232804477214813,0.234375,0.5220043659210205,43
dense_head,10,12,question,mass,false,0.4162116050720215,0.234375,0.5206066966056824,43
dense_head,10,13,question,mass,false,0.3791655898094177,0.15625,0.4839986562728882,43
dense_head,10,14,question,mass,false,0.4165404438972473,0.203125,0.5177204012870789,43
dense_head,10,15,question,mass,false,0.35586968064308167,0.140625,0.4560522437095642,43
dense_head,10,16,question,mass,false,0.4363786280155182,0.25,0.5266993641853333,43
dense_head,10,17,question,mass,false,0.44355309009552,0.234375,0.538668155670166,43
dense_head,10,18,question,mass,false,0.4853131175041199,0.296875,0.5740459561347961,43
dense_head,10,19,question,mass,false,0.41143807768821716,0.234375,0.506516695022583,43
dense_head,10,20,question,mass,false,0.39597707986831665,0.203125,0.5051853656768799,43
dense_head,10,21,question,mass,false,0.3907749354839325,0.1875,0.4921565651893616,43
dense_head,10,22,question,mass,false,0.3830908536911011,0.203125,0.45896562933921814,43
dense_head,10,23,question,mass,false,0.36910539865493774,0.1875,0.47543764114379883,43
dense_head,11,0,question,mass,false,0.3620814383029938,0.171875,0.45674383640289307,47
dense_head,11,1,question,mass,false,0.3214338421821594,0.1875,0.3850899338722229,47
dense_head,11,2,question,mass,false,0.2829960882663727,0.15625,0.31903505325317383,47
dense_head,11,3,question,mass,false,0.2804136574268341,0.140625,0.35268881916999817,47
dense_head,11,4,question,mass,false,0.24436326324939728,0.09375,0.3172904849052429,47
dense_head,11,5,question,mass,false,0.31873923540115356,0.1875,0.38471201062202454,47
dense_head,11,6,question,mass,false,0.3102104067802429,0.15625,0.3712807595729828,47
dense_head,11,7,question,mass,false,0.3073412775993347,0.15625,0.3751416802406311,47
dense_head,11,8,question,mass,false,0.28483715653419495,0.125,0.36493685841560364,47
dense_head,11,9,question,mass,false,0.2931157350540161,0.15625,0.35169506072998047,47
dense_head,11,10,question,mass,false,0.2977246940135956,0.15625,0.34934544563293457,47
dense_head,11,11,question,mass,false,0.3258470892906189,0.109375,0.4150690734386444,47
dense_head,11,12,question,mass,false,0.28870871663093567,0.09375,0.4156322479248047,47
dense_head,11,13,question,mass,false,0.25982314348220825,0.046875,0.3761832118034363,47
dense_head,11,14,question,mass,false,0.29722434282302856,0.078125,0.41223418712615967,47
dense_head,11,15,question,mass,false,0.2567422091960907,0.03125,0.3758837580680847,47
dense_head,11,16,question,mass,false,0.304444819688797,0.125,0.3995952904224396,47
dense_head,11,17,question,mass,false,0.29988566040992737,0.078125,0.4039701521396637,47
dense_head,11,18,question,mass,false,0.20367208123207092,0.0625,0.26238521933555603,47
dense_head,11,19,question,mass,false,0.1035245954990387,0.015625,0.12482047080993652,47
dense_head,11,20,question,mass,false,0.3235197961330414,0.109375,0.43525639176368713,47
dense_head,11,21,question,mass,false,0.2973526120185852,0.09375,0.41070640087127686,47
dense_head,11,22,question,mass,false,0.21508163213729858,0.046875,0.3209006190299988,47
dense_head,11,23,question,mass,false,0.29605790972709656,0.09375,0.40485087037086487,47
dense_head_top16_cv,-1,-1,question,mass,false,0.7214264869689941,0.578125,0.7770100831985474,-1
dense_head_top16_cv_gated,-1,-1,question,mass,false,0.7198047637939453,0.578125,0.77572101354599,-1
dense_head_all_mean,-1,-1,question,mass,false,0.45513349771499634,0.21875,0.5649366974830627,-1
dense_head,0,0,question,mass,true,0.10993193089962006,0.015625,0.1413959264755249,3
dense_head,0,1,question,mass,true,0.13081270456314087,0.046875,0.14890983700752258,3
dense_head,0,2,question,mass,true,0.07283581793308258,0.0,0.07334484159946442,3
dense_head,0,3,question,mass,true,0.09378344565629959,0.015625,0.09007120877504349,3
dense_head,0,4,question,mass,true,0.13244280219078064,0.046875,0.1539461314678192,3
dense_head,0,5,question,mass,true,0.14435161650180817,0.0625,0.1648852527141571,3
dense_head,0,6,question,mass,true,0.17563526332378387,0.0625,0.21313145756721497,3
dense_head,0,7,question,mass,true,0.05265223979949951,0.0,0.04794076457619667,3
dense_head,0,8,question,mass,true,0.10847998410463333,0.03125,0.12275941669940948,3
dense_head,0,9,question,mass,true,0.15558788180351257,0.046875,0.17975515127182007,3
dense_head,0,10,question,mass,true,0.06241527572274208,0.0,0.05285618454217911,3
dense_head,0,11,question,mass,true,0.06613029539585114,0.0,0.05579330399632454,3
dense_head,0,12,question,mass,true,0.09662576019763947,0.03125,0.10471951961517334,3
dense_head,0,13,question,mass,true,0.07001388818025589,0.0,0.08612740784883499,3
dense_head,0,14,question,mass,true,0.08314087986946106,0.015625,0.08466323465108871,3
dense_head,0,15,question,mass,true,0.10033748298883438,0.015625,0.11471547186374664,3
dense_head,0,16,question,mass,true,0.12717537581920624,0.046875,0.14257799088954926,3
dense_head,0,17,question,mass,true,0.07595427334308624,0.0,0.08336332440376282,3
dense_head,0,18,question,mass,true,0.06725634634494781,0.015625,0.06112714111804962,3
dense_head,0,19,question,mass,true,0.08537831902503967,0.0,0.09225205332040787,3
dense_head,0,20,question,mass,true,0.1662057340145111,0.046875,0.20629779994487762,3
dense_head,0,21,question,mass,true,0.1431073397397995,0.046875,0.1681061089038849,3
dense_head,0,22,question,mass,true,0.16646426916122437,0.078125,0.17788203060626984,3
dense_head,0,23,question,mass,true,0.1439356654882431,0.0625,0.15100210905075073,3
dense_head,1,0,question,mass,true,0.20404228568077087,0.09375,0.23475494980812073,7
dense_head,1,1,question,mass,true,0.19431209564208984,0.0625,0.2408289611339569,7
dense_head,1,2,question,mass,true,0.2320241630077362,0.09375,0.27665674686431885,7
dense_head,1,3,question,mass,true,0.22602716088294983,0.078125,0.28407949209213257,7
dense_head,1,4,question,mass,true,0.1894414871931076,0.078125,0.22173458337783813,7
dense_head,1,5,question,mass,true,0.28718772530555725,0.140625,0.3573603928089142,7
dense_head,1,6,question,mass,true,0.21582016348838806,0.0625,0.30455154180526733,7
dense_head,1,7,question,mass,true,0.13673552870750427,0.046875,0.14773696660995483,7
dense_head,1,8,question,mass,true,0.14334718883037567,0.0625,0.15859968960285187,7
dense_head,1,9,question,mass,true,0.22411039471626282,0.09375,0.2710346579551697,7
dense_head,1,10,question,mass,true,0.2609986662864685,0.109375,0.3342772424221039,7
dense_head,1,11,question,mass,true,0.1634092926979065,0.015625,0.23599080741405487,7
dense_head,1,12,question,mass,true,0.1442653089761734,0.015625,0.20793744921684265,7
dense_head,1,13,question,mass,true,0.19700513780117035,0.0625,0.25720131397247314,7
dense_head,1,14,question,mass,true,0.18989747762680054,0.046875,0.24512913823127747,7
dense_head,1,15,question,mass,true,0.16379870474338531,0.0625,0.2007848620414734,7
dense_head,1,16,question,mass,true,0.11036737263202667,0.046875,0.1288699358701706,7
dense_head,1,17,question,mass,true,0.25035998225212097,0.078125,0.32187438011169434,7
dense_head,1,18,question,mass,true,0.15970520675182343,0.03125,0.2019839733839035,7
dense_head,1,19,question,mass,true,0.25082480907440186,0.140625,0.2973352074623108,7
dense_head,1,20,question,mass,true,0.31788313388824463,0.1875,0.36199891567230225,7
dense_head,1,21,question,mass,true,0.2881707549095154,0.140625,0.35953429341316223,7
dense_head,1,22,question,mass,true,0.1689188927412033,0.078125,0.19034507870674133,7
dense_head,1,23,question,mass,true,0.19304881989955902,0.09375,0.21062634885311127,7
dense_head,2,0,question,mass,true,0.404426634311676,0.203125,0.4844692349433899,11
dense_head,2,1,question,mass,true,0.2913960814476013,0.109375,0.3743433356285095,11
dense_head,2,2,question,mass,true,0.41917216777801514,0.21875,0.504584789276123,11
dense_head,2,3,question,mass,true,0.4732286334037781,0.28125,0.5452156066894531,11
dense_head,2,4,question,mass,true,0.259681761264801,0.09375,0.3403010666370392,11
dense_head,2,5,question,mass,true,0.5196797847747803,0.328125,0.6037558913230896,11
dense_head,2,6,question,mass,true,0.28747788071632385,0.140625,0.3533291816711426,11
dense_head,2,7,question,mass,true,0.36702802777290344,0.234375,0.4229595363140106,11
dense_head,2,8,question,mass,true,0.3056177794933319,0.171875,0.3768288493156433,11
dense_head,2,9,question,mass,true,0.2833050787448883,0.140625,0.3624681234359741,11
dense_head,2,10,question,mass,true,0.17666132748126984,0.0625,0.21202686429023743,11
dense_head,2,11,question,mass,true,0.2667565643787384,0.109375,0.3334862291812897,11
dense_head,2,12,question,mass,true,0.29697614908218384,0.125,0.36721181869506836,11
dense_head,2,13,question,mass,true,0.18273146450519562,0.03125,0.24687588214874268,11
dense_head,2,14,question,mass,true,0.28981995582580566,0.140625,0.3587954640388489,11
dense_head,2,15,question,mass,true,0.2388392984867096,0.109375,0.28868168592453003,11
dense_head,2,16,question,mass,true,0.38991138339042664,0.21875,0.4853464663028717,11
dense_head,2,17,question,mass,true,0.1566251516342163,0.046875,0.19069232046604156,11
dense_head,2,18,question,mass,true,0.38688868284225464,0.203125,0.4836784601211548,11
dense_head,2,19,question,mass,true,0.3931014835834503,0.21875,0.4642086625099182,11
dense_head,2,20,question,mass,true,0.2655866742134094,0.09375,0.3274874985218048,11
dense_head,2,21,question,mass,true,0.13403132557868958,0.046875,0.15041671693325043,11
dense_head,2,22,question,mass,true,0.11015681177377701,0.046875,0.11751766502857208,11
dense_head,2,23,question,mass,true,0.34118837118148804,0.09375,0.44650545716285706,11
dense_head,3,0,question,mass,true,0.3266634941101074,0.171875,0.3939610719680786,15
dense_head,3,1,question,mass,true,0.3969435393810272,0.21875,0.4742504954338074,15
dense_head,3,2,question,mass,true,0.5042896866798401,0.328125,0.595473051071167,15
dense_head,3,3,question,mass,true,0.6344627141952515,0.515625,0.7028191089630127,15
dense_head,3,4,question,mass,true,0.4305727779865265,0.25,0.5100451707839966,15
dense_head,3,5,question,mass,true,0.45562857389450073,0.296875,0.5188314914703369,15
dense_head,3,6,question,mass,true,0.46666863560676575,0.296875,0.5363508462905884,15
dense_head,3,7,question,mass,true,0.5702645778656006,0.421875,0.6362231969833374,15
dense_head,3,8,question,mass,true,0.3409167230129242,0.171875,0.41038668155670166,15
dense_head,3,9,question,mass,true,0.5638198256492615,0.390625,0.6212843060493469,15
dense_head,3,10,question,mass,true,0.43049609661102295,0.234375,0.5181718468666077,15
dense_head,3,11,question,mass,true,0.5396015048027039,0.359375,0.6273317933082581,15
dense_head,3,12,question,mass,true,0.5584088563919067,0.359375,0.6352347135543823,15
dense_head,3,13,question,mass,true,0.4935249090194702,0.328125,0.563052773475647,15
dense_head,3,14,question,mass,true,0.4600675404071808,0.25,0.5576758980751038,15
dense_head,3,15,question,mass,true,0.5677413940429688,0.40625,0.6522005796432495,15
dense_head,3,16,question,mass,true,0.5940476059913635,0.40625,0.6790744662284851,15
dense_head,3,17,question,mass,true,0.4368763566017151,0.265625,0.5132797956466675,15
dense_head,3,18,question,mass,true,0.37086325883865356,0.171875,0.44736409187316895,15
dense_head,3,19,question,mass,true,0.277527391910553,0.15625,0.32536226511001587,15
dense_head,3,20,question,mass,true,0.5266835689544678,0.359375,0.5977523326873779,15
dense_head,3,21,question,mass,true,0.38816800713539124,0.171875,0.48276621103286743,15
dense_head,3,22,question,mass,true,0.2917896509170532,0.140625,0.3807779550552368,15
dense_head,3,23,question,mass,true,0.3688763678073883,0.1875,0.4624091684818268,15
dense_head,4,0,question,mass,true,0.2553134858608246,0.09375,0.31691253185272217,19
dense_head,4,1,question,mass,true,0.5983432531356812,0.421875,0.6830936670303345,19
dense_head,4,2,question,mass,true,0.613027036190033,0.4375,0.6908971071243286,19
dense_head,4,3,question,mass,true,0.4745739698410034,0.328125,0.5578588247299194,19
dense_head,4,4,question,mass,true,0.5494864583015442,0.40625,0.6095730066299438,19
dense_head,4,5,question,mass,true,0.5929893851280212,0.453125,0.6641103625297546,19
dense_head,4,6,question,mass,true,0.6503037214279175,0.484375,0.7225536108016968,19
dense_head,4,7,question,mass,true,0.5850613117218018,0.421875,0.6622552871704102,19
dense_head,4,8,question,mass,true,0.48633909225463867,0.28125,0.5710455179214478,19
dense_head,4,9,question,mass,true,0.2998139560222626,0.125,0.36987754702568054,19
dense_head,4,10,question,mass,true,0.5743021965026855,0.390625,0.6543768644332886,19
dense_head,4,11,question,mass,true,0.5015252232551575,0.28125,0.6003360152244568,19
dense_head,4,12,question,mass,true,0.6788371801376343,0.53125,0.7390289306640625,19
dense_head,4,13,question,mass,true,0.6850113868713379,0.53125,0.7358039617538452,19
dense_head,4,14,question,mass,true,0.5271957516670227,0.34375,0.6031739711761475,19
dense_head,4,15,question,mass,true,0.6629171371459961,0.515625,0.7314287424087524,19
dense_head,4,16,question,mass,true,0.48522308468818665,0.28125,0.5774385929107666,19
dense_head,4,17,question,mass,true,0.6002012491226196,0.4375,0.6531051993370056,19
dense_head,4,18,question,mass,true,0.48106706142425537,0.3125,0.5454281568527222,19
dense_head,4,19,question,mass,true,0.5941324234008789,0.421875,0.6621809005737305,19
dense_head,4,20,question,mass,true,0.5651714205741882,0.390625,0.6561750769615173,19
dense_head,4,21,question,mass,true,0.6653050184249878,0.53125,0.7286443710327148,19
dense_head,4,22,question,mass,true,0.45085111260414124,0.3125,0.5295562148094177,19
dense_head,4,23,question,mass,true,0.6677455902099609,0.53125,0.7348455190658569,19
dense_head,5,0,question,mass,true,0.44684845209121704,0.265625,0.5321424007415771,23
dense_head,5,1,question,mass,true,0.6039528250694275,0.4375,0.6814302206039429,23
dense_head,5,2,question,mass,true,0.6416486501693726,0.484375,0.7184545993804932,23
dense_head,5,3,question,mass,true,0.5591996908187866,0.390625,0.633647620677948,23
dense_head,5,4,question,mass,true,0.6110512614250183,0.453125,0.6733217835426331,23
dense_head,5,5,question,mass,true,0.5277422666549683,0.375,0.5924721360206604,23
dense_head,5,6,question,mass,true,0.37779149413108826,0.21875,0.45383334159851074,23
dense_head,5,7,question,mass,true,0.5015459656715393,0.296875,0.598962664604187,23
dense_head,5,8,question,mass,true,0.5598360300064087,0.375,0.6392442584037781,23
dense_head,5,9,question,mass,true,0.55644690990448,0.375,0.6450729966163635,23
dense_head,5,10,question,mass,true,0.5495173931121826,0.40625,0.615753173828125,23
dense_head,5,11,question,mass,true,0.6549772620201111,0.515625,0.724764347076416,23
dense_head,5,12,question,mass,true,0.5112285614013672,0.34375,0.5891417264938354,23
dense_head,5,13,question,mass,true,0.30781516432762146,0.15625,0.3841280937194824,23
dense_head,5,14,question,mass,true,0.42161089181900024,0.265625,0.48211508989334106,23
dense_head,5,15,question,mass,true,0.537757158279419,0.359375,0.6269614696502686,23
dense_head,5,16,question,mass,true,0.5355859994888306,0.359375,0.6071080565452576,23
dense_head,5,17,question,mass,true,0.3804352879524231,0.21875,0.44430068135261536,23
dense_head,5,18,question,mass,true,0.5642310380935669,0.375,0.643185019493103,23
dense_head,5,19,question,mass,true,0.5365360379219055,0.359375,0.629581093788147,23
dense_head,5,20,question,mass,true,0.36923232674598694,0.1875,0.46350541710853577,23
dense_head,5,21,question,mass,true,0.577704668045044,0.421875,0.6298920512199402,23
dense_head,5,22,question,mass,true,0.5600915551185608,0.375,0.6351650953292847,23
dense_head,5,23,question,mass,true,0.3025694489479065,0.171875,0.36176007986068726,23
dense_head,6,0,question,mass,true,0.7218953371047974,0.59375,0.7853251695632935,27
dense_head,6,1,question,mass,true,0.5970512628555298,0.453125,0.6629306674003601,27
dense_head,6,2,question,mass,true,0.7562195062637329,0.625,0.8080227971076965,27
dense_head,6,3,question,mass,true,0.7305079102516174,0.59375,0.7881107330322266,27
dense_head,6,4,question,mass,true,0.597419023513794,0.421875,0.6731945276260376,27
dense_head,6,5,question,mass,true,0.6501151323318481,0.5,0.7255534529685974,27
dense_head,6,6,question,mass,true,0.5304725766181946,0.375,0.6010400652885437,27
dense_head,6,7,question,mass,true,0.5388591885566711,0.40625,0.6007561683654785,27
dense_head,6,8,question,mass,true,0.5390806198120117,0.34375,0.6315181255340576,27
dense_head,6,9,question,mass,true,0.490604043006897,0.328125,0.5791079998016357,27
dense_head,6,10,question,mass,true,0.5134086608886719,0.359375,0.5879125595092773,27
dense_head,6,11,question,mass,true,0.5806257724761963,0.421875,0.66349196434021,27
dense_head,6,12,question,mass,true,0.6341966986656189,0.46875,0.7099102139472961,27
dense_head,6,13,question,mass,true,0.5893594026565552,0.40625,0.6714398860931396,27
dense_head,6,14,question,mass,true,0.5934284329414368,0.421875,0.6692852973937988,27
dense_head,6,15,question,mass,true,0.4722677767276764,0.34375,0.5335157513618469,27
dense_head,6,16,question,mass,true,0.5843583941459656,0.390625,0.6726733446121216,27
dense_head,6,17,question,mass,true,0.3984028995037079,0.234375,0.4768217206001282,27
dense_head,6,18,question,mass,true,0.5617182850837708,0.34375,0.6560454964637756,27
dense_head,6,19,question,mass,true,0.7368550300598145,0.609375,0.7922953367233276,27
dense_head,6,20,question,mass,true,0.5801758766174316,0.390625,0.6567425727844238,27
dense_head,6,21,question,mass,true,0.2345345914363861,0.109375,0.2762115001678467,27
dense_head,6,22,question,mass,true,0.4310815930366516,0.296875,0.5012306571006775,27
dense_head,6,23,question,mass,true,0.6577454209327698,0.484375,0.7287254333496094,27
dense_head,7,0,question,mass,true,0.5543196201324463,0.375,0.6405234336853027,31
dense_head,7,1,question,mass,true,0.6990290880203247,0.5625,0.7601701021194458,31
dense_head,7,2,question,mass,true,0.7495782375335693,0.640625,0.7974259853363037,31
dense_head,7,3,question,mass,true,0.7307536005973816,0.59375,0.7886760830879211,31
dense_head,7,4,question,mass,true,0.7118045091629028,0.5625,0.769237220287323,31
dense_head,7,5,question,mass,true,0.7334697246551514,0.59375,0.7907562255859375,31
dense_head,7,6,question,mass,true,0.6980577111244202,0.546875,0.754702091217041,31
dense_head,7,7,question,mass,true,0.7066518068313599,0.5625,0.7701224684715271,31
dense_head,7,8,question,mass,true,0.5771966576576233,0.421875,0.6443630456924438,31
dense_head,7,9,question,mass,true,0.698509156703949,0.5625,0.7548562288284302,31
dense_head,7,10,question,mass,true,0.6671645641326904,0.5,0.7407947778701782,31
dense_head,7,11,question,mass,true,0.6923206448554993,0.53125,0.7509726881980896,31
dense_head,7,12,question,mass,true,0.7742292881011963,0.671875,0.8211182355880737,31
dense_head,7,13,question,mass,true,0.7090672850608826,0.546875,0.7728180885314941,31
dense_head,7,14,question,mass,true,0.7132102847099304,0.5625,0.7753696441650391,31
dense_head,7,15,question,mass,true,0.7284636497497559,0.609375,0.7863717675209045,31
dense_head,7,16,question,mass,true,0.7284631133079529,0.59375,0.7827364206314087,31
dense_head,7,17,question,mass,true,0.6846049427986145,0.53125,0.7446379661560059,31
dense_head,7,18,question,mass,true,0.6685029864311218,0.515625,0.7406646013259888,31
dense_head,7,19,question,mass,true,0.6253603100776672,0.5,0.6801985502243042,31
dense_head,7,20,question,mass,true,0.7002192735671997,0.546875,0.7654590010643005,31
dense_head,7,21,question,mass,true,0.5911135673522949,0.40625,0.6815927624702454,31
dense_head,7,22,question,mass,true,0.7038084864616394,0.5625,0.7678736448287964,31
dense_head,7,23,question,mass,true,0.6789922714233398,0.53125,0.7483565807342529,31
dense_head,8,0,question,mass,true,0.231004536151886,0.109375,0.266639769077301,35
dense_head,8,1,question,mass,true,0.6131793260574341,0.453125,0.6892377138137817,35
dense_head,8,2,question,mass,true,0.7216370105743408,0.578125,0.7773966789245605,35
dense_head,8,3,question,mass,true,0.6193750500679016,0.453125,0.6814116835594177,35
dense_head,8,4,question,mass,true,0.6782466769218445,0.546875,0.7351047396659851,35
dense_head,8,5,question,mass,true,0.624099612236023,0.453125,0.6897643804550171,35
dense_head,8,6,question,mass,true,0.6230643391609192,0.4375,0.6901227235794067,35
dense_head,8,7,question,mass,true,0.6512622237205505,0.46875,0.7280087471008301,35
dense_head,8,8,question,mass,true,0.4949024021625519,0.3125,0.5731046795845032,35
dense_head,8,9,question,mass,true,0.4155944585800171,0.25,0.4728500247001648,35
dense_head,8,10,question,mass,true,0.7170377373695374,0.578125,0.7688275575637817,35
dense_head,8,11,question,mass,true,0.5947318077087402,0.421875,0.672187864780426,35
dense_head,8,12,question,mass,true,0.7195786833763123,0.5625,0.780127227306366,35
dense_head,8,13,question,mass,true,0.7487909197807312,0.609375,0.797818124294281,35
dense_head,8,14,question,mass,true,0.6658867001533508,0.515625,0.7254641652107239,35
dense_head,8,15,question,mass,true,0.6934727430343628,0.546875,0.7551476955413818,35
dense_head,8,16,question,mass,true,0.620579183101654,0.46875,0.6914459466934204,35
dense_head,8,17,question,mass,true,0.6638113260269165,0.53125,0.7226946353912354,35
dense_head,8,18,question,mass,true,0.7138165831565857,0.578125,0.7703540325164795,35
dense_head,8,19,question,mass,true,0.5597686171531677,0.34375,0.6412316560745239,35
dense_head,8,20,question,mass,true,0.6712166666984558,0.5,0.74317467212677,35
dense_head,8,21,question,mass,true,0.7128287553787231,0.5625,0.7660900950431824,35
dense_head,8,22,question,mass,true,0.5860573649406433,0.421875,0.6719806790351868,35
dense_head,8,23,question,mass,true,0.6874917149543762,0.546875,0.7390002012252808,35
dense_head,9,0,question,mass,true,0.5766764283180237,0.40625,0.6434604525566101,39
dense_head,9,1,question,mass,true,0.5248590111732483,0.34375,0.5998003482818604,39
dense_head,9,2,question,mass,true,0.6690537929534912,0.5,0.7278406620025635,39
dense_head,9,3,question,mass,true,0.5354886651039124,0.34375,0.6211349368095398,39
dense_head,9,4,question,mass,true,0.561805784702301,0.375,0.6379085779190063,39
dense_head,9,5,question,mass,true,0.532937228679657,0.3125,0.6253745555877686,39
dense_head,9,6,question,mass,true,0.5420083999633789,0.359375,0.6171949505805969,39
dense_head,9,7,question,mass,true,0.4906880259513855,0.3125,0.5698731541633606,39
dense_head,9,8,question,mass,true,0.6452473998069763,0.46875,0.713771641254425,39
dense_head,9,9,question,mass,true,0.57776939868927,0.390625,0.6542086005210876,39
dense_head,9,10,question,mass,true,0.5748648643493652,0.390625,0.6481151580810547,39
dense_head,9,11,question,mass,true,0.581322968006134,0.40625,0.6428893804550171,39
dense_head,9,12,question,mass,true,0.4327126741409302,0.234375,0.53128981590271,39
dense_head,9,13,question,mass,true,0.4265900254249573,0.25,0.4953640103340149,39
dense_head,9,14,question,mass,true,0.33674824237823486,0.171875,0.4220625162124634,39
dense_head,9,15,question,mass,true,0.5728694200515747,0.375,0.642892599105835,39
dense_head,9,16,question,mass,true,0.5133750438690186,0.296875,0.597493588924408,39
dense_head,9,17,question,mass,true,0.31481513381004333,0.15625,0.3802609443664551,39
dense_head,9,18,question,mass,true,0.5485790967941284,0.359375,0.6191175580024719,39
dense_head,9,19,question,mass,true,0.5744428634643555,0.40625,0.6554908752441406,39
dense_head,9,20,question,mass,true,0.5649991631507874,0.390625,0.6393898725509644,39
dense_head,9,21,question,mass,true,0.5873612761497498,0.40625,0.6697495579719543,39
dense_head,9,22,question,mass,true,0.4536186158657074,0.25,0.5446560978889465,39
dense_head,9,23,question,mass,true,0.21092285215854645,0.0625,0.250733345746994,39
dense_head,10,0,question,mass,true,0.4723666310310364,0.296875,0.5597500801086426,43
dense_head,10,1,question,mass,true,0.4859071969985962,0.28125,0.5769880414009094,43
dense_head,10,2,question,mass,true,0.5307329893112183,0.359375,0.604973316192627,43
dense_head,10,3,question,mass,true,0.5751662850379944,0.390625,0.6466447114944458,43
dense_head,10,4,question,mass,true,0.4838036000728607,0.296875,0.5757492184638977,43
dense_head,10,5,question,mass,true,0.4359305202960968,0.25,0.528628408908844,43
dense_head,10,6,question,mass,true,0.27206021547317505,0.125,0.3279646635055542,43
dense_head,10,7,question,mass,true,0.5129046440124512,0.328125,0.5875224471092224,43
dense_head,10,8,question,mass,true,0.3171948194503784,0.171875,0.38183867931365967,43
dense_head,10,9,question,mass,true,0.5074089765548706,0.328125,0.583499550819397,43
dense_head,10,10,question,mass,true,0.4842255413532257,0.3125,0.5767033100128174,43
dense_head,10,11,question,mass,true,0.49859681725502014,0.328125,0.5801136493682861,43
dense_head,10,12,question,mass,true,0.5341803431510925,0.359375,0.6201310753822327,43
dense_head,10,13,question,mass,true,0.5588773488998413,0.375,0.6314139366149902,43
dense_head,10,14,question,mass,true,0.5545682311058044,0.390625,0.6227880716323853,43
dense_head,10,15,question,mass,true,0.6221500039100647,0.46875,0.6834311485290527,43
dense_head,10,16,question,mass,true,0.5108082890510559,0.328125,0.5972939729690552,43
dense_head,10,17,question,mass,true,0.572197675704956,0.40625,0.641319215297699,43
dense_head,10,18,question,mass,true,0.5830448865890503,0.40625,0.6495610475540161,43
dense_head,10,19,question,mass,true,0.5347311496734619,0.375,0.61909019947052,43
dense_head,10,20,question,mass,true,0.5102490186691284,0.296875,0.5945683717727661,43
dense_head,10,21,question,mass,true,0.5425066351890564,0.375,0.6256923675537109,43
dense_head,10,22,question,mass,true,0.4892577826976776,0.328125,0.5711533427238464,43
dense_head,10,23,question,mass,true,0.5284116864204407,0.359375,0.6145675778388977,43
dense_head,11,0,question,mass,true,0.43004029989242554,0.25,0.504656195640564,47
dense_head,11,1,question,mass,true,0.3245694935321808,0.15625,0.39951419830322266,47
dense_head,11,2,question,mass,true,0.3617442846298218,0.1875,0.44577741622924805,47
dense_head,11,3,question,mass,true,0.38044536113739014,0.234375,0.4600876569747925,47
dense_head,11,4,question,mass,true,0.28143391013145447,0.125,0.3516281843185425,47
dense_head,11,5,question,mass,true,0.3962249755859375,0.265625,0.464070200920105,47
dense_head,11,6,question,mass,true,0.3771597743034363,0.234375,0.4527401626110077,47
dense_head,11,7,question,mass,true,0.43070653080940247,0.296875,0.49283653497695923,47
dense_head,11,8,question,mass,true,0.3643810749053955,0.1875,0.44832950830459595,47
dense_head,11,9,question,mass,true,0.3337537944316864,0.171875,0.4091653525829315,47
dense_head,11,10,question,mass,true,0.3490539491176605,0.203125,0.4288228154182434,47
dense_head,11,11,question,mass,true,0.41067174077033997,0.25,0.4694756269454956,47
dense_head,11,12,question,mass,true,0.4245411455631256,0.25,0.49768319725990295,47
dense_head,11,13,question,mass,true,0.43801718950271606,0.25,0.5262882113456726,47
dense_head,11,14,question,mass,true,0.4761219322681427,0.296875,0.5540501475334167,47
dense_head,11,15,question,mass,true,0.43431833386421204,0.25,0.5219056606292725,47
dense_head,11,16,question,mass,true,0.3703845143318176,0.171875,0.45699256658554077,47
dense_head,11,17,question,mass,true,0.40235066413879395,0.203125,0.485005646944046,47
dense_head,11,18,question,mass,true,0.2847144305706024,0.15625,0.3470226526260376,47
dense_head,11,19,question,mass,true,0.13747060298919678,0.015625,0.19852471351623535,47
dense_head,11,20,question,mass,true,0.4272328317165375,0.25,0.5239433646202087,47
dense_head,11,21,question,mass,true,0.39038893580436707,0.234375,0.4820615351200104,47
dense_head,11,22,question,mass,true,0.2465083748102188,0.171875,0.2497704178094864,47
dense_head,11,23,question,mass,true,0.3896801471710205,0.203125,0.4881055951118469,47
dense_head_top16_cv,-1,-1,question,mass,true,0.7353887557983398,0.578125,0.792681872844696,-1
dense_head_top16_cv_gated,-1,-1,question,mass,true,0.7510344386100769,0.609375,0.8042153120040894,-1
dense_head_all_mean,-1,-1,question,mass,true,0.6727280020713806,0.5,0.7443293929100037,-1
dense_head,0,0,answer,mass,false,0.10444387048482895,0.03125,0.11845088005065918,3
dense_head,0,1,answer,mass,false,0.1383865475654602,0.046875,0.15559279918670654,3
dense_head,0,2,answer,mass,false,0.13515980541706085,0.046875,0.1574249118566513,3
dense_head,0,3,answer,mass,false,0.0810716524720192,0.015625,0.07735733687877655,3
dense_head,0,4,answer,mass,false,0.12260604649782181,0.046875,0.1372203230857849,3
dense_head,0,5,answer,mass,false,0.2738209068775177,0.140625,0.31156986951828003,3
dense_head,0,6,answer,mass,false,0.4450857639312744,0.296875,0.5012853741645813,3
dense_head,0,7,answer,mass,false,0.08278831839561462,0.015625,0.0863717719912529,3
dense_head,0,8,answer,mass,false,0.16128987073898315,0.078125,0.17698054015636444,3
dense_head,0,9,answer,mass,false,0.3903101980686188,0.265625,0.4510841965675354,3
dense_head,0,10,answer,mass,false,0.06463224440813065,0.0,0.056285351514816284,3
dense_head,0,11,answer,mass,false,0.058012302964925766,0.0,0.05345013737678528,3
dense_head,0,12,answer,mass,false,0.08754803985357285,0.03125,0.08700361847877502,3
dense_head,0,13,answer,mass,false,0.07398979365825653,0.015625,0.07232225686311722,3
dense_head,0,14,answer,mass,false,0.07038578391075134,0.0,0.06795017421245575,3
dense_head,0,15,answer,mass,false,0.11470376700162888,0.0,0.1271653175354004,3
dense_head,0,16,answer,mass,false,0.3213385343551636,0.203125,0.36332523822784424,3
dense_head,0,17,answer,mass,false,0.07675690948963165,0.015625,0.08622384071350098,3
dense_head,0,18,answer,mass,false,0.07799788564443588,0.015625,0.07278067618608475,3
dense_head,0,19,answer,mass,false,0.0989191010594368,0.015625,0.1033971756696701,3
dense_head,0,20,answer,mass,false,0.6067805290222168,0.453125,0.6604325175285339,3
dense_head,0,21,answer,mass,false,0.11119765043258667,0.03125,0.12015986442565918,3
dense_head,0,22,answer,mass,false,0.640064537525177,0.515625,0.6763939261436462,3
dense_head,0,23,answer,mass,false,0.2080216109752655,0.109375,0.2536834180355072,3
dense_head,1,0,answer,mass,false,0.6773746013641357,0.5625,0.7248553037643433,7
dense_head,1,1,answer,mass,false,0.6870993375778198,0.5625,0.7318421602249146,7
dense_head,1,2,answer,mass,false,0.6899352073669434,0.578125,0.730128824710846,7
dense_head,1,3,answer,mass,false,0.606250524520874,0.4375,0.6669626235961914,7
dense_head,1,4,answer,mass,false,0.6610055565834045,0.5,0.7191978693008423,7
dense_head,1,5,answer,mass,false,0.6979592442512512,0.578125,0.7472023367881775,7
dense_head,1,6,answer,mass,false,0.6816532611846924,0.5625,0.7328916192054749,7
dense_head,1,7,answer,mass,false,0.6376819610595703,0.484375,0.6964324116706848,7
dense_head,1,8,answer,mass,false,0.22995802760124207,0.078125,0.3048044741153717,7
dense_head,1,9,answer,mass,false,0.4281047284603119,0.265625,0.5144553184509277,7
dense_head,1,10,answer,mass,false,0.6854857802391052,0.546875,0.737554669380188,7
dense_head,1,11,answer,mass,false,0.23635879158973694,0.09375,0.3018510341644287,7
dense_head,1,12,answer,mass,false,0.13392895460128784,0.03125,0.17826950550079346,7
dense_head,1,13,answer,mass,false,0.18710380792617798,0.03125,0.2230328917503357,7
dense_head,1,14,answer,mass,false,0.29595744609832764,0.171875,0.3387005925178528,7
dense_head,1,15,answer,mass,false,0.13854387402534485,0.046875,0.17113278806209564,7
dense_head,1,16,answer,mass,false,0.09424339979887009,0.015625,0.096442312002182,7
dense_head,1,17,answer,mass,false,0.6243687272071838,0.484375,0.6846923828125,7
dense_head,1,18,answer,mass,false,0.20214009284973145,0.0625,0.2762860059738159,7
dense_head,1,19,answer,mass,false,0.18421852588653564,0.0625,0.23634855449199677,7
dense_head,1,20,answer,mass,false,0.1970130205154419,0.046875,0.258237361907959,7
dense_head,1,21,answer,mass,false,0.7032299637794495,0.609375,0.7397030591964722,7
dense_head,1,22,answer,mass,false,0.11639881879091263,0.03125,0.14213772118091583,7
dense_head,1,23,answer,mass,false,0.13542422652244568,0.015625,0.1672544926404953,7
dense_head,2,0,answer,mass,false,0.5774552822113037,0.46875,0.6352159976959229,11
dense_head,2,1,answer,mass,false,0.4901336431503296,0.34375,0.5520708560943604,11
dense_head,2,2,answer,mass,false,0.6487560272216797,0.546875,0.6974145174026489,11
dense_head,2,3,answer,mass,false,0.677261471748352,0.59375,0.6976724863052368,11
dense_head,2,4,answer,mass,false,0.35266244411468506,0.15625,0.4400561451911926,11
dense_head,2,5,answer,mass,false,0.5599223971366882,0.421875,0.629750669002533,11
dense_head,2,6,answer,mass,false,0.2981933057308197,0.140625,0.3848531246185303,11
dense_head,2,7,answer,mass,false,0.28551238775253296,0.125,0.3678789734840393,11
dense_head,2,8,answer,mass,false,0.7009406089782715,0.5625,0.7443602085113525,11
dense_head,2,9,answer,mass,false,0.4827972948551178,0.328125,0.5417338609695435,11
dense_head,2,10,answer,mass,false,0.3235327899456024,0.1875,0.3913150131702423,11
dense_head,2,11,answer,mass,false,0.5557907223701477,0.421875,0.6187320351600647,11
dense_head,2,12,answer,mass,false,0.6346808671951294,0.515625,0.6887997984886169,11
dense_head,2,13,answer,mass,false,0.3841673731803894,0.21875,0.4494110643863678,11
dense_head,2,14,answer,mass,false,0.6541951894760132,0.546875,0.6890950798988342,11
dense_head,2,15,answer,mass,false,0.24433016777038574,0.109375,0.2891455292701721,11
dense_head,2,16,answer,mass,false,0.5155578255653381,0.375,0.5696936249732971,11
dense_head,2,17,answer,mass,false,0.43920421600341797,0.28125,0.5074558258056641,11
dense_head,2,18,answer,mass,false,0.7238762378692627,0.625,0.7640759944915771,11
dense_head,2,19,answer,mass,false,0.554879903793335,0.421875,0.6184510588645935,11
dense_head,2,20,answer,mass,false,0.6170476078987122,0.484375,0.6671438813209534,11
dense_head,2,21,answer,mass,false,0.17075902223587036,0.0625,0.20663149654865265,11
dense_head,2,22,answer,mass,false,0.13101151585578918,0.0625,0.14023981988430023,11
dense_head,2,23,answer,mass,false,0.6080734729766846,0.484375,0.65549236536026,11
dense_head,3,0,answer,mass,false,0.5301321744918823,0.34375,0.6166952252388,15
dense_head,3,1,answer,mass,false,0.6688176393508911,0.5625,0.7132236361503601,15
dense_head,3,2,answer,mass,false,0.7428604364395142,0.640625,0.7803337574005127,15
dense_head,3,3,answer,mass,false,0.7561550736427307,0.65625,0.7944307327270508,15
dense_head,3,4,answer,mass,false,0.7612756490707397,0.6875,0.7871639728546143,15
dense_head,3,5,answer,mass,false,0.5723274946212769,0.4375,0.6252110004425049,15
dense_head,3,6,answer,mass,false,0.5810826420783997,0.421875,0.6393516659736633,15
dense_head,3,7,answer,mass,false,0.6890851855278015,0.609375,0.7227477431297302,15
dense_head,3,8,answer,mass,false,0.4472213387489319,0.265625,0.5287430286407471,15
dense_head,3,9,answer,mass,false,0.7952150702476501,0.71875,0.8209667205810547,15
dense_head,3,10,answer,mass,false,0.65728759765625,0.515625,0.7113469839096069,15
dense_head,3,11,answer,mass,false,0.6842484474182129,0.578125,0.7293261289596558,15
dense_head,3,12,answer,mass,false,0.7170279026031494,0.625,0.7464145421981812,15
dense_head,3,13,answer,mass,false,0.5209463238716125,0.34375,0.5939009189605713,15
dense_head,3,14,answer,mass,false,0.6681514978408813,0.578125,0.6954025626182556,15
dense_head,3,15,answer,mass,false,0.7091203331947327,0.625,0.7401824593544006,15
dense_head,3,16,answer,mass,false,0.6696887016296387,0.5625,0.7262542247772217,15
dense_head,3,17,answer,mass,false,0.6595906019210815,0.53125,0.69453364610672,15
dense_head,3,18,answer,mass,false,0.6190589070320129,0.515625,0.6711187958717346,15
dense_head,3,19,answer,mass,false,0.564517617225647,0.4375,0.6125218272209167,15
dense_head,3,20,answer,mass,false,0.6699366569519043,0.5625,0.7142131924629211,15
dense_head,3,21,answer,mass,false,0.3786255717277527,0.203125,0.4324817657470703,15
dense_head,3,22,answer,mass,false,0.5660237073898315,0.421875,0.6305796504020691,15
dense_head,3,23,answer,mass,false,0.6273991465568542,0.5,0.6736683249473572,15
dense_head,4,0,answer,mass,false,0.24880781769752502,0.0625,0.3313547968864441,19
dense_head,4,1,answer,mass,false,0.7559711933135986,0.6875,0.7797657251358032,19
dense_head,4,2,answer,mass,false,0.7546696662902832,0.65625,0.7919201850891113,19
dense_head,4,3,answer,mass,false,0.6491449475288391,0.53125,0.6992039680480957,19
dense_head,4,4,answer,mass,false,0.5725587606430054,0.40625,0.6446540951728821,19
dense_head,4,5,answer,mass,false,0.6149193048477173,0.5,0.6637671589851379,19
dense_head,4,6,answer,mass,false,0.7421976327896118,0.65625,0.7728390097618103,19
dense_head,4,7,answer,mass,false,0.7410383224487305,0.65625,0.7672591805458069,19
dense_head,4,8,answer,mass,false,0.7169699668884277,0.609375,0.7497103810310364,19
dense_head,4,9,answer,mass,false,0.44057267904281616,0.296875,0.50421541929245,19
dense_head,4,10,answer,mass,false,0.6796768307685852,0.578125,0.72072833776474,19
dense_head,4,11,answer,mass,false,0.7011734843254089,0.578125,0.7344359159469604,19
dense_head,4,12,answer,mass,false,0.714870035648346,0.609375,0.7444497346878052,19
dense_head,4,13,answer,mass,false,0.723242998123169,0.625,0.7551895380020142,19
dense_head,4,14,answer,mass,false,0.7142198085784912,0.609375,0.7461681365966797,19
dense_head,4,15,answer,mass,false,0.6708276271820068,0.5625,0.7034182548522949,19
dense_head,4,16,answer,mass,false,0.7011615037918091,0.609375,0.7285845875740051,19
dense_head,4,17,answer,mass,false,0.7580217123031616,0.671875,0.7892571687698364,19
dense_head,4,18,answer,mass,false,0.5959409475326538,0.4375,0.645869791507721,19
dense_head,4,19,answer,mass,false,0.7829076051712036,0.703125,0.8100963830947876,19
dense_head,4,20,answer,mass,false,0.7636713981628418,0.65625,0.7957276105880737,19
dense_head,4,21,answer,mass,false,0.7535966634750366,0.671875,0.7732855081558228,19
dense_head,4,22,answer,mass,false,0.6635053157806396,0.5625,0.7003002762794495,19
dense_head,4,23,answer,mass,false,0.777624785900116,0.703125,0.8012348413467407,19
dense_head,5,0,answer,mass,false,0.6981582045555115,0.609375,0.739937961101532,23
dense_head,5,1,answer,mass,false,0.7213459014892578,0.640625,0.757074773311615,23
dense_head,5,2,answer,mass,false,0.7597612142562866,0.671875,0.791321873664856,23
dense_head,5,3,answer,mass,false,0.7591380476951599,0.671875,0.7870061993598938,23
dense_head,5,4,answer,mass,false,0.754572868347168,0.65625,0.7878424525260925,23
dense_head,5,5,answer,mass,false,0.6471494436264038,0.515625,0.6845101714134216,23
dense_head,5,6,answer,mass,false,0.7246643304824829,0.609375,0.7696491479873657,23
dense_head,5,7,answer,mass,false,0.7404897212982178,0.640625,0.7760525941848755,23
dense_head,5,8,answer,mass,false,0.730843186378479,0.640625,0.7732305526733398,23
dense_head,5,9,answer,mass,false,0.7813276648521423,0.703125,0.8168723583221436,23
dense_head,5,10,answer,mass,false,0.7412480711936951,0.65625,0.773094117641449,23
dense_head,5,11,answer,mass,false,0.762223482131958,0.671875,0.784070611000061,23
dense_head,5,12,answer,mass,false,0.8593109250068665,0.796875,0.8759652376174927,23
dense_head,5,13,answer,mass,false,0.8346871733665466,0.765625,0.8576579093933105,23
dense_head,5,14,answer,mass,false,0.7441164255142212,0.640625,0.7844451069831848,23
dense_head,5,15,answer,mass,false,0.8140360116958618,0.75,0.8322069048881531,23
dense_head,5,16,answer,mass,false,0.8141498565673828,0.71875,0.8509950041770935,23
dense_head,5,17,answer,mass,false,0.6520190834999084,0.546875,0.7043699026107788,23
dense_head,5,18,answer,mass,false,0.8654389381408691,0.8125,0.8848486542701721,23
dense_head,5,19,answer,mass,false,0.7896919250488281,0.703125,0.8271973133087158,23
dense_head,5,20,answer,mass,false,0.47416365146636963,0.296875,0.544930100440979,23
dense_head,5,21,answer,mass,false,0.8651452660560608,0.796875,0.8850278854370117,23
dense_head,5,22,answer,mass,false,0.7677243947982788,0.671875,0.8016067147254944,23
dense_head,5,23,answer,mass,false,0.7922978401184082,0.6875,0.8264192938804626,23
dense_head,6,0,answer,mass,false,0.8051034212112427,0.71875,0.8303202986717224,27
dense_head,6,1,answer,mass,false,0.7733039855957031,0.6875,0.805751383304596,27
dense_head,6,2,answer,mass,false,0.8554779887199402,0.796875,0.8723525404930115,27
dense_head,6,3,answer,mass,false,0.8433322906494141,0.78125,0.8719737529754639,27
dense_head,6,4,answer,mass,false,0.811176061630249,0.734375,0.8479578495025635,27
dense_head,6,5,answer,mass,false,0.8055400848388672,0.71875,0.8346420526504517,27
dense_head,6,6,answer,mass,false,0.6607417464256287,0.515625,0.7253531217575073,27
dense_head,6,7,answer,mass,false,0.7147665619850159,0.59375,0.7582621574401855,27
dense_head,6,8,answer,mass,false,0.8554553985595703,0.796875,0.8806425333023071,27
dense_head,6,9,answer,mass,false,0.6966448426246643,0.625,0.7272877097129822,27
dense_head,6,10,answer,mass,false,0.6495323777198792,0.53125,0.7024460434913635,27
dense_head,6,11,answer,mass,false,0.7432745695114136,0.640625,0.787822425365448,27
dense_head,6,12,answer,mass,false,0.841740071773529,0.78125,0.8619149327278137,27
dense_head,6,13,answer,mass,false,0.6448290348052979,0.5,0.708774209022522,27
dense_head,6,14,answer,mass,false,0.907037615776062,0.890625,0.9054124355316162,27
dense_head,6,15,answer,mass,false,0.5262424349784851,0.375,0.5957760214805603,27
dense_head,6,16,answer,mass,false,0.795876681804657,0.703125,0.8276553153991699,27
dense_head,6,17,answer,mass,false,0.6084431409835815,0.46875,0.6639991998672485,27
dense_head,6,18,answer,mass,false,0.8543851375579834,0.796875,0.8757397532463074,27
dense_head,6,19,answer,mass,false,0.8467033505439758,0.78125,0.8701609373092651,27
dense_head,6,20,answer,mass,false,0.8028808832168579,0.734375,0.8279826045036316,27
dense_head,6,21,answer,mass,false,0.30603769421577454,0.140625,0.37880367040634155,27
dense_head,6,22,answer,mass,false,0.548260509967804,0.390625,0.6173434257507324,27
dense_head,6,23,answer,mass,false,0.7841726541519165,0.703125,0.8308277130126953,27
dense_head,7,0,answer,mass,false,0.6626651287078857,0.53125,0.7387241721153259,31
dense_head,7,1,answer,mass,false,0.7609908580780029,0.640625,0.8154511451721191,31
dense_head,7,2,answer,mass,false,0.8107802271842957,0.734375,0.8476505279541016,31
dense_head,7,3,answer,mass,false,0.8508113026618958,0.765625,0.8791406154632568,31
dense_head,7,4,answer,mass,false,0.8062134981155396,0.703125,0.8496635556221008,31
dense_head,7,5,answer,mass,false,0.7838541865348816,0.65625,0.8334256410598755,31
dense_head,7,6,answer,mass,false,0.7695745825767517,0.65625,0.803938627243042,31
dense_head,7,7,answer,mass,false,0.7794137597084045,0.671875,0.8237390518188477,31
dense_head,7,8,answer,mass,false,0.6058336496353149,0.4375,0.6911948919296265,31
dense_head,7,9,answer,mass,false,0.8325520753860474,0.734375,0.8653554916381836,31
dense_head,7,10,answer,mass,false,0.7558422088623047,0.625,0.8075448274612427,31
dense_head,7,11,answer,mass,false,0.8306500315666199,0.75,0.8634428381919861,31
dense_head,7,12,answer,mass,false,0.7758277058601379,0.671875,0.8216320872306824,31
dense_head,7,13,answer,mass,false,0.7806919813156128,0.6875,0.8244531154632568,31
dense_head,7,14,answer,mass,false,0.7794550061225891,0.6875,0.8233518600463867,31
dense_head,7,15,answer,mass,false,0.7790973782539368,0.671875,0.814983606338501,31
dense_head,7,16,answer,mass,false,0.773260772228241,0.671875,0.823308527469635,31
dense_head,7,17,answer,mass,false,0.7872869968414307,0.6875,0.8218230605125427,31
dense_head,7,18,answer,mass,false,0.7696434259414673,0.65625,0.8125394582748413,31
dense_head,7,19,answer,mass,false,0.6685405373573303,0.5625,0.7206829190254211,31
dense_head,7,20,answer,mass,false,0.8142004609107971,0.703125,0.852461040019989,31
dense_head,7,21,answer,mass,false,0.6190734505653381,0.4375,0.6934603452682495,31
dense_head,7,22,answer,mass,false,0.7482254505157471,0.625,0.8004523515701294,31
dense_head,7,23,answer,mass,false,0.7710555791854858,0.65625,0.8131306171417236,31
dense_head,8,0,answer,mass,false,0.1941288709640503,0.046875,0.2568944990634918,35
dense_head,8,1,answer,mass,false,0.833101212978363,0.75,0.8697934746742249,35
dense_head,8,2,answer,mass,false,0.8510292768478394,0.78125,0.8779847025871277,35
dense_head,8,3,answer,mass,false,0.7702946662902832,0.671875,0.8216469287872314,35
dense_head,8,4,answer,mass,false,0.7921627163887024,0.671875,0.8351943492889404,35
dense_head,8,5,answer,mass,false,0.8340182900428772,0.75,0.8660738468170166,35
dense_head,8,6,answer,mass,false,0.8082286715507507,0.703125,0.8469239473342896,35
dense_head,8,7,answer,mass,false,0.8491830229759216,0.765625,0.8779720664024353,35
dense_head,8,8,answer,mass,false,0.793046236038208,0.703125,0.830565333366394,35
dense_head,8,9,answer,mass,false,0.44460272789001465,0.296875,0.5229740142822266,35
dense_head,8,10,answer,mass,false,0.8266803622245789,0.75,0.8639540672302246,35
dense_head,8,11,answer,mass,false,0.8370411396026611,0.734375,0.8728355765342712,35
dense_head,8,12,answer,mass,false,0.8494791984558105,0.765625,0.8822571635246277,35
dense_head,8,13,answer,mass,false,0.8433780074119568,0.765625,0.8774063587188721,35
dense_head,8,14,answer,mass,false,0.8808221817016602,0.828125,0.9056901931762695,35
dense_head,8,15,answer,mass,false,0.8046053051948547,0.703125,0.8481425642967224,35
dense_head,8,16,answer,mass,false,0.7793806195259094,0.671875,0.8283631801605225,35
dense_head,8,17,answer,mass,false,0.8074705600738525,0.71875,0.8495234251022339,35
dense_head,8,18,answer,mass,false,0.7815472483634949,0.671875,0.8257753252983093,35
dense_head,8,19,answer,mass,false,0.8782051205635071,0.796875,0.9048248529434204,35
dense_head,8,20,answer,mass,false,0.876953125,0.8125,0.9025334715843201,35
dense_head,8,21,answer,mass,false,0.8664900064468384,0.78125,0.895491361618042,35
dense_head,8,22,answer,mass,false,0.7632378339767456,0.65625,0.8160207271575928,35
dense_head,8,23,answer,mass,false,0.8417078256607056,0.765625,0.8763977885246277,35
dense_head,9,0,answer,mass,false,0.8485897183418274,0.78125,0.8770361542701721,39
dense_head,9,1,answer,mass,false,0.8157172799110413,0.71875,0.8522153496742249,39
dense_head,9,2,answer,mass,false,0.8597097992897034,0.78125,0.8899892568588257,39
dense_head,9,3,answer,mass,false,0.8537489175796509,0.765625,0.885532557964325,39
dense_head,9,4,answer,mass,false,0.8532795310020447,0.765625,0.8813873529434204,39
dense_head,9,5,answer,mass,false,0.8304687738418579,0.734375,0.864392876625061,39
dense_head,9,6,answer,mass,false,0.8547618985176086,0.78125,0.881492018699646,39
dense_head,9,7,answer,mass,false,0.8498759865760803,0.78125,0.8775009512901306,39
dense_head,9,8,answer,mass,false,0.8754189014434814,0.8125,0.8976043462753296,39
dense_head,9,9,answer,mass,false,0.8584635853767395,0.796875,0.8879757523536682,39
dense_head,9,10,answer,mass,false,0.8644832372665405,0.796875,0.8931108713150024,39
dense_head,9,11,answer,mass,false,0.8623422980308533,0.78125,0.8876775503158569,39
dense_head,9,12,answer,mass,false,0.9052817821502686,0.859375,0.9238202571868896,39
dense_head,9,13,answer,mass,false,0.8910456299781799,0.828125,0.9089442491531372,39
dense_head,9,14,answer,mass,false,0.7705976963043213,0.640625,0.8148859143257141,39
dense_head,9,15,answer,mass,false,0.8469333052635193,0.75,0.8720203042030334,39
dense_head,9,16,answer,mass,false,0.8779829144477844,0.796875,0.9036954045295715,39
dense_head,9,17,answer,mass,false,0.7794395089149475,0.6875,0.8246612548828125,39
dense_head,9,18,answer,mass,false,0.8751669526100159,0.8125,0.8930413722991943,39
dense_head,9,19,answer,mass,false,0.8907986283302307,0.828125,0.9133700132369995,39
dense_head,9,20,answer,mass,false,0.8065855503082275,0.71875,0.8493798971176147,39
dense_head,9,21,answer,mass,false,0.897620439529419,0.84375,0.9144331216812134,39
dense_head,9,22,answer,mass,false,0.8542377948760986,0.78125,0.8765788078308105,39
dense_head,9,23,answer,mass,false,0.5265589952468872,0.34375,0.6221702098846436,39
dense_head,10,0,answer,mass,false,0.8746386766433716,0.796875,0.8971329927444458,43
dense_head,10,1,answer,mass,false,0.8739397525787354,0.8125,0.900327742099762,43
dense_head,10,2,answer,mass,false,0.8629836440086365,0.78125,0.8927539587020874,43
dense_head,10,3,answer,mass,false,0.8328124284744263,0.734375,0.8740768432617188,43
dense_head,10,4,answer,mass,false,0.8829054832458496,0.8125,0.9078288078308105,43
dense_head,10,5,answer,mass,false,0.868886411190033,0.796875,0.8969396948814392,43
dense_head,10,6,answer,mass,false,0.4645955562591553,0.25,0.5714155435562134,43
dense_head,10,7,answer,mass,false,0.8746899962425232,0.796875,0.9018365740776062,43
dense_head,10,8,answer,mass,false,0.8467633128166199,0.75,0.8761454820632935,43
dense_head,10,9,answer,mass,false,0.8501183986663818,0.75,0.8787496089935303,43
dense_head,10,10,answer,mass,false,0.8723501563072205,0.796875,0.8997907638549805,43
dense_head,10,11,answer,mass,false,0.8796741962432861,0.828125,0.9001617431640625,43
dense_head,10,12,answer,mass,false,0.8633016347885132,0.796875,0.8885417580604553,43
dense_head,10,13,answer,mass,false,0.8564631342887878,0.78125,0.8879435062408447,43
dense_head,10,14,answer,mass,false,0.8391368985176086,0.734375,0.874567985534668,43
dense_head,10,15,answer,mass,false,0.7395169138908386,0.578125,0.7956058979034424,43
dense_head,10,16,answer,mass,false,0.8579743504524231,0.78125,0.8887391686439514,43
dense_head,10,17,answer,mass,false,0.865394651889801,0.796875,0.8935914635658264,43
dense_head,10,18,answer,mass,false,0.8720982074737549,0.796875,0.8994028568267822,43
dense_head,10,19,answer,mass,false,0.8627762794494629,0.796875,0.8917849659919739,43
dense_head,10,20,answer,mass,false,0.8566716909408569,0.78125,0.8832600116729736,43
dense_head,10,21,answer,mass,false,0.8318696022033691,0.75,0.8642736673355103,43
dense_head,10,22,answer,mass,false,0.8644531965255737,0.796875,0.8935092687606812,43
dense_head,10,23,answer,mass,false,0.8535807132720947,0.765625,0.8813873529434204,43
dense_head,11,0,answer,mass,false,0.8625315427780151,0.765625,0.8923488855361938,47
dense_head,11,1,answer,mass,false,0.8802494406700134,0.796875,0.9015023112297058,47
dense_head,11,2,answer,mass,false,0.8407217264175415,0.75,0.8719332814216614,47
dense_head,11,3,answer,mass,false,0.8720352649688721,0.796875,0.8949665427207947,47
dense_head,11,4,answer,mass,false,0.8325402736663818,0.734375,0.864643394947052,47
dense_head,11,5,answer,mass,false,0.8435593247413635,0.78125,0.8637443780899048,47
dense_head,11,6,answer,mass,false,0.8316331505775452,0.734375,0.8646301627159119,47
dense_head,11,7,answer,mass,false,0.8620256185531616,0.78125,0.887678861618042,47
dense_head,11,8,answer,mass,false,0.8591145873069763,0.765625,0.8899151086807251,47
dense_head,11,9,answer,mass,false,0.8340427875518799,0.734375,0.8666645884513855,47
dense_head,11,10,answer,mass,false,0.86328125,0.78125,0.888515055179596,47
dense_head,11,11,answer,mass,false,0.8230172991752625,0.75,0.8568040132522583,47
dense_head,11,12,answer,mass,false,0.7449838519096375,0.609375,0.8068709373474121,47
dense_head,11,13,answer,mass,false,0.7508411407470703,0.625,0.8026689291000366,47
dense_head,11,14,answer,mass,false,0.8050099015235901,0.703125,0.8521795272827148,47
dense_head,11,15,answer,mass,false,0.7031875848770142,0.5625,0.7621341943740845,47
dense_head,11,16,answer,mass,false,0.8196690678596497,0.71875,0.8559809923171997,47
dense_head,11,17,answer,mass,false,0.7296198606491089,0.578125,0.7823989391326904,47
dense_head,11,18,answer,mass,false,0.6523566246032715,0.484375,0.7191091775894165,47
dense_head,11,19,answer,mass,false,0.30384665727615356,0.09375,0.39968135952949524,47
dense_head,11,20,answer,mass,false,0.7969933748245239,0.6875,0.8382779359817505,47
dense_head,11,21,answer,mass,false,0.7965649962425232,0.671875,0.8468742966651917,47
dense_head,11,22,answer,mass,false,0.5851395726203918,0.4375,0.6530773043632507,47
dense_head,11,23,answer,mass,false,0.7800925970077515,0.640625,0.8266685605049133,47
dense_head_top16_cv,-1,-1,answer,mass,false,0.8777777552604675,0.796875,0.9038823246955872,-1
dense_head_top16_cv_gated,-1,-1,answer,mass,false,0.8776041865348816,0.796875,0.9038823246955872,-1
dense_head_all_mean,-1,-1,answer,mass,false,0.870829164981842,0.796875,0.8940039277076721,-1
dense_head,0,0,answer,mass,true,0.12269304692745209,0.046875,0.1304187774658203,3
dense_head,0,1,answer,mass,true,0.14064975082874298,0.046875,0.15453186631202698,3
dense_head,0,2,answer,mass,true,0.13135743141174316,0.03125,0.15133987367153168,3
dense_head,0,3,answer,mass,true,0.09525613486766815,0.03125,0.08909778296947479,3
dense_head,0,4,answer,mass,true,0.13309183716773987,0.046875,0.1549602895975113,3
dense_head,0,5,answer,mass,true,0.23905259370803833,0.140625,0.26295527815818787,3
dense_head,0,6,answer,mass,true,0.28274112939834595,0.203125,0.3039666414260864,3
dense_head,0,7,answer,mass,true,0.1282711774110794,0.0625,0.1258651316165924,3
dense_head,0,8,answer,mass,true,0.15612776577472687,0.09375,0.163467139005661,3
dense_head,0,9,answer,mass,true,0.33242884278297424,0.234375,0.3779931962490082,3
dense_head,0,10,answer,mass,true,0.07569340616464615,0.0,0.07846131920814514,3
dense_head,0,11,answer,mass,true,0.09256693720817566,0.015625,0.09724485129117966,3
dense_head,0,12,answer,mass,true,0.1083531379699707,0.046875,0.10766847431659698,3
dense_head,0,13,answer,mass,true,0.06660168617963791,0.0,0.0709051638841629,3
dense_head,0,14,answer,mass,true,0.08157791197299957,0.0,0.08803915232419968,3
dense_head,0,15,answer,mass,true,0.10919979959726334,0.03125,0.11614920943975449,3
dense_head,0,16,answer,mass,true,0.18709899485111237,0.09375,0.21593424677848816,3
dense_head,0,17,answer,mass,true,0.07279018312692642,0.0,0.07391964644193649,3
dense_head,0,18,answer,mass,true,0.09387221187353134,0.03125,0.0904332622885704,3
dense_head,0,19,answer,mass,true,0.09059329330921173,0.03125,0.08694545924663544,3
dense_head,0,20,answer,mass,true,0.4337391257286072,0.328125,0.4660384953022003,3
dense_head,0,21,answer,mass,true,0.10319706797599792,0.03125,0.11604654788970947,3
dense_head,0,22,answer,mass,true,0.4471457302570343,0.359375,0.4833030700683594,3
dense_head,0,23,answer,mass,true,0.17904727160930634,0.09375,0.20055532455444336,3
dense_head,1,0,answer,mass,true,0.32116907835006714,0.265625,0.33747586607933044,7
dense_head,1,1,answer,mass,true,0.4414076507091522,0.328125,0.4846087098121643,7
dense_head,1,2,answer,mass,true,0.5016469955444336,0.421875,0.5216068029403687,7
dense_head,1,3,answer,mass,true,0.5184193253517151,0.390625,0.5554654002189636,7
dense_head,1,4,answer,mass,true,0.6611375212669373,0.546875,0.6997309923171997,7
dense_head,1,5,answer,mass,true,0.5644010901451111,0.46875,0.5899662375450134,7
dense_head,1,6,answer,mass,true,0.47111910581588745,0.40625,0.49792227149009705,7
dense_head,1,7,answer,mass,true,0.5408589243888855,0.4375,0.5687404870986938,7
dense_head,1,8,answer,mass,true,0.3048364818096161,0.1875,0.3447047173976898,7
dense_head,1,9,answer,mass,true,0.4312863349914551,0.328125,0.47200509905815125,7
dense_head,1,10,answer,mass,true,0.44195255637168884,0.375,0.4605294466018677,7
dense_head,1,11,answer,mass,true,0.3147149682044983,0.203125,0.37433505058288574,7
dense_head,1,12,answer,mass,true,0.11587991565465927,0.03125,0.14109328389167786,7
dense_head,1,13,answer,mass,true,0.20969079434871674,0.109375,0.25639960169792175,7
dense_head,1,14,answer,mass,true,0.12281205505132675,0.0625,0.13025100529193878,7
dense_head,1,15,answer,mass,true,0.14272624254226685,0.0625,0.16566944122314453,7
dense_head,1,16,answer,mass,true,0.07811721414327621,0.015625,0.08306262642145157,7
dense_head,1,17,answer,mass,true,0.5632487535476685,0.46875,0.6047167181968689,7
dense_head,1,18,answer,mass,true,0.15540742874145508,0.09375,0.1562473177909851,7
dense_head,1,19,answer,mass,true,0.1420968621969223,0.0625,0.15166278183460236,7
dense_head,1,20,answer,mass,true,0.2386162281036377,0.09375,0.2893257141113281,7
dense_head,1,21,answer,mass,true,0.504977285861969,0.390625,0.5478770136833191,7
dense_head,1,22,answer,mass,true,0.057623494416475296,0.0,0.04952318221330643,7
dense_head,1,23,answer,mass,true,0.0753745511174202,0.015625,0.07126461714506149,7
dense_head,2,0,answer,mass,true,0.4944460391998291,0.390625,0.5407101511955261,11
dense_head,2,1,answer,mass,true,0.4724406599998474,0.359375,0.5139856338500977,11
dense_head,2,2,answer,mass,true,0.5325812101364136,0.4375,0.5747801065444946,11
dense_head,2,3,answer,mass,true,0.6387063264846802,0.546875,0.6609899997711182,11
dense_head,2,4,answer,mass,true,0.4145801365375519,0.296875,0.46623486280441284,11
dense_head,2,5,answer,mass,true,0.41420915722846985,0.34375,0.42597696185112,11
dense_head,2,6,answer,mass,true,0.27185937762260437,0.109375,0.3237473666667938,11
dense_head,2,7,answer,mass,true,0.3734876215457916,0.25,0.43491098284721375,11
dense_head,2,8,answer,mass,true,0.5716217756271362,0.484375,0.5838276147842407,11
dense_head,2,9,answer,mass,true,0.16483564674854279,0.125,0.1628769338130951,11
dense_head,2,10,answer,mass,true,0.3353442847728729,0.21875,0.3617999851703644,11
dense_head,2,11,answer,mass,true,0.44365841150283813,0.34375,0.4802606403827667,11
dense_head,2,12,answer,mass,true,0.5825677514076233,0.5,0.6037778854370117,11
dense_head,2,13,answer,mass,true,0.26412659883499146,0.171875,0.28968116641044617,11
dense_head,2,14,answer,mass,true,0.5705143213272095,0.515625,0.5916927456855774,11
dense_head,2,15,answer,mass,true,0.3068096339702606,0.1875,0.3478335738182068,11
dense_head,2,16,answer,mass,true,0.5090768337249756,0.40625,0.5460658073425293,11
dense_head,2,17,answer,mass,true,0.48691102862358093,0.359375,0.526433527469635,11
dense_head,2,18,answer,mass,true,0.6632143259048462,0.5625,0.7017334699630737,11
dense_head,2,19,answer,mass,true,0.3867921531200409,0.328125,0.3929080665111542,11
dense_head,2,20,answer,mass,true,0.6310723423957825,0.53125,0.6695989966392517,11
dense_head,2,21,answer,mass,true,0.20575758814811707,0.109375,0.21858350932598114,11
dense_head,2,22,answer,mass,true,0.18895363807678223,0.078125,0.22072483599185944,11
dense_head,2,23,answer,mass,true,0.5467379093170166,0.453125,0.5806804895401001,11
dense_head,3,0,answer,mass,true,0.4892948269844055,0.34375,0.5561928749084473,15
dense_head,3,1,answer,mass,true,0.5138446688652039,0.453125,0.5266901254653931,15
dense_head,3,2,answer,mass,true,0.7035881280899048,0.625,0.7311092615127563,15
dense_head,3,3,answer,mass,true,0.6198776364326477,0.546875,0.6402830481529236,15
dense_head,3,4,answer,mass,true,0.5678718686103821,0.484375,0.5922766923904419,15
dense_head,3,5,answer,mass,true,0.4596973657608032,0.34375,0.5117870569229126,15
dense_head,3,6,answer,mass,true,0.6043001413345337,0.515625,0.6435449719429016,15
dense_head,3,7,answer,mass,true,0.6164442300796509,0.546875,0.6561834216117859,15
dense_head,3,8,answer,mass,true,0.28862714767456055,0.203125,0.30321553349494934,15
dense_head,3,9,answer,mass,true,0.6841067671775818,0.609375,0.7123475670814514,15
dense_head,3,10,answer,mass,true,0.6372600197792053,0.5,0.6844779253005981,15
dense_head,3,11,answer,mass,true,0.6638256311416626,0.578125,0.6930093169212341,15
dense_head,3,12,answer,mass,true,0.6650737524032593,0.59375,0.694072425365448,15
dense_head,3,13,answer,mass,true,0.6055975556373596,0.515625,0.638532817363739,15
dense_head,3,14,answer,mass,true,0.6400138735771179,0.5625,0.6672741174697876,15
dense_head,3,15,answer,mass,true,0.667117714881897,0.578125,0.6906378269195557,15
dense_head,3,16,answer,mass,true,0.5813843011856079,0.5,0.6067416667938232,15
dense_head,3,17,answer,mass,true,0.6207109689712524,0.515625,0.6594055891036987,15
dense_head,3,18,answer,mass,true,0.6236891746520996,0.515625,0.6588237285614014,15
dense_head,3,19,answer,mass,true,0.4782567620277405,0.359375,0.5162175297737122,15
dense_head,3,20,answer,mass,true,0.5546927452087402,0.46875,0.5806999802589417,15
dense_head,3,21,answer,mass,true,0.4425811469554901,0.3125,0.4918613135814667,15
dense_head,3,22,answer,mass,true,0.48324549198150635,0.34375,0.5344506502151489,15
dense_head,3,23,answer,mass,true,0.6287661194801331,0.515625,0.6792627573013306,15
dense_head,4,0,answer,mass,true,0.41980692744255066,0.28125,0.48036372661590576,19
dense_head,4,1,answer,mass,true,0.6035438179969788,0.515625,0.6272622346878052,19
dense_head,4,2,answer,mass,true,0.6801364421844482,0.5625,0.7179605960845947,19
dense_head,4,3,answer,mass,true,0.12946733832359314,0.09375,0.12610715627670288,19
dense_head,4,4,answer,mass,true,0.43111205101013184,0.296875,0.4852421283721924,19
dense_head,4,5,answer,mass,true,0.332502543926239,0.25,0.34532880783081055,19
dense_head,4,6,answer,mass,true,0.724526047706604,0.640625,0.7562945485115051,19
dense_head,4,7,answer,mass,true,0.7248154282569885,0.65625,0.7561131119728088,19
dense_head,4,8,answer,mass,true,0.6148374080657959,0.53125,0.6474980711936951,19
dense_head,4,9,answer,mass,true,0.3263664245605469,0.25,0.34850114583969116,19
dense_head,4,10,answer,mass,true,0.5660042762756348,0.484375,0.6078643202781677,19
dense_head,4,11,answer,mass,true,0.7146769762039185,0.640625,0.738901674747467,19
dense_head,4,12,answer,mass,true,0.4349800944328308,0.328125,0.4596233069896698,19
dense_head,4,13,answer,mass,true,0.6850229501724243,0.59375,0.7235226631164551,19
dense_head,4,14,answer,mass,true,0.6678478121757507,0.5625,0.6974387168884277,19
dense_head,4,15,answer,mass,true,0.6149505972862244,0.484375,0.6586199402809143,19
dense_head,4,16,answer,mass,true,0.6364998817443848,0.53125,0.6838157773017883,19
dense_head,4,17,answer,mass,true,0.7002785801887512,0.609375,0.7289352416992188,19
dense_head,4,18,answer,mass,true,0.3557044565677643,0.234375,0.3841143250465393,19
dense_head,4,19,answer,mass,true,0.691396176815033,0.609375,0.7206716537475586,19
dense_head,4,20,answer,mass,true,0.7215496897697449,0.59375,0.7657632827758789,19
dense_head,4,21,answer,mass,true,0.7838788032531738,0.703125,0.8118642568588257,19
dense_head,4,22,answer,mass,true,0.37979161739349365,0.328125,0.383183091878891,19
dense_head,4,23,answer,mass,true,0.5635560750961304,0.46875,0.5901786088943481,19
dense_head,5,0,answer,mass,true,0.5169717073440552,0.453125,0.5350199937820435,23
dense_head,5,1,answer,mass,true,0.6249893307685852,0.53125,0.6548570990562439,23
dense_head,5,2,answer,mass,true,0.6436141729354858,0.546875,0.6810310482978821,23
dense_head,5,3,answer,mass,true,0.621235728263855,0.515625,0.6535817384719849,23
dense_head,5,4,answer,mass,true,0.6937785744667053,0.609375,0.730152428150177,23
dense_head,5,5,answer,mass,true,0.6711449027061462,0.609375,0.697759747505188,23
dense_head,5,6,answer,mass,true,0.689983606338501,0.609375,0.7163853645324707,23
dense_head,5,7,answer,mass,true,0.7233988642692566,0.609375,0.7586787343025208,23
dense_head,5,8,answer,mass,true,0.7016785144805908,0.59375,0.7413502931594849,23
dense_head,5,9,answer,mass,true,0.7104523777961731,0.59375,0.7480610609054565,23
dense_head,5,10,answer,mass,true,0.6700767874717712,0.5625,0.7100002765655518,23
dense_head,5,11,answer,mass,true,0.7219567894935608,0.640625,0.7534835934638977,23
dense_head,5,12,answer,mass,true,0.7963112592697144,0.734375,0.82219398021698,23
dense_head,5,13,answer,mass,true,0.7785637974739075,0.71875,0.8031963109970093,23
dense_head,5,14,answer,mass,true,0.6746554374694824,0.609375,0.7002796530723572,23
dense_head,5,15,answer,mass,true,0.681555986404419,0.59375,0.7071056365966797,23
dense_head,5,16,answer,mass,true,0.7260139584541321,0.65625,0.7544467449188232,23
dense_head,5,17,answer,mass,true,0.7019003033638,0.640625,0.7205188274383545,23
dense_head,5,18,answer,mass,true,0.7473099231719971,0.671875,0.7688834071159363,23
dense_head,5,19,answer,mass,true,0.7847775816917419,0.703125,0.8131542801856995,23
dense_head,5,20,answer,mass,true,0.4717485308647156,0.375,0.514792799949646,23
dense_head,5,21,answer,mass,true,0.8268518447875977,0.765625,0.8528002500534058,23
dense_head,5,22,answer,mass,true,0.7601821422576904,0.671875,0.7895157337188721,23
dense_head,5,23,answer,mass,true,0.8152428269386292,0.765625,0.8326207399368286,23
dense_head,6,0,answer,mass,true,0.7523810863494873,0.6875,0.7746374011039734,27
dense_head,6,1,answer,mass,true,0.7420741319656372,0.65625,0.7792518734931946,27
dense_head,6,2,answer,mass,true,0.7527220845222473,0.65625,0.7971236705780029,27
dense_head,6,3,answer,mass,true,0.7241691946983337,0.640625,0.7590739727020264,27
dense_head,6,4,answer,mass,true,0.7648155689239502,0.640625,0.8071926832199097,27
dense_head,6,5,answer,mass,true,0.6305989623069763,0.5625,0.6621690988540649,27
dense_head,6,6,answer,mass,true,0.5296030044555664,0.390625,0.5967729091644287,27
dense_head,6,7,answer,mass,true,0.6308543682098389,0.484375,0.6911029815673828,27
dense_head,6,8,answer,mass,true,0.7798122763633728,0.71875,0.8120578527450562,27
dense_head,6,9,answer,mass,true,0.5144507884979248,0.421875,0.542153537273407,27
dense_head,6,10,answer,mass,true,0.5424511432647705,0.40625,0.5991092920303345,27
dense_head,6,11,answer,mass,true,0.6210948824882507,0.515625,0.660337507724762,27
dense_head,6,12,answer,mass,true,0.7743210792541504,0.71875,0.798808753490448,27
dense_head,6,13,answer,mass,true,0.6199016571044922,0.484375,0.6809274554252625,27
dense_head,6,14,answer,mass,true,0.7921430468559265,0.71875,0.8185935616493225,27
dense_head,6,15,answer,mass,true,0.45112812519073486,0.28125,0.5174647569656372,27
dense_head,6,16,answer,mass,true,0.7084779739379883,0.609375,0.7545197010040283,27
dense_head,6,17,answer,mass,true,0.6258895397186279,0.515625,0.6643489003181458,27
dense_head,6,18,answer,mass,true,0.8100831508636475,0.765625,0.8268330693244934,27
dense_head,6,19,answer,mass,true,0.6228146553039551,0.546875,0.6582025289535522,27
dense_head,6,20,answer,mass,true,0.7778732180595398,0.703125,0.8108688592910767,27
dense_head,6,21,answer,mass,true,0.4068090617656708,0.3125,0.4480533301830292,27
dense_head,6,22,answer,mass,true,0.5049830675125122,0.34375,0.5697646141052246,27
dense_head,6,23,answer,mass,true,0.7578737139701843,0.671875,0.7887046933174133,27
dense_head,7,0,answer,mass,true,0.6224926114082336,0.515625,0.6717380285263062,31
dense_head,7,1,answer,mass,true,0.6374202370643616,0.546875,0.6582316756248474,31
dense_head,7,2,answer,mass,true,0.7131876945495605,0.625,0.7468405961990356,31
dense_head,7,3,answer,mass,true,0.7548602223396301,0.703125,0.7778914570808411,31
dense_head,7,4,answer,mass,true,0.6861212253570557,0.578125,0.7276461124420166,31
dense_head,7,5,answer,mass,true,0.6704570651054382,0.59375,0.7028489112854004,31
dense_head,7,6,answer,mass,true,0.7184992432594299,0.625,0.7544461488723755,31
dense_head,7,7,answer,mass,true,0.6753662824630737,0.5625,0.7214205265045166,31
dense_head,7,8,answer,mass,true,0.4181933104991913,0.296875,0.4594300091266632,31
dense_head,7,9,answer,mass,true,0.7645452618598938,0.6875,0.7904726266860962,31
dense_head,7,10,answer,mass,true,0.7167114019393921,0.59375,0.7689133882522583,31
dense_head,7,11,answer,mass,true,0.792341411113739,0.6875,0.8272555470466614,31
dense_head,7,12,answer,mass,true,0.7405972480773926,0.625,0.7842156291007996,31
dense_head,7,13,answer,mass,true,0.6698701977729797,0.578125,0.7002089023590088,31
dense_head,7,14,answer,mass,true,0.7338140606880188,0.671875,0.758125364780426,31
dense_head,7,15,answer,mass,true,0.6579887866973877,0.546875,0.6932471990585327,31
dense_head,7,16,answer,mass,true,0.6903414130210876,0.59375,0.7251415252685547,31
dense_head,7,17,answer,mass,true,0.7097082138061523,0.625,0.7433807253837585,31
dense_head,7,18,answer,mass,true,0.6249250769615173,0.515625,0.6589464545249939,31
dense_head,7,19,answer,mass,true,0.5188541412353516,0.4375,0.5492672324180603,31
dense_head,7,20,answer,mass,true,0.7310583591461182,0.625,0.7655609250068665,31
dense_head,7,21,answer,mass,true,0.6281092762947083,0.484375,0.6860852241516113,31
dense_head,7,22,answer,mass,true,0.6524733304977417,0.5625,0.6832146644592285,31
dense_head,7,23,answer,mass,true,0.6926611661911011,0.578125,0.7356308698654175,31
dense_head,8,0,answer,mass,true,0.40016424655914307,0.234375,0.48108258843421936,35
dense_head,8,1,answer,mass,true,0.6935607194900513,0.609375,0.7161953449249268,35
dense_head,8,2,answer,mass,true,0.7356730699539185,0.640625,0.7725694179534912,35
dense_head,8,3,answer,mass,true,0.38389724493026733,0.328125,0.3873082995414734,35
dense_head,8,4,answer,mass,true,0.6762621402740479,0.546875,0.715216338634491,35
dense_head,8,5,answer,mass,true,0.6542354226112366,0.59375,0.6737197637557983,35
dense_head,8,6,answer,mass,true,0.7126379013061523,0.609375,0.7390871644020081,35
dense_head,8,7,answer,mass,true,0.7331880331039429,0.640625,0.7659151554107666,35
dense_head,8,8,answer,mass,true,0.6678648591041565,0.546875,0.7038160562515259,35
dense_head,8,9,answer,mass,true,0.450406551361084,0.328125,0.48893141746520996,35
dense_head,8,10,answer,mass,true,0.7815496921539307,0.71875,0.8102540969848633,35
dense_head,8,11,answer,mass,true,0.752739667892456,0.671875,0.7809725999832153,35
dense_head,8,12,answer,mass,true,0.5691211819648743,0.484375,0.593162477016449,35
dense_head,8,13,answer,mass,true,0.6988961100578308,0.625,0.7243598699569702,35
dense_head,8,14,answer,mass,true,0.784773588180542,0.703125,0.8178520798683167,35
dense_head,8,15,answer,mass,true,0.7381163239479065,0.640625,0.7778760194778442,35
dense_head,8,16,answer,mass,true,0.7371176481246948,0.625,0.7817901968955994,35
dense_head,8,17,answer,mass,true,0.694724440574646,0.578125,0.7377548217773438,35
dense_head,8,18,answer,mass,true,0.6852753162384033,0.578125,0.7260841727256775,35
dense_head,8,19,answer,mass,true,0.6901894807815552,0.59375,0.7182071208953857,35
dense_head,8,20,answer,mass,true,0.7973180413246155,0.71875,0.8216121196746826,35
dense_head,8,21,answer,mass,true,0.8488591313362122,0.765625,0.8823978304862976,35
dense_head,8,22,answer,mass,true,0.5851861238479614,0.5,0.6180405020713806,35
dense_head,8,23,answer,mass,true,0.687711775302887,0.609375,0.7116628289222717,35
dense_head,9,0,answer,mass,true,0.6247771978378296,0.578125,0.632099986076355,39
dense_head,9,1,answer,mass,true,0.6258644461631775,0.53125,0.6527455449104309,39
dense_head,9,2,answer,mass,true,0.6990737318992615,0.609375,0.7361437082290649,39
dense_head,9,3,answer,mass,true,0.6645619869232178,0.5625,0.6945685744285583,39
dense_head,9,4,answer,mass,true,0.7017645239830017,0.625,0.7258603572845459,39
dense_head,9,5,answer,mass,true,0.6686639189720154,0.578125,0.7012391686439514,39
dense_head,9,6,answer,mass,true,0.7370944023132324,0.640625,0.7716199159622192,39
dense_head,9,7,answer,mass,true,0.7595516443252563,0.6875,0.7899010181427002,39
dense_head,9,8,answer,mass,true,0.7223263382911682,0.65625,0.7455865740776062,39
dense_head,9,9,answer,mass,true,0.6707649230957031,0.5625,0.7148953080177307,39
dense_head,9,10,answer,mass,true,0.7624968886375427,0.65625,0.7968877553939819,39
dense_head,9,11,answer,mass,true,0.669899046421051,0.59375,0.6937540769577026,39
dense_head,9,12,answer,mass,true,0.7910853624343872,0.734375,0.8179919719696045,39
dense_head,9,13,answer,mass,true,0.8050726652145386,0.734375,0.8360406756401062,39
dense_head,9,14,answer,mass,true,0.5439918041229248,0.421875,0.5761078596115112,39
dense_head,9,15,answer,mass,true,0.6529325842857361,0.5625,0.6819496750831604,39
dense_head,9,16,answer,mass,true,0.7371904850006104,0.65625,0.7656404972076416,39
dense_head,9,17,answer,mass,true,0.6791244149208069,0.625,0.6974351406097412,39
dense_head,9,18,answer,mass,true,0.7488169074058533,0.671875,0.7739653587341309,39
dense_head,9,19,answer,mass,true,0.7942411303520203,0.71875,0.8208281397819519,39
dense_head,9,20,answer,mass,true,0.6484150886535645,0.609375,0.6619407534599304,39
dense_head,9,21,answer,mass,true,0.7657226920127869,0.6875,0.7949123382568359,39
dense_head,9,22,answer,mass,true,0.7658470869064331,0.671875,0.7902079224586487,39
dense_head,9,23,answer,mass,true,0.5417667627334595,0.453125,0.5839570760726929,39
dense_head,10,0,answer,mass,true,0.7518750429153442,0.640625,0.785403847694397,43
dense_head,10,1,answer,mass,true,0.687984824180603,0.59375,0.7150781154632568,43
dense_head,10,2,answer,mass,true,0.7501147389411926,0.65625,0.783622682094574,43
dense_head,10,3,answer,mass,true,0.7180337905883789,0.625,0.7534029483795166,43
dense_head,10,4,answer,mass,true,0.7731863856315613,0.6875,0.804576575756073,43
dense_head,10,5,answer,mass,true,0.7342899441719055,0.640625,0.76755291223526,43
dense_head,10,6,answer,mass,true,0.5320712924003601,0.40625,0.5829981565475464,43
dense_head,10,7,answer,mass,true,0.7365241646766663,0.625,0.7770202159881592,43
dense_head,10,8,answer,mass,true,0.8458116054534912,0.796875,0.8671315312385559,43
dense_head,10,9,answer,mass,true,0.636996328830719,0.53125,0.6765280365943909,43
dense_head,10,10,answer,mass,true,0.7084329724311829,0.609375,0.7401221990585327,43
dense_head,10,11,answer,mass,true,0.7291342616081238,0.609375,0.772049069404602,43
dense_head,10,12,answer,mass,true,0.7119569182395935,0.625,0.7343108654022217,43
dense_head,10,13,answer,mass,true,0.6991636753082275,0.578125,0.7380040287971497,43
dense_head,10,14,answer,mass,true,0.6928840279579163,0.578125,0.7279858589172363,43
dense_head,10,15,answer,mass,true,0.7333889007568359,0.65625,0.76617431640625,43
dense_head,10,16,answer,mass,true,0.7103351950645447,0.625,0.7328693866729736,43
dense_head,10,17,answer,mass,true,0.7634232640266418,0.671875,0.8037131428718567,43
dense_head,10,18,answer,mass,true,0.6564872860908508,0.53125,0.6977779865264893,43
dense_head,10,19,answer,mass,true,0.7291066646575928,0.65625,0.7548112869262695,43
dense_head,10,20,answer,mass,true,0.7111729979515076,0.640625,0.7360432147979736,43
dense_head,10,21,answer,mass,true,0.6674371957778931,0.59375,0.6990016102790833,43
dense_head,10,22,answer,mass,true,0.7414170503616333,0.6875,0.7602129578590393,43
dense_head,10,23,answer,mass,true,0.7076215147972107,0.609375,0.7415111660957336,43
dense_head,11,0,answer,mass,true,0.744782030582428,0.609375,0.7876211404800415,47
dense_head,11,1,answer,mass,true,0.6412534117698669,0.53125,0.6773171424865723,47
dense_head,11,2,answer,mass,true,0.7320024371147156,0.640625,0.7645043134689331,47
dense_head,11,3,answer,mass,true,0.7140741348266602,0.625,0.7371619939804077,47
dense_head,11,4,answer,mass,true,0.689054548740387,0.609375,0.7206437587738037,47
dense_head,11,5,answer,mass,true,0.6682484745979309,0.609375,0.687344491481781,47
dense_head,11,6,answer,mass,true,0.689571738243103,0.625,0.7125808000564575,47
dense_head,11,7,answer,mass,true,0.6972902417182922,0.625,0.7227182984352112,47
dense_head,11,8,answer,mass,true,0.751000165939331,0.671875,0.7712953686714172,47
dense_head,11,9,answer,mass,true,0.765143632888794,0.671875,0.7937020063400269,47
dense_head,11,10,answer,mass,true,0.7676918506622314,0.6875,0.7923209071159363,47
dense_head,11,11,answer,mass,true,0.5722540020942688,0.515625,0.5830786228179932,47
dense_head,11,12,answer,mass,true,0.5460574626922607,0.453125,0.5794017910957336,47
dense_head,11,13,answer,mass,true,0.6542112827301025,0.546875,0.6950801610946655,47
dense_head,11,14,answer,mass,true,0.6662715077400208,0.5625,0.7080349922180176,47
dense_head,11,15,answer,mass,true,0.6744081377983093,0.546875,0.7316957712173462,47
dense_head,11,16,answer,mass,true,0.740078330039978,0.59375,0.7837285995483398,47
dense_head,11,17,answer,mass,true,0.542752742767334,0.453125,0.584138035774231,47
dense_head,11,18,answer,mass,true,0.5141618847846985,0.359375,0.5626699924468994,47
dense_head,11,19,answer,mass,true,0.3778824806213379,0.171875,0.47400832176208496,47
dense_head,11,20,answer,mass,true,0.6118554472923279,0.5,0.6472901701927185,47
dense_head,11,21,answer,mass,true,0.6420916318893433,0.515625,0.6933563351631165,47
dense_head,11,22,answer,mass,true,0.4585118591785431,0.359375,0.4950333833694458,47
dense_head,11,23,answer,mass,true,0.6692027449607849,0.5625,0.7168726921081543,47
dense_head_top16_cv,-1,-1,answer,mass,true,0.8472516536712646,0.765625,0.8768483400344849,-1
dense_head_top16_cv_gated,-1,-1,answer,mass,true,0.8428245782852173,0.765625,0.8734415769577026,-1
dense_head_all_mean,-1,-1,answer,mass,true,0.8318763971328735,0.734375,0.8658069372177124,-1
dense_head,0,0,both,mass,false,0.08483709394931793,0.015625,0.08342698216438293,3
dense_head,0,1,both,mass,false,0.11582047492265701,0.015625,0.12998369336128235,3
dense_head,0,2,both,mass,false,0.0909058079123497,0.015625,0.10582122951745987,3
dense_head,0,3,both,mass,false,0.0737835243344307,0.015625,0.06959349662065506,3
dense_head,0,4,both,mass,false,0.11141401529312134,0.03125,0.12508121132850647,3
dense_head,0,5,both,mass,false,0.1658274233341217,0.046875,0.20202317833900452,3
dense_head,0,6,both,mass,false,0.27684617042541504,0.109375,0.34884023666381836,3
dense_head,0,7,both,mass,false,0.06358876824378967,0.015625,0.062317024916410446,3
dense_head,0,8,both,mass,false,0.12010018527507782,0.046875,0.1309370994567871,3
dense_head,0,9,both,mass,false,0.29336538910865784,0.15625,0.342932790517807,3
dense_head,0,10,both,mass,false,0.05749841406941414,0.015625,0.04687221348285675,3
dense_head,0,11,both,mass,false,0.05145292729139328,0.015625,0.035619303584098816,3
dense_head,0,12,both,mass,false,0.07172989845275879,0.015625,0.07899235188961029,3
dense_head,0,13,both,mass,false,0.06702293455600739,0.015625,0.05699565261602402,3
dense_head,0,14,both,mass,false,0.07688501477241516,0.015625,0.08270522952079773,3
dense_head,0,15,both,mass,false,0.09587880969047546,0.015625,0.10274507105350494,3
dense_head,0,16,both,mass,false,0.15742303431034088,0.0625,0.19715750217437744,3
dense_head,0,17,both,mass,false,0.06656316667795181,0.015625,0.06416848301887512,3
dense_head,0,18,both,mass,false,0.06746814399957657,0.015625,0.06269685178995132,3
dense_head,0,19,both,mass,false,0.07637543231248856,0.015625,0.08083683997392654,3
dense_head,0,20,both,mass,false,0.3280407786369324,0.109375,0.4135717451572418,3
dense_head,0,21,both,mass,false,0.09970797598361969,0.015625,0.12561114132404327,3
dense_head,0,22,both,mass,false,0.4260525405406952,0.265625,0.4943161904811859,3
dense_head,0,23,both,mass,false,0.1052887886762619,0.015625,0.12722203135490417,3
dense_head,1,0,both,mass,false,0.37358003854751587,0.234375,0.4424359202384949,7
dense_head,1,1,both,mass,false,0.5333707928657532,0.40625,0.5942519903182983,7
dense_head,1,2,both,mass,false,0.6118035316467285,0.5,0.6674827337265015,7
dense_head,1,3,both,mass,false,0.45855021476745605,0.296875,0.5336618423461914,7
dense_head,1,4,both,mass,false,0.43550652265548706,0.265625,0.4866235554218292,7
dense_head,1,5,both,mass,false,0.6166311502456665,0.5,0.6720953583717346,7
dense_head,1,6,both,mass,false,0.45312801003456116,0.21875,0.5534834861755371,7
dense_head,1,7,both,mass,false,0.4363238513469696,0.265625,0.5058501958847046,7
dense_head,1,8,both,mass,false,0.165522962808609,0.046875,0.19548475742340088,7
dense_head,1,9,both,mass,false,0.21534095704555511,0.03125,0.2869901955127716,7
dense_head,1,10,both,mass,false,0.5390685796737671,0.34375,0.6094276309013367,7
dense_head,1,11,both,mass,false,0.1533770114183426,0.015625,0.22525157034397125,7
dense_head,1,12,both,mass,false,0.14744189381599426,0.015625,0.19116699695587158,7
dense_head,1,13,both,mass,false,0.1321217566728592,0.015625,0.16989336907863617,7
dense_head,1,14,both,mass,false,0.1822713315486908,0.015625,0.2527782917022705,7
dense_head,1,15,both,mass,false,0.11527650058269501,0.015625,0.13604718446731567,7
dense_head,1,16,both,mass,false,0.09729156643152237,0.03125,0.11398790031671524,7
dense_head,1,17,both,mass,false,0.3856653571128845,0.140625,0.49114009737968445,7
dense_head,1,18,both,mass,false,0.12691964209079742,0.015625,0.16612349450588226,7
dense_head,1,19,both,mass,false,0.1770692616701126,0.015625,0.2485421895980835,7
dense_head,1,20,both,mass,false,0.2135503590106964,0.015625,0.2884292006492615,7
dense_head,1,21,both,mass,false,0.47273117303848267,0.25,0.5685245990753174,7
dense_head,1,22,both,mass,false,0.12804119288921356,0.03125,0.14045973122119904,7
dense_head,1,23,both,mass,false,0.1330505609512329,0.015625,0.18104135990142822,7
dense_head,2,0,both,mass,false,0.48918354511260986,0.3125,0.5788780450820923,11
dense_head,2,1,both,mass,false,0.2679513096809387,0.078125,0.37781333923339844,11
dense_head,2,2,both,mass,false,0.536605179309845,0.34375,0.6254472732543945,11
dense_head,2,3,both,mass,false,0.5546532869338989,0.375,0.6391038298606873,11
dense_head,2,4,both,mass,false,0.18704070150852203,0.03125,0.279075026512146,11
dense_head,2,5,both,mass,false,0.46931731700897217,0.28125,0.5487487316131592,11
dense_head,2,6,both,mass,false,0.21959467232227325,0.0625,0.30134350061416626,11
dense_head,2,7,both,mass,false,0.21017006039619446,0.03125,0.31809374690055847,11
dense_head,2,8,both,mass,false,0.5764201879501343,0.421875,0.6555799245834351,11
dense_head,2,9,both,mass,false,0.2850230634212494,0.125,0.35565027594566345,11
dense_head,2,10,both,mass,false,0.1897461712360382,0.0625,0.24731771647930145,11
dense_head,2,11,both,mass,false,0.3351778984069824,0.15625,0.4216395616531372,11
dense_head,2,12,both,mass,false,0.398905873298645,0.15625,0.49489226937294006,11
dense_head,2,13,both,mass,false,0.20706838369369507,0.046875,0.2888484597206116,11
dense_head,2,14,both,mass,false,0.5512009859085083,0.4375,0.5993000268936157,11
dense_head,2,15,both,mass,false,0.15172751247882843,0.015625,0.21330083906650543,11
dense_head,2,16,both,mass,false,0.2850646674633026,0.078125,0.39993301033973694,11
dense_head,2,17,both,mass,false,0.24267230927944183,0.09375,0.3191623389720917,11
dense_head,2,18,both,mass,false,0.5302227735519409,0.3125,0.6209715604782104,11
dense_head,2,19,both,mass,false,0.4695587754249573,0.28125,0.5522072315216064,11
dense_head,2,20,both,mass,false,0.32525384426116943,0.109375,0.42816558480262756,11
dense_head,2,21,both,mass,false,0.11621059477329254,0.015625,0.14485347270965576,11
dense_head,2,22,both,mass,false,0.1119668260216713,0.03125,0.12211829423904419,11
dense_head,2,23,both,mass,false,0.4537392258644104,0.21875,0.5540304183959961,11
dense_head,3,0,both,mass,false,0.3324241638183594,0.140625,0.4369119703769684,15
dense_head,3,1,both,mass,false,0.3349980115890503,0.09375,0.4434404671192169,15
dense_head,3,2,both,mass,false,0.6139292120933533,0.4375,0.6948872804641724,15
dense_head,3,3,both,mass,false,0.6364635229110718,0.46875,0.7033733129501343,15
dense_head,3,4,both,mass,false,0.622944176197052,0.453125,0.6889458894729614,15
dense_head,3,5,both,mass,false,0.5098795294761658,0.34375,0.5995698571205139,15
dense_head,3,6,both,mass,false,0.3790256679058075,0.109375,0.5071980357170105,15
dense_head,3,7,both,mass,false,0.7088522911071777,0.609375,0.7561367154121399,15
dense_head,3,8,both,mass,false,0.31154483556747437,0.15625,0.39469805359840393,15
dense_head,3,9,both,mass,false,0.7491925358772278,0.625,0.7936841249465942,15
dense_head,3,10,both,mass,false,0.4441368281841278,0.21875,0.5533962845802307,15
dense_head,3,11,both,mass,false,0.5986829996109009,0.4375,0.6690872311592102,15
dense_head,3,12,both,mass,false,0.7401258945465088,0.609375,0.786731481552124,15
dense_head,3,13,both,mass,false,0.304714173078537,0.078125,0.43406814336776733,15
dense_head,3,14,both,mass,false,0.6476138830184937,0.5,0.7096514105796814,15
dense_head,3,15,both,mass,false,0.6145336627960205,0.40625,0.6992730498313904,15
dense_head,3,16,both,mass,false,0.6408580541610718,0.46875,0.7113010883331299,15
dense_head,3,17,both,mass,false,0.4100768268108368,0.15625,0.5167965888977051,15
dense_head,3,18,both,mass,false,0.4532219469547272,0.265625,0.533864438533783,15
dense_head,3,19,both,mass,false,0.30757179856300354,0.109375,0.40828198194503784,15
dense_head,3,20,both,mass,false,0.5772879123687744,0.375,0.6576582193374634,15
dense_head,3,21,both,mass,false,0.2965238392353058,0.09375,0.3751600980758667,15
dense_head,3,22,both,mass,false,0.3205859959125519,0.125,0.4227244555950165,15
dense_head,3,23,both,mass,false,0.5301045179367065,0.359375,0.6132684946060181,15
dense_head,4,0,both,mass,false,0.15315043926239014,0.015625,0.21719904243946075,19
dense_head,4,1,both,mass,false,0.6170527935028076,0.453125,0.6828020811080933,19
dense_head,4,2,both,mass,false,0.7225818634033203,0.578125,0.7824908494949341,19
dense_head,4,3,both,mass,false,0.38269728422164917,0.109375,0.48919084668159485,19
dense_head,4,4,both,mass,false,0.4974706172943115,0.3125,0.5837072730064392,19
dense_head,4,5,both,mass,false,0.5682501792907715,0.390625,0.6459455490112305,19
dense_head,4,6,both,mass,false,0.7470622658729553,0.640625,0.7951548099517822,19
dense_head,4,7,both,mass,false,0.6598969101905823,0.5,0.720597505569458,19
dense_head,4,8,both,mass,false,0.5498037338256836,0.359375,0.6321272850036621,19
dense_head,4,9,both,mass,false,0.24529717862606049,0.09375,0.3269874155521393,19
dense_head,4,10,both,mass,false,0.639797568321228,0.5,0.709841787815094,19
dense_head,4,11,both,mass,false,0.6002612709999084,0.4375,0.6751466393470764,19
dense_head,4,12,both,mass,false,0.6779277920722961,0.53125,0.7342998385429382,19
dense_head,4,13,both,mass,false,0.747359037399292,0.625,0.7917276620864868,19
dense_head,4,14,both,mass,false,0.6208446621894836,0.46875,0.6816822290420532,19
dense_head,4,15,both,mass,false,0.7037991881370544,0.59375,0.7573543190956116,19
dense_head,4,16,both,mass,false,0.41123777627944946,0.125,0.5365815162658691,19
dense_head,4,17,both,mass,false,0.7619882822036743,0.625,0.8081924319267273,19
dense_head,4,18,both,mass,false,0.3462214171886444,0.171875,0.44218116998672485,19
dense_head,4,19,both,mass,false,0.7730485200881958,0.671875,0.8190619945526123,19
dense_head,4,20,both,mass,false,0.6724826693534851,0.53125,0.7474246025085449,19
dense_head,4,21,both,mass,false,0.7091192007064819,0.609375,0.7610999941825867,19
dense_head,4,22,both,mass,false,0.4209633767604828,0.265625,0.5043551325798035,19
dense_head,4,23,both,mass,false,0.8054105639457703,0.71875,0.839082658290863,19
dense_head,5,0,both,mass,false,0.6354485154151917,0.515625,0.6926068663597107,23
dense_head,5,1,both,mass,false,0.4923694133758545,0.3125,0.5788369178771973,23
dense_head,5,2,both,mass,false,0.6365100741386414,0.5,0.6973772048950195,23
dense_head,5,3,both,mass,false,0.7044185996055603,0.5625,0.7592793107032776,23
dense_head,5,4,both,mass,false,0.7836263179779053,0.6875,0.8276788592338562,23
dense_head,5,5,both,mass,false,0.39495790004730225,0.125,0.5034611225128174,23
dense_head,5,6,both,mass,false,0.5405731201171875,0.375,0.6227276921272278,23
dense_head,5,7,both,mass,false,0.49634042382240295,0.28125,0.6004087328910828,23
dense_head,5,8,both,mass,false,0.6409367918968201,0.515625,0.6917783617973328,23
dense_head,5,9,both,mass,false,0.7126513719558716,0.59375,0.7591915130615234,23
dense_head,5,10,both,mass,false,0.727008044719696,0.625,0.7668095827102661,23
dense_head,5,11,both,mass,false,0.7228228449821472,0.609375,0.772175133228302,23
dense_head,5,12,both,mass,false,0.7848612070083618,0.6875,0.8288246393203735,23
dense_head,5,13,both,mass,false,0.7172805666923523,0.578125,0.7733497023582458,23
dense_head,5,14,both,mass,false,0.6716445684432983,0.578125,0.7100461721420288,23
dense_head,5,15,both,mass,false,0.6501927971839905,0.5,0.7078025341033936,23
dense_head,5,16,both,mass,false,0.6663733124732971,0.546875,0.7249912619590759,23
dense_head,5,17,both,mass,false,0.4926885962486267,0.34375,0.5610907077789307,23
dense_head,5,18,both,mass,false,0.7910913228988647,0.6875,0.8334592580795288,23
dense_head,5,19,both,mass,false,0.651012659072876,0.5,0.7223331928253174,23
dense_head,5,20,both,mass,false,0.2829919457435608,0.109375,0.36977049708366394,23
dense_head,5,21,both,mass,false,0.8273104429244995,0.75,0.8567939400672913,23
dense_head,5,22,both,mass,false,0.7393677830696106,0.640625,0.7838600277900696,23
dense_head,5,23,both,mass,false,0.6157398819923401,0.46875,0.6818621754646301,23
dense_head,6,0,both,mass,false,0.8440171480178833,0.765625,0.8775268197059631,27
dense_head,6,1,both,mass,false,0.7078886032104492,0.59375,0.7612930536270142,27
dense_head,6,2,both,mass,false,0.8576121926307678,0.78125,0.8837387561798096,27
dense_head,6,3,both,mass,false,0.8479635715484619,0.78125,0.875964879989624,27
dense_head,6,4,both,mass,false,0.6995980739593506,0.5625,0.7593393325805664,27
dense_head,6,5,both,mass,false,0.7400045990943909,0.640625,0.7844841480255127,27
dense_head,6,6,both,mass,false,0.628113865852356,0.484375,0.6867251396179199,27
dense_head,6,7,both,mass,false,0.6004246473312378,0.4375,0.6659801006317139,27
dense_head,6,8,both,mass,false,0.8190286755561829,0.734375,0.8542492985725403,27
dense_head,6,9,both,mass,false,0.4649544954299927,0.3125,0.54213547706604,27
dense_head,6,10,both,mass,false,0.6039155125617981,0.484375,0.6507078409194946,27
dense_head,6,11,both,mass,false,0.6910449266433716,0.578125,0.7478598356246948,27
dense_head,6,12,both,mass,false,0.81568843126297,0.734375,0.8519570827484131,27
dense_head,6,13,both,mass,false,0.5065434575080872,0.3125,0.6015741229057312,27
dense_head,6,14,both,mass,false,0.8281610012054443,0.75,0.8526947498321533,27
dense_head,6,15,both,mass,false,0.4385206401348114,0.265625,0.49810758233070374,27
dense_head,6,16,both,mass,false,0.6966021656990051,0.578125,0.7567423582077026,27
dense_head,6,17,both,mass,false,0.41934868693351746,0.296875,0.47465112805366516,27
dense_head,6,18,both,mass,false,0.7886830568313599,0.671875,0.8330222964286804,27
dense_head,6,19,both,mass,false,0.841524600982666,0.75,0.8718069195747375,27
dense_head,6,20,both,mass,false,0.7619533538818359,0.640625,0.8071193695068359,27
dense_head,6,21,both,mass,false,0.12618805468082428,0.015625,0.16580364108085632,27
dense_head,6,22,both,mass,false,0.44564399123191833,0.28125,0.5241570472717285,27
dense_head,6,23,both,mass,false,0.8180015087127686,0.71875,0.8548173904418945,27
dense_head,7,0,both,mass,false,0.6843729019165039,0.546875,0.7432746887207031,31
dense_head,7,1,both,mass,false,0.7658773064613342,0.640625,0.8153961896896362,31
dense_head,7,2,both,mass,false,0.8313926458358765,0.75,0.8645541071891785,31
dense_head,7,3,both,mass,false,0.7918045520782471,0.671875,0.8352739810943604,31
dense_head,7,4,both,mass,false,0.8271701335906982,0.71875,0.8620414137840271,31
dense_head,7,5,both,mass,false,0.81640625,0.703125,0.8580726385116577,31
dense_head,7,6,both,mass,false,0.7593750357627869,0.640625,0.8097822070121765,31
dense_head,7,7,both,mass,false,0.8094308376312256,0.703125,0.8523417711257935,31
dense_head,7,8,both,mass,false,0.5480772852897644,0.375,0.6258623600006104,31
dense_head,7,9,both,mass,false,0.8125,0.703125,0.8547203540802002,31
dense_head,7,10,both,mass,false,0.7587932348251343,0.640625,0.8094174265861511,31
dense_head,7,11,both,mass,false,0.7602323889732361,0.640625,0.8055436611175537,31
dense_head,7,12,both,mass,false,0.837080717086792,0.75,0.868798553943634,31
dense_head,7,13,both,mass,false,0.7898069024085999,0.6875,0.8282991051673889,31
dense_head,7,14,both,mass,false,0.8104352951049805,0.71875,0.8477147221565247,31
dense_head,7,15,both,mass,false,0.7899428009986877,0.6875,0.8330148458480835,31
dense_head,7,16,both,mass,false,0.7614904642105103,0.640625,0.8064913153648376,31
dense_head,7,17,both,mass,false,0.7661923766136169,0.640625,0.8151650428771973,31
dense_head,7,18,both,mass,false,0.7559862732887268,0.65625,0.805836021900177,31
dense_head,7,19,both,mass,false,0.6322404146194458,0.484375,0.6894012093544006,31
dense_head,7,20,both,mass,false,0.7774593234062195,0.65625,0.8241724967956543,31
dense_head,7,21,both,mass,false,0.629589319229126,0.46875,0.7055904269218445,31
dense_head,7,22,both,mass,false,0.7549238801002502,0.640625,0.8062089085578918,31
dense_head,7,23,both,mass,false,0.7509587407112122,0.625,0.8077295422554016,31
dense_head,8,0,both,mass,false,0.1537456065416336,0.03125,0.18191909790039062,35
dense_head,8,1,both,mass,false,0.7101603746414185,0.578125,0.7721997499465942,35
dense_head,8,2,both,mass,false,0.8295036554336548,0.734375,0.8635156154632568,35
dense_head,8,3,both,mass,false,0.5161020159721375,0.328125,0.6051371097564697,35
dense_head,8,4,both,mass,false,0.7573092579841614,0.65625,0.8025761842727661,35
dense_head,8,5,both,mass,false,0.7570101022720337,0.640625,0.799373984336853,35
dense_head,8,6,both,mass,false,0.7621377110481262,0.625,0.8131179809570312,35
dense_head,8,7,both,mass,false,0.8045146465301514,0.703125,0.8445557355880737,35
dense_head,8,8,both,mass,false,0.7012205123901367,0.578125,0.7561572790145874,35
dense_head,8,9,both,mass,false,0.44206273555755615,0.296875,0.515920102596283,35
dense_head,8,10,both,mass,false,0.7785247564315796,0.65625,0.8247755169868469,35
dense_head,8,11,both,mass,false,0.7140872478485107,0.5625,0.7717685699462891,35
dense_head,8,12,both,mass,false,0.7806268930435181,0.65625,0.8263319730758667,35
dense_head,8,13,both,mass,false,0.8055499792098999,0.703125,0.8445606231689453,35
dense_head,8,14,both,mass,false,0.7968929409980774,0.6875,0.8389949202537537,35
dense_head,8,15,both,mass,false,0.7735711932182312,0.65625,0.8161541819572449,35
dense_head,8,16,both,mass,false,0.7450464963912964,0.625,0.7936849594116211,35
dense_head,8,17,both,mass,false,0.7752238512039185,0.671875,0.8246394991874695,35
dense_head,8,18,both,mass,false,0.7838060259819031,0.671875,0.8241266012191772,35
dense_head,8,19,both,mass,false,0.779640793800354,0.671875,0.8254902958869934,35
dense_head,8,20,both,mass,false,0.8380301594734192,0.75,0.8694833517074585,35
dense_head,8,21,both,mass,false,0.7954709529876709,0.6875,0.8377058506011963,35
dense_head,8,22,both,mass,false,0.6637545824050903,0.546875,0.7299515008926392,35
dense_head,8,23,both,mass,false,0.8175057768821716,0.71875,0.8544140458106995,35
dense_head,9,0,both,mass,false,0.7429101467132568,0.609375,0.7939847707748413,39
dense_head,9,1,both,mass,false,0.6787854433059692,0.5625,0.7334511876106262,39
dense_head,9,2,both,mass,false,0.8075821399688721,0.6875,0.8472176790237427,39
dense_head,9,3,both,mass,false,0.729258120059967,0.609375,0.786129355430603,39
dense_head,9,4,both,mass,false,0.7658995389938354,0.65625,0.810599684715271,39
dense_head,9,5,both,mass,false,0.7278642058372498,0.609375,0.7857078313827515,39
dense_head,9,6,both,mass,false,0.765755832195282,0.640625,0.810870349407196,39
dense_head,9,7,both,mass,false,0.7250590920448303,0.59375,0.7797670364379883,39
dense_head,9,8,both,mass,false,0.8013086318969727,0.6875,0.8426486253738403,39
dense_head,9,9,both,mass,false,0.7736284136772156,0.671875,0.8203177452087402,39
dense_head,9,10,both,mass,false,0.7609670162200928,0.640625,0.8110771775245667,39
dense_head,9,11,both,mass,false,0.7787692546844482,0.671875,0.8209173083305359,39
dense_head,9,12,both,mass,false,0.8072318434715271,0.6875,0.8472177386283875,39
dense_head,9,13,both,mass,false,0.7625557780265808,0.640625,0.8128326535224915,39
dense_head,9,14,both,mass,false,0.5584453344345093,0.375,0.6439815163612366,39
dense_head,9,15,both,mass,false,0.7133749723434448,0.578125,0.7749847173690796,39
dense_head,9,16,both,mass,false,0.686252772808075,0.53125,0.7502718567848206,39
dense_head,9,17,both,mass,false,0.5931506752967834,0.46875,0.6544519066810608,39
dense_head,9,18,both,mass,false,0.8165719509124756,0.703125,0.85450679063797,39
dense_head,9,19,both,mass,false,0.8121282458305359,0.71875,0.8501696586608887,39
dense_head,9,20,both,mass,false,0.5619649291038513,0.359375,0.6507392525672913,39
dense_head,9,21,both,mass,false,0.8211727142333984,0.703125,0.8583205342292786,39
dense_head,9,22,both,mass,false,0.7454088926315308,0.625,0.7950739860534668,39
dense_head,9,23,both,mass,false,0.3572365641593933,0.15625,0.44058504700660706,39
dense_head,10,0,both,mass,false,0.6897987723350525,0.5625,0.7525016665458679,43
dense_head,10,1,both,mass,false,0.6535996794700623,0.515625,0.7204853296279907,43
dense_head,10,2,both,mass,false,0.718256950378418,0.59375,0.7746708989143372,43
dense_head,10,3,both,mass,false,0.6147374510765076,0.453125,0.6859082579612732,43
dense_head,10,4,both,mass,false,0.7374234795570374,0.625,0.7885854244232178,43
dense_head,10,5,both,mass,false,0.6610088348388672,0.515625,0.7259140014648438,43
dense_head,10,6,both,mass,false,0.25004294514656067,0.03125,0.36542993783950806,43
dense_head,10,7,both,mass,false,0.77470862865448,0.671875,0.82148277759552,43
dense_head,10,8,both,mass,false,0.7102736234664917,0.578125,0.7634454965591431,43
dense_head,10,9,both,mass,false,0.6822483539581299,0.5625,0.7411273717880249,43
dense_head,10,10,both,mass,false,0.7193939685821533,0.609375,0.770306408405304,43
dense_head,10,11,both,mass,false,0.8330561518669128,0.75,0.8660327792167664,43
dense_head,10,12,both,mass,false,0.7033801078796387,0.578125,0.7636489868164062,43
dense_head,10,13,both,mass,false,0.7000880241394043,0.578125,0.7595169544219971,43
dense_head,10,14,both,mass,false,0.6913956999778748,0.53125,0.751213014125824,43
dense_head,10,15,both,mass,false,0.5105690956115723,0.25,0.609756588935852,43
dense_head,10,16,both,mass,false,0.7164748907089233,0.59375,0.7683892250061035,43
dense_head,10,17,both,mass,false,0.7120709419250488,0.59375,0.7648576498031616,43
dense_head,10,18,both,mass,false,0.7703670859336853,0.65625,0.8182921409606934,43
dense_head,10,19,both,mass,false,0.6964484453201294,0.578125,0.7526771426200867,43
dense_head,10,20,both,mass,false,0.6983127593994141,0.578125,0.7587177157402039,43
dense_head,10,21,both,mass,false,0.7019847631454468,0.59375,0.7562974095344543,43
dense_head,10,22,both,mass,false,0.6513278484344482,0.5,0.7228455543518066,43
dense_head,10,23,both,mass,false,0.6832287311553955,0.546875,0.7431483864784241,43
dense_head,11,0,both,mass,false,0.7743669748306274,0.671875,0.8209494352340698,47
dense_head,11,1,both,mass,false,0.7768599987030029,0.65625,0.8147595524787903,47
dense_head,11,2,both,mass,false,0.636263906955719,0.5,0.6971467733383179,47
dense_head,11,3,both,mass,false,0.7730251550674438,0.65625,0.8159462213516235,47
dense_head,11,4,both,mass,false,0.6522612571716309,0.46875,0.7162871956825256,47
dense_head,11,5,both,mass,false,0.7551873922348022,0.65625,0.8053419589996338,47
dense_head,11,6,both,mass,false,0.6824803352355957,0.53125,0.7375407218933105,47
dense_head,11,7,both,mass,false,0.7831107378005981,0.6875,0.818361222743988,47
dense_head,11,8,both,mass,false,0.6208710670471191,0.46875,0.6908639669418335,47
dense_head,11,9,both,mass,false,0.70570969581604,0.5625,0.7647097110748291,47
dense_head,11,10,both,mass,false,0.6928105354309082,0.546875,0.7423006892204285,47
dense_head,11,11,both,mass,false,0.6730469465255737,0.53125,0.7344318628311157,47
dense_head,11,12,both,mass,false,0.4589192867279053,0.203125,0.5808321833610535,47
dense_head,11,13,both,mass,false,0.4434428811073303,0.171875,0.5656718015670776,47
dense_head,11,14,both,mass,false,0.5909094214439392,0.40625,0.6728869080543518,47
dense_head,11,15,both,mass,false,0.4167822003364563,0.15625,0.5225474834442139,47
dense_head,11,16,both,mass,false,0.761798083782196,0.65625,0.8112825751304626,47
dense_head,11,17,both,mass,false,0.46661049127578735,0.21875,0.5694400668144226,47
dense_head,11,18,both,mass,false,0.45258042216300964,0.234375,0.5508432388305664,47
dense_head,11,19,both,mass,false,0.19616997241973877,0.015625,0.3106691539287567,47
dense_head,11,20,both,mass,false,0.5832666158676147,0.375,0.663555383682251,47
dense_head,11,21,both,mass,false,0.6086694598197937,0.421875,0.6907028555870056,47
dense_head,11,22,both,mass,false,0.30723318457603455,0.078125,0.41653966903686523,47
dense_head,11,23,both,mass,false,0.5783045887947083,0.40625,0.6662662029266357,47
dense_head_top16_cv,-1,-1,both,mass,false,0.848074734210968,0.765625,0.8772958517074585,-1
dense_head_top16_cv_gated,-1,-1,both,mass,false,0.8481060266494751,0.765625,0.8772958517074585,-1
dense_head_all_mean,-1,-1,both,mass,false,0.7603732943534851,0.640625,0.8108177185058594,-1
dense_head,0,0,both,mass,true,0.10399039834737778,0.046875,0.10116688907146454,3
dense_head,0,1,both,mass,true,0.10243552178144455,0.03125,0.12194274365901947,3
dense_head,0,2,both,mass,true,0.07689082622528076,0.015625,0.06711307168006897,3
dense_head,0,3,both,mass,true,0.09757193177938461,0.03125,0.09779635816812515,3
dense_head,0,4,both,mass,true,0.10872302204370499,0.015625,0.13691064715385437,3
dense_head,0,5,both,mass,true,0.1098957359790802,0.046875,0.11403344571590424,3
dense_head,0,6,both,mass,true,0.12788613140583038,0.0625,0.1433619111776352,3
dense_head,0,7,both,mass,true,0.04978711158037186,0.0,0.04216032475233078,3
dense_head,0,8,both,mass,true,0.08585856109857559,0.015625,0.08695316314697266,3
dense_head,0,9,both,mass,true,0.09565940499305725,0.03125,0.09946020692586899,3
dense_head,0,10,both,mass,true,0.053061965852975845,0.0,0.047941118478775024,3
dense_head,0,11,both,mass,true,0.06180962175130844,0.015625,0.062216803431510925,3
dense_head,0,12,both,mass,true,0.09111825376749039,0.03125,0.09244166314601898,3
dense_head,0,13,both,mass,true,0.07103841006755829,0.0,0.07913990318775177,3
dense_head,0,14,both,mass,true,0.07246988266706467,0.0,0.06878005713224411,3
dense_head,0,15,both,mass,true,0.09290420264005661,0.015625,0.1012457013130188,3
dense_head,0,16,both,mass,true,0.0422498881816864,0.0,0.04222092404961586,3
dense_head,0,17,both,mass,true,0.07025671005249023,0.0,0.07396383583545685,3
dense_head,0,18,both,mass,true,0.04116423800587654,0.0,0.028074165806174278,3
dense_head,0,19,both,mass,true,0.07268955558538437,0.0,0.08528703451156616,3
dense_head,0,20,both,mass,true,0.0550394207239151,0.015625,0.0420890636742115,3
dense_head,0,21,both,mass,true,0.12854886054992676,0.03125,0.15165941417217255,3
dense_head,0,22,both,mass,true,0.05961884185671806,0.03125,0.04318765550851822,3
dense_head,0,23,both,mass,true,0.11032652109861374,0.0625,0.10429023951292038,3
dense_head,1,0,both,mass,true,0.10603892058134079,0.046875,0.12214737385511398,7
dense_head,1,1,both,mass,true,0.10370292514562607,0.015625,0.12123949825763702,7
dense_head,1,2,both,mass,true,0.061320237815380096,0.015625,0.06867510080337524,7
dense_head,1,3,both,mass,true,0.13511109352111816,0.046875,0.16381500661373138,7
dense_head,1,4,both,mass,true,0.10474557429552078,0.0625,0.09409911185503006,7
dense_head,1,5,both,mass,true,0.12004441022872925,0.0625,0.12874002754688263,7
dense_head,1,6,both,mass,true,0.13874179124832153,0.0625,0.1589946299791336,7
dense_head,1,7,both,mass,true,0.05955256521701813,0.03125,0.04470864310860634,7
dense_head,1,8,both,mass,true,0.12106867879629135,0.0625,0.11723102629184723,7
dense_head,1,9,both,mass,true,0.1681976467370987,0.078125,0.1872083842754364,7
dense_head,1,10,both,mass,true,0.11809800565242767,0.0625,0.13415195047855377,7
dense_head,1,11,both,mass,true,0.16727879643440247,0.046875,0.22186142206192017,7
dense_head,1,12,both,mass,true,0.15830901265144348,0.046875,0.20489941537380219,7
dense_head,1,13,both,mass,true,0.1677342653274536,0.046875,0.21147875487804413,7
dense_head,1,14,both,mass,true,0.16118544340133667,0.046875,0.20840516686439514,7
dense_head,1,15,both,mass,true,0.1454986333847046,0.0625,0.17638146877288818,7
dense_head,1,16,both,mass,true,0.07669786363840103,0.0,0.09508588165044785,7
dense_head,1,17,both,mass,true,0.1586979776620865,0.078125,0.17718322575092316,7
dense_head,1,18,both,mass,true,0.11520874500274658,0.015625,0.14670608937740326,7
dense_head,1,19,both,mass,true,0.2360471487045288,0.125,0.2743786573410034,7
dense_head,1,20,both,mass,true,0.2747753858566284,0.15625,0.32843494415283203,7
dense_head,1,21,both,mass,true,0.1828901469707489,0.078125,0.2143315076828003,7
dense_head,1,22,both,mass,true,0.11969146132469177,0.03125,0.14435933530330658,7
dense_head,1,23,both,mass,true,0.13244575262069702,0.03125,0.14920905232429504,7
dense_head,2,0,both,mass,true,0.33455929160118103,0.1875,0.40313732624053955,11
dense_head,2,1,both,mass,true,0.27882102131843567,0.109375,0.3504815995693207,11
dense_head,2,2,both,mass,true,0.3156532049179077,0.171875,0.36209627985954285,11
dense_head,2,3,both,mass,true,0.36718565225601196,0.21875,0.42178237438201904,11
dense_head,2,4,both,mass,true,0.23122826218605042,0.078125,0.29892465472221375,11
dense_head,2,5,both,mass,true,0.36814239621162415,0.21875,0.4169975519180298,11
dense_head,2,6,both,mass,true,0.23683664202690125,0.109375,0.29560595750808716,11
dense_head,2,7,both,mass,true,0.3662351071834564,0.234375,0.42865684628486633,11
dense_head,2,8,both,mass,true,0.22091171145439148,0.140625,0.2570212483406067,11
dense_head,2,9,both,mass,true,0.191995769739151,0.09375,0.23105701804161072,11
dense_head,2,10,both,mass,true,0.15680111944675446,0.046875,0.19558285176753998,11
dense_head,2,11,both,mass,true,0.24496658146381378,0.125,0.2992362678050995,11
dense_head,2,12,both,mass,true,0.2160637080669403,0.078125,0.26642733812332153,11
dense_head,2,13,both,mass,true,0.1440591812133789,0.03125,0.1694398671388626,11
dense_head,2,14,both,mass,true,0.1931104212999344,0.09375,0.22643376886844635,11
dense_head,2,15,both,mass,true,0.2125084102153778,0.078125,0.24471598863601685,11
dense_head,2,16,both,mass,true,0.31218332052230835,0.15625,0.3931547701358795,11
dense_head,2,17,both,mass,true,0.12816722691059113,0.03125,0.16117897629737854,11
dense_head,2,18,both,mass,true,0.31203219294548035,0.1875,0.36375877261161804,11
dense_head,2,19,both,mass,true,0.29082417488098145,0.171875,0.3330872356891632,11
dense_head,2,20,both,mass,true,0.20965296030044556,0.015625,0.2846733331680298,11
dense_head,2,21,both,mass,true,0.11922679841518402,0.03125,0.13167205452919006,11
dense_head,2,22,both,mass,true,0.12997277081012726,0.046875,0.14083458483219147,11
dense_head,2,23,both,mass,true,0.2796156406402588,0.125,0.34582507610321045,11
dense_head,3,0,both,mass,true,0.38133060932159424,0.203125,0.44742199778556824,15
dense_head,3,1,both,mass,true,0.48187264800071716,0.375,0.5282227993011475,15
dense_head,3,2,both,mass,true,0.5021020770072937,0.34375,0.5695793628692627,15
dense_head,3,3,both,mass,true,0.5867785215377808,0.484375,0.6291786432266235,15
dense_head,3,4,both,mass,true,0.36203473806381226,0.265625,0.39665764570236206,15
dense_head,3,5,both,mass,true,0.4221852421760559,0.296875,0.4859304130077362,15
dense_head,3,6,both,mass,true,0.47817620635032654,0.34375,0.5298894047737122,15
dense_head,3,7,both,mass,true,0.527722954750061,0.40625,0.5882532596588135,15
dense_head,3,8,both,mass,true,0.2975827157497406,0.1875,0.3318736255168915,15
dense_head,3,9,both,mass,true,0.48690521717071533,0.390625,0.512656033039093,15
dense_head,3,10,both,mass,true,0.5221830010414124,0.390625,0.5756707191467285,15
dense_head,3,11,both,mass,true,0.5419424176216125,0.421875,0.5770514607429504,15
dense_head,3,12,both,mass,true,0.5068678855895996,0.375,0.5557436347007751,15
dense_head,3,13,both,mass,true,0.5385459661483765,0.40625,0.5878739953041077,15
dense_head,3,14,both,mass,true,0.43632104992866516,0.265625,0.5104524493217468,15
dense_head,3,15,both,mass,true,0.5255772471427917,0.390625,0.5914140343666077,15
dense_head,3,16,both,mass,true,0.539874792098999,0.390625,0.5919529795646667,15
dense_head,3,17,both,mass,true,0.42062386870384216,0.28125,0.4956435561180115,15
dense_head,3,18,both,mass,true,0.46296370029449463,0.3125,0.5255239605903625,15
dense_head,3,19,both,mass,true,0.2849002182483673,0.171875,0.33003154397010803,15
dense_head,3,20,both,mass,true,0.48618829250335693,0.375,0.5314783453941345,15
dense_head,3,21,both,mass,true,0.44419798254966736,0.25,0.5263566970825195,15
dense_head,3,22,both,mass,true,0.3404049873352051,0.203125,0.4135828912258148,15
dense_head,3,23,both,mass,true,0.43755292892456055,0.265625,0.4958605170249939,15
dense_head,4,0,both,mass,true,0.32278260588645935,0.171875,0.3900095522403717,19
dense_head,4,1,both,mass,true,0.5814615488052368,0.46875,0.6266937255859375,19
dense_head,4,2,both,mass,true,0.5843633413314819,0.421875,0.6454068422317505,19
dense_head,4,3,both,mass,true,0.3403412997722626,0.234375,0.385509192943573,19
dense_head,4,4,both,mass,true,0.509253203868866,0.390625,0.5535579919815063,19
dense_head,4,5,both,mass,true,0.4590764045715332,0.34375,0.4995257556438446,19
dense_head,4,6,both,mass,true,0.6433306932449341,0.53125,0.6897763609886169,19
dense_head,4,7,both,mass,true,0.5955283641815186,0.453125,0.6500429511070251,19
dense_head,4,8,both,mass,true,0.3918481767177582,0.21875,0.4563535451889038,19
dense_head,4,9,both,mass,true,0.28622084856033325,0.140625,0.35386142134666443,19
dense_head,4,10,both,mass,true,0.5670766830444336,0.453125,0.6034235954284668,19
dense_head,4,11,both,mass,true,0.5492444038391113,0.40625,0.6054894328117371,19
dense_head,4,12,both,mass,true,0.5921690464019775,0.484375,0.630494236946106,19
dense_head,4,13,both,mass,true,0.6804929971694946,0.578125,0.7137939929962158,19
dense_head,4,14,both,mass,true,0.5407041907310486,0.40625,0.5955679416656494,19
dense_head,4,15,both,mass,true,0.6313601136207581,0.5,0.6807681918144226,19
dense_head,4,16,both,mass,true,0.5376678109169006,0.359375,0.5973518490791321,19
dense_head,4,17,both,mass,true,0.6012278199195862,0.46875,0.6455669403076172,19
dense_head,4,18,both,mass,true,0.43516597151756287,0.3125,0.4854016602039337,19
dense_head,4,19,both,mass,true,0.43591684103012085,0.28125,0.4931487739086151,19
dense_head,4,20,both,mass,true,0.5877465009689331,0.453125,0.6445081830024719,19
dense_head,4,21,both,mass,true,0.6181731224060059,0.484375,0.6687914729118347,19
dense_head,4,22,both,mass,true,0.41814640164375305,0.3125,0.4556831419467926,19
dense_head,4,23,both,mass,true,0.5674492120742798,0.453125,0.6073956489562988,19
dense_head,5,0,both,mass,true,0.38972610235214233,0.265625,0.43305641412734985,23
dense_head,5,1,both,mass,true,0.5128944516181946,0.390625,0.565399169921875,23
dense_head,5,2,both,mass,true,0.5514896512031555,0.421875,0.6013554930686951,23
dense_head,5,3,both,mass,true,0.48599153757095337,0.34375,0.5363196134567261,23
dense_head,5,4,both,mass,true,0.5022481679916382,0.375,0.5378321409225464,23
dense_head,5,5,both,mass,true,0.49112269282341003,0.375,0.5466734170913696,23
dense_head,5,6,both,mass,true,0.4070439040660858,0.296875,0.4553130567073822,23
dense_head,5,7,both,mass,true,0.48252323269844055,0.328125,0.5500220060348511,23
dense_head,5,8,both,mass,true,0.5733423233032227,0.453125,0.6242073774337769,23
dense_head,5,9,both,mass,true,0.5427953004837036,0.421875,0.5894401669502258,23
dense_head,5,10,both,mass,true,0.49126997590065,0.34375,0.5436828136444092,23
dense_head,5,11,both,mass,true,0.5763298273086548,0.4375,0.623063862323761,23
dense_head,5,12,both,mass,true,0.44017186760902405,0.359375,0.46519723534584045,23
dense_head,5,13,both,mass,true,0.2799253463745117,0.203125,0.29904165863990784,23
dense_head,5,14,both,mass,true,0.38678067922592163,0.265625,0.430059015750885,23
dense_head,5,15,both,mass,true,0.49624940752983093,0.375,0.5507112741470337,23
dense_head,5,16,both,mass,true,0.37234044075012207,0.234375,0.4208472669124603,23
dense_head,5,17,both,mass,true,0.37612077593803406,0.25,0.4242435097694397,23
dense_head,5,18,both,mass,true,0.5206670165061951,0.390625,0.5806359052658081,23
dense_head,5,19,both,mass,true,0.5051511526107788,0.359375,0.5598206520080566,23
dense_head,5,20,both,mass,true,0.3550049960613251,0.25,0.3945196568965912,23
dense_head,5,21,both,mass,true,0.5288644433021545,0.421875,0.558063805103302,23
dense_head,5,22,both,mass,true,0.5841689109802246,0.46875,0.6213467717170715,23
dense_head,5,23,both,mass,true,0.23841246962547302,0.140625,0.2749711573123932,23
dense_head,6,0,both,mass,true,0.6342291235923767,0.53125,0.6791894435882568,27
dense_head,6,1,both,mass,true,0.5416603684425354,0.40625,0.584933876991272,27
dense_head,6,2,both,mass,true,0.6285357475280762,0.53125,0.6685905456542969,27
dense_head,6,3,both,mass,true,0.5900707244873047,0.484375,0.628852367401123,27
dense_head,6,4,both,mass,true,0.5690485239028931,0.421875,0.6240622997283936,27
dense_head,6,5,both,mass,true,0.48200419545173645,0.359375,0.5357053875923157,27
dense_head,6,6,both,mass,true,0.5217785835266113,0.375,0.5734313726425171,27
dense_head,6,7,both,mass,true,0.6079418659210205,0.46875,0.6805477142333984,27
dense_head,6,8,both,mass,true,0.4337574243545532,0.328125,0.4865529239177704,27
dense_head,6,9,both,mass,true,0.4931725263595581,0.359375,0.5512719750404358,27
dense_head,6,10,both,mass,true,0.5756879448890686,0.453125,0.6195037364959717,27
dense_head,6,11,both,mass,true,0.5357491970062256,0.40625,0.5939582586288452,27
dense_head,6,12,both,mass,true,0.5762109756469727,0.453125,0.6219856142997742,27
dense_head,6,13,both,mass,true,0.5593128800392151,0.40625,0.627011239528656,27
dense_head,6,14,both,mass,true,0.4351319670677185,0.359375,0.4680738151073456,27
dense_head,6,15,both,mass,true,0.466026246547699,0.34375,0.5279814600944519,27
dense_head,6,16,both,mass,true,0.5023034811019897,0.359375,0.5614818334579468,27
dense_head,6,17,both,mass,true,0.37421637773513794,0.234375,0.440276175737381,27
dense_head,6,18,both,mass,true,0.5208774209022522,0.390625,0.5687654614448547,27
dense_head,6,19,both,mass,true,0.5659546256065369,0.4375,0.6145391464233398,27
dense_head,6,20,both,mass,true,0.5204964280128479,0.390625,0.5679311156272888,27
dense_head,6,21,both,mass,true,0.2610984742641449,0.140625,0.31679365038871765,27
dense_head,6,22,both,mass,true,0.4536750018596649,0.265625,0.54499351978302,27
dense_head,6,23,both,mass,true,0.5918877124786377,0.5,0.6300839185714722,27
dense_head,7,0,both,mass,true,0.5886746644973755,0.453125,0.650566041469574,31
dense_head,7,1,both,mass,true,0.5916740894317627,0.46875,0.6351187825202942,31
dense_head,7,2,both,mass,true,0.6300910115242004,0.53125,0.6689737439155579,31
dense_head,7,3,both,mass,true,0.58913654088974,0.484375,0.6187636256217957,31
dense_head,7,4,both,mass,true,0.5246944427490234,0.421875,0.5631829500198364,31
dense_head,7,5,both,mass,true,0.6276512742042542,0.546875,0.6533352136611938,31
dense_head,7,6,both,mass,true,0.605724036693573,0.484375,0.6640864014625549,31
dense_head,7,7,both,mass,true,0.61713707447052,0.5,0.6660031676292419,31
dense_head,7,8,both,mass,true,0.46197831630706787,0.328125,0.5208781957626343,31
dense_head,7,9,both,mass,true,0.5888513922691345,0.46875,0.6358615756034851,31
dense_head,7,10,both,mass,true,0.5929415822029114,0.46875,0.6498696804046631,31
dense_head,7,11,both,mass,true,0.6207565069198608,0.46875,0.6791636347770691,31
dense_head,7,12,both,mass,true,0.6694586277008057,0.5625,0.7137894630432129,31
dense_head,7,13,both,mass,true,0.5993232727050781,0.484375,0.6479058265686035,31
dense_head,7,14,both,mass,true,0.6334713101387024,0.5,0.6871002316474915,31
dense_head,7,15,both,mass,true,0.5770357251167297,0.46875,0.6223976016044617,31
dense_head,7,16,both,mass,true,0.6136718988418579,0.5,0.662800133228302,31
dense_head,7,17,both,mass,true,0.6003527641296387,0.46875,0.6519848108291626,31
dense_head,7,18,both,mass,true,0.5747683048248291,0.46875,0.6167626976966858,31
dense_head,7,19,both,mass,true,0.4833305776119232,0.359375,0.5333676934242249,31
dense_head,7,20,both,mass,true,0.5744404196739197,0.453125,0.6284138560295105,31
dense_head,7,21,both,mass,true,0.6569160223007202,0.5,0.7200213670730591,31
dense_head,7,22,both,mass,true,0.5755948424339294,0.46875,0.6296412944793701,31
dense_head,7,23,both,mass,true,0.6446694731712341,0.53125,0.6907779574394226,31
dense_head,8,0,both,mass,true,0.3055935800075531,0.203125,0.34973663091659546,35
dense_head,8,1,both,mass,true,0.5130589604377747,0.40625,0.5455621480941772,35
dense_head,8,2,both,mass,true,0.6397045254707336,0.546875,0.6813679337501526,35
dense_head,8,3,both,mass,true,0.4557793438434601,0.34375,0.500696063041687,35
dense_head,8,4,both,mass,true,0.6143913269042969,0.515625,0.6484851837158203,35
dense_head,8,5,both,mass,true,0.5287240147590637,0.421875,0.565134584903717,35
dense_head,8,6,both,mass,true,0.5957393050193787,0.46875,0.6305943727493286,35
dense_head,8,7,both,mass,true,0.609427809715271,0.5,0.6481395959854126,35
dense_head,8,8,both,mass,true,0.49869462847709656,0.359375,0.542317271232605,35
dense_head,8,9,both,mass,true,0.4494503140449524,0.296875,0.5285170674324036,35
dense_head,8,10,both,mass,true,0.6766374707221985,0.578125,0.7175127267837524,35
dense_head,8,11,both,mass,true,0.5203325748443604,0.375,0.571570634841919,35
dense_head,8,12,both,mass,true,0.6078219413757324,0.5,0.6449756622314453,35
dense_head,8,13,both,mass,true,0.6470551490783691,0.53125,0.688649594783783,35
dense_head,8,14,both,mass,true,0.6638296842575073,0.53125,0.7137930393218994,35
dense_head,8,15,both,mass,true,0.6545481085777283,0.546875,0.6982744336128235,35
dense_head,8,16,both,mass,true,0.6546463370323181,0.546875,0.6992931365966797,35
dense_head,8,17,both,mass,true,0.6209416389465332,0.5,0.670590877532959,35
dense_head,8,18,both,mass,true,0.6427214741706848,0.5,0.707998514175415,35
dense_head,8,19,both,mass,true,0.4579848349094391,0.34375,0.4925912618637085,35
dense_head,8,20,both,mass,true,0.6604573726654053,0.53125,0.7076116800308228,35
dense_head,8,21,both,mass,true,0.7006695866584778,0.59375,0.7445404529571533,35
dense_head,8,22,both,mass,true,0.5227674841880798,0.375,0.5911059975624084,35
dense_head,8,23,both,mass,true,0.5824280977249146,0.484375,0.6200053095817566,35
dense_head,9,0,both,mass,true,0.5593231916427612,0.46875,0.5859270691871643,39
dense_head,9,1,both,mass,true,0.45093294978141785,0.328125,0.48706454038619995,39
dense_head,9,2,both,mass,true,0.5093618035316467,0.390625,0.5337154269218445,39
dense_head,9,3,both,mass,true,0.47033044695854187,0.328125,0.5247851014137268,39
dense_head,9,4,both,mass,true,0.490858256816864,0.375,0.5286585688591003,39
dense_head,9,5,both,mass,true,0.5263558626174927,0.40625,0.5682671666145325,39
dense_head,9,6,both,mass,true,0.5137459635734558,0.390625,0.5576625466346741,39
dense_head,9,7,both,mass,true,0.46566975116729736,0.359375,0.5018819570541382,39
dense_head,9,8,both,mass,true,0.5458125472068787,0.453125,0.5781782269477844,39
dense_head,9,9,both,mass,true,0.47624629735946655,0.390625,0.5018693208694458,39
dense_head,9,10,both,mass,true,0.5427531599998474,0.4375,0.5839743614196777,39
dense_head,9,11,both,mass,true,0.46793022751808167,0.359375,0.4912376403808594,39
dense_head,9,12,both,mass,true,0.35610994696617126,0.265625,0.3871918320655823,39
dense_head,9,13,both,mass,true,0.496680349111557,0.375,0.5301473140716553,39
dense_head,9,14,both,mass,true,0.24020077288150787,0.140625,0.273440420627594,39
dense_head,9,15,both,mass,true,0.4744860827922821,0.375,0.5054556727409363,39
dense_head,9,16,both,mass,true,0.4357687830924988,0.296875,0.478847861289978,39
dense_head,9,17,both,mass,true,0.3231605887413025,0.21875,0.3596563935279846,39
dense_head,9,18,both,mass,true,0.4638141989707947,0.375,0.4889462888240814,39
dense_head,9,19,both,mass,true,0.5186581611633301,0.40625,0.5504772663116455,39
dense_head,9,20,both,mass,true,0.49671098589897156,0.375,0.5439837574958801,39
dense_head,9,21,both,mass,true,0.4603537619113922,0.390625,0.4695248305797577,39
dense_head,9,22,both,mass,true,0.40943071246147156,0.265625,0.45420214533805847,39
dense_head,9,23,both,mass,true,0.25900799036026,0.171875,0.28711438179016113,39
dense_head,10,0,both,mass,true,0.3670189380645752,0.25,0.41005000472068787,43
dense_head,10,1,both,mass,true,0.4067637324333191,0.296875,0.4335816502571106,43
dense_head,10,2,both,mass,true,0.4025055766105652,0.3125,0.42964959144592285,43
dense_head,10,3,both,mass,true,0.4851130545139313,0.375,0.5317763686180115,43
dense_head,10,4,both,mass,true,0.3897687792778015,0.3125,0.4232586622238159,43
dense_head,10,5,both,mass,true,0.37772685289382935,0.25,0.4174501299858093,43
dense_head,10,6,both,mass,true,0.3006027340888977,0.203125,0.32341229915618896,43
dense_head,10,7,both,mass,true,0.40616294741630554,0.328125,0.4249196946620941,43
dense_head,10,8,both,mass,true,0.28950613737106323,0.21875,0.30185866355895996,43
dense_head,10,9,both,mass,true,0.4044263958930969,0.3125,0.4275957942008972,43
dense_head,10,10,both,mass,true,0.38562777638435364,0.28125,0.4130738079547882,43
dense_head,10,11,both,mass,true,0.3496711850166321,0.265625,0.37383952736854553,43
dense_head,10,12,both,mass,true,0.5208631157875061,0.421875,0.5595629215240479,43
dense_head,10,13,both,mass,true,0.4647473692893982,0.359375,0.5039600133895874,43
dense_head,10,14,both,mass,true,0.4512682259082794,0.34375,0.4815538823604584,43
dense_head,10,15,both,mass,true,0.5553262233734131,0.453125,0.5944691300392151,43
dense_head,10,16,both,mass,true,0.4526449143886566,0.359375,0.4786614775657654,43
dense_head,10,17,both,mass,true,0.49393177032470703,0.40625,0.530255913734436,43
dense_head,10,18,both,mass,true,0.4563695192337036,0.359375,0.48608604073524475,43
dense_head,10,19,both,mass,true,0.4334101974964142,0.3125,0.4797516465187073,43
dense_head,10,20,both,mass,true,0.46844154596328735,0.359375,0.5051345825195312,43
dense_head,10,21,both,mass,true,0.4175565540790558,0.328125,0.4445094168186188,43
dense_head,10,22,both,mass,true,0.4137423038482666,0.296875,0.4588840901851654,43
dense_head,10,23,both,mass,true,0.44399434328079224,0.359375,0.47140318155288696,43
dense_head,11,0,both,mass,true,0.42623841762542725,0.3125,0.4662105441093445,47
dense_head,11,1,both,mass,true,0.22919388115406036,0.15625,0.24207733571529388,47
dense_head,11,2,both,mass,true,0.43506720662117004,0.328125,0.47383999824523926,47
dense_head,11,3,both,mass,true,0.34589579701423645,0.265625,0.359701931476593,47
dense_head,11,4,both,mass,true,0.28548067808151245,0.203125,0.3097105622291565,47
dense_head,11,5,both,mass,true,0.4337933361530304,0.359375,0.4536370038986206,47
dense_head,11,6,both,mass,true,0.4255588948726654,0.296875,0.4824404716491699,47
dense_head,11,7,both,mass,true,0.3340076506137848,0.25,0.35808122158050537,47
dense_head,11,8,both,mass,true,0.3449956476688385,0.203125,0.4022091329097748,47
dense_head,11,9,both,mass,true,0.26049041748046875,0.140625,0.2948223352432251,47
dense_head,11,10,both,mass,true,0.335976243019104,0.234375,0.36268216371536255,47
dense_head,11,11,both,mass,true,0.29444238543510437,0.21875,0.3118720054626465,47
dense_head,11,12,both,mass,true,0.31902918219566345,0.1875,0.3665548861026764,47
dense_head,11,13,both,mass,true,0.39100468158721924,0.234375,0.4460882246494293,47
dense_head,11,14,both,mass,true,0.3334440290927887,0.21875,0.37538692355155945,47
dense_head,11,15,both,mass,true,0.4291449189186096,0.265625,0.4848051071166992,47
dense_head,11,16,both,mass,true,0.2972491979598999,0.234375,0.3156925439834595,47
dense_head,11,17,both,mass,true,0.3747667372226715,0.25,0.4258946478366852,47
dense_head,11,18,both,mass,true,0.2416069060564041,0.15625,0.2618880867958069,47
dense_head,11,19,both,mass,true,0.23698942363262177,0.046875,0.32040277123451233,47
dense_head,11,20,both,mass,true,0.3883275091648102,0.265625,0.4466191828250885,47
dense_head,11,21,both,mass,true,0.3586586117744446,0.234375,0.4080573320388794,47
dense_head,11,22,both,mass,true,0.2608983516693115,0.1875,0.2797947824001312,47
dense_head,11,23,both,mass,true,0.36432963609695435,0.203125,0.4136759638786316,47
dense_head_top16_cv,-1,-1,both,mass,true,0.6161715984344482,0.46875,0.677560567855835,-1
dense_head_top16_cv_gated,-1,-1,both,mass,true,0.6263195276260376,0.46875,0.68961101770401,-1
dense_head_all_mean,-1,-1,both,mass,true,0.5484313368797302,0.4375,0.596320390701294,-1
sparse_head,0,0,question,mass,false,0.06805919110774994,0.0,0.06206824630498886,3
sparse_head,0,1,question,mass,false,0.09434705972671509,0.015625,0.0880705714225769,3
sparse_head,0,2,question,mass,false,0.07567446678876877,0.015625,0.07420382648706436,3
sparse_head,0,3,question,mass,false,0.07043805718421936,0.015625,0.057502590119838715,3
sparse_head,0,4,question,mass,false,0.0900164321064949,0.015625,0.09047693759202957,3
sparse_head,0,5,question,mass,false,0.1018773689866066,0.015625,0.10718926787376404,3
sparse_head,0,6,question,mass,false,0.15118835866451263,0.0625,0.1740216165781021,3
sparse_head,0,7,question,mass,false,0.06086444854736328,0.015625,0.056910496205091476,3
sparse_head,0,8,question,mass,false,0.07765946537256241,0.015625,0.07581425458192825,3
sparse_head,0,9,question,mass,false,0.1256633698940277,0.03125,0.14240537583827972,3
sparse_head,0,10,question,mass,false,0.05922548100352287,0.015625,0.05193321034312248,3
sparse_head,0,11,question,mass,false,0.053355034440755844,0.015625,0.04036148637533188,3
sparse_head,0,12,question,mass,false,0.07039358466863632,0.015625,0.07015687227249146,3
sparse_head,0,13,question,mass,false,0.059134721755981445,0.015625,0.04033558443188667,3
sparse_head,0,14,question,mass,false,0.07285814732313156,0.015625,0.06832383573055267,3
sparse_head,0,15,question,mass,false,0.08871220052242279,0.015625,0.08498900383710861,3
sparse_head,0,16,question,mass,false,0.10217570513486862,0.03125,0.11890120804309845,3
sparse_head,0,17,question,mass,false,0.06379416584968567,0.015625,0.05234570428729057,3
sparse_head,0,18,question,mass,false,0.06083099544048309,0.015625,0.05683228746056557,3
sparse_head,0,19,question,mass,false,0.0695631206035614,0.015625,0.07713218033313751,3
sparse_head,0,20,question,mass,false,0.14063049852848053,0.03125,0.17269784212112427,3
sparse_head,0,21,question,mass,false,0.108565554022789,0.03125,0.10910709202289581,3
sparse_head,0,22,question,mass,false,0.14451177418231964,0.046875,0.16613826155662537,3
sparse_head,0,23,question,mass,false,0.07706592231988907,0.015625,0.07729139924049377,3
sparse_head,1,0,question,mass,false,0.19440749287605286,0.09375,0.2203625738620758,7
sparse_head,1,1,question,mass,false,0.18010012805461884,0.0625,0.23216472566127777,7
sparse_head,1,2,question,mass,false,0.17931506037712097,0.0625,0.22943517565727234,7
sparse_head,1,3,question,mass,false,0.20951038599014282,0.078125,0.25863173604011536,7
sparse_head,1,4,question,mass,false,0.18221192061901093,0.078125,0.21727658808231354,7
sparse_head,1,5,question,mass,false,0.27304941415786743,0.125,0.3487587571144104,7
sparse_head,1,6,question,mass,false,0.21020010113716125,0.0625,0.280765175819397,7
sparse_head,1,7,question,mass,false,0.13574931025505066,0.046875,0.1402105987071991,7
sparse_head,1,8,question,mass,false,0.12274439632892609,0.046875,0.11508742719888687,7
sparse_head,1,9,question,mass,false,0.14584657549858093,0.015625,0.17769666016101837,7
sparse_head,1,10,question,mass,false,0.2477983832359314,0.09375,0.3138692080974579,7
sparse_head,1,11,question,mass,false,0.13071313500404358,0.015625,0.17054331302642822,7
sparse_head,1,12,question,mass,false,0.13479404151439667,0.015625,0.18488189578056335,7
sparse_head,1,13,question,mass,false,0.11558566987514496,0.015625,0.1570504605770111,7
sparse_head,1,14,question,mass,false,0.16228720545768738,0.015625,0.21135424077510834,7
sparse_head,1,15,question,mass,false,0.1324278861284256,0.03125,0.1696433275938034,7
sparse_head,1,16,question,mass,false,0.10950925946235657,0.03125,0.12043173611164093,7
sparse_head,1,17,question,mass,false,0.1967182457447052,0.015625,0.28094205260276794,7
sparse_head,1,18,question,mass,false,0.13431255519390106,0.015625,0.1771157830953598,7
sparse_head,1,19,question,mass,false,0.16458642482757568,0.015625,0.21537186205387115,7
sparse_head,1,20,question,mass,false,0.18647876381874084,0.015625,0.24819506704807281,7
sparse_head,1,21,question,mass,false,0.22443965077400208,0.078125,0.30220746994018555,7
sparse_head,1,22,question,mass,false,0.12502780556678772,0.015625,0.13588666915893555,7
sparse_head,1,23,question,mass,false,0.13448293507099152,0.015625,0.16582952439785004,7
sparse_head,2,0,question,mass,false,0.32102033495903015,0.140625,0.4014326333999634,11
sparse_head,2,1,question,mass,false,0.18480968475341797,0.046875,0.2680099904537201,11
sparse_head,2,2,question,mass,false,0.3138940632343292,0.125,0.41342541575431824,11
sparse_head,2,3,question,mass,false,0.35941624641418457,0.171875,0.4350537061691284,11
sparse_head,2,4,question,mass,false,0.14762179553508759,0.015625,0.21068386733531952,11
sparse_head,2,5,question,mass,false,0.2963050603866577,0.09375,0.3899140954017639,11
sparse_head,2,6,question,mass,false,0.16652008891105652,0.03125,0.22243379056453705,11
sparse_head,2,7,question,mass,false,0.17814822494983673,0.015625,0.2703993320465088,11
sparse_head,2,8,question,mass,false,0.26007217168807983,0.109375,0.332748681306839,11
sparse_head,2,9,question,mass,false,0.2321588397026062,0.09375,0.3001842498779297,11
sparse_head,2,10,question,mass,false,0.1463100165128708,0.03125,0.19840651750564575,11
sparse_head,2,11,question,mass,false,0.19005657732486725,0.03125,0.24991503357887268,11
sparse_head,2,12,question,mass,false,0.22090274095535278,0.03125,0.29850804805755615,11
sparse_head,2,13,question,mass,false,0.1386500895023346,0.015625,0.20404547452926636,11
sparse_head,2,14,question,mass,false,0.22769325971603394,0.109375,0.27806296944618225,11
sparse_head,2,15,question,mass,false,0.13193881511688232,0.015625,0.18036986887454987,11
sparse_head,2,16,question,mass,false,0.1903643012046814,0.03125,0.27703261375427246,11
sparse_head,2,17,question,mass,false,0.11442723870277405,0.015625,0.14840924739837646,11
sparse_head,2,18,question,mass,false,0.29686444997787476,0.109375,0.388607382774353,11
sparse_head,2,19,question,mass,false,0.3354198634624481,0.15625,0.4262043237686157,11
sparse_head,2,20,question,mass,false,0.17104162275791168,0.03125,0.23143857717514038,11
sparse_head,2,21,question,mass,false,0.10196630656719208,0.015625,0.12401174753904343,11
sparse_head,2,22,question,mass,false,0.1344076693058014,0.046875,0.15424641966819763,11
sparse_head,2,23,question,mass,false,0.2709394097328186,0.0625,0.36473727226257324,11
sparse_head,3,0,question,mass,false,0.2527967095375061,0.09375,0.3365209996700287,15
sparse_head,3,1,question,mass,false,0.2383609265089035,0.046875,0.33466196060180664,15
sparse_head,3,2,question,mass,false,0.3729548752307892,0.171875,0.47390973567962646,15
sparse_head,3,3,question,mass,false,0.44067811965942383,0.25,0.5254203677177429,15
sparse_head,3,4,question,mass,false,0.3432995676994324,0.171875,0.42947617173194885,15
sparse_head,3,5,question,mass,false,0.37680667638778687,0.1875,0.4751491844654083,15
sparse_head,3,6,question,mass,false,0.24547991156578064,0.03125,0.3613189160823822,15
sparse_head,3,7,question,mass,false,0.4950140714645386,0.328125,0.5494022965431213,15
sparse_head,3,8,question,mass,false,0.25999727845191956,0.09375,0.3429921865463257,15
sparse_head,3,9,question,mass,false,0.4836028814315796,0.28125,0.5521787405014038,15
sparse_head,3,10,question,mass,false,0.2727262079715729,0.078125,0.3746596574783325,15
sparse_head,3,11,question,mass,false,0.47017383575439453,0.34375,0.5423169136047363,15
sparse_head,3,12,question,mass,false,0.5021956562995911,0.296875,0.5836881995201111,15
sparse_head,3,13,question,mass,false,0.24534809589385986,0.0625,0.3536050319671631,15
sparse_head,3,14,question,mass,false,0.37540462613105774,0.171875,0.4751477539539337,15
sparse_head,3,15,question,mass,false,0.4226323366165161,0.234375,0.5231806635856628,15
sparse_head,3,16,question,mass,false,0.506031334400177,0.328125,0.5930088758468628,15
sparse_head,3,17,question,mass,false,0.2797604203224182,0.09375,0.3658111095428467,15
sparse_head,3,18,question,mass,false,0.2561597228050232,0.078125,0.35088446736335754,15
sparse_head,3,19,question,mass,false,0.20170094072818756,0.078125,0.2585321068763733,15
sparse_head,3,20,question,mass,false,0.3628057539463043,0.171875,0.44784605503082275,15
sparse_head,3,21,question,mass,false,0.25320500135421753,0.078125,0.3534148335456848,15
sparse_head,3,22,question,mass,false,0.22857394814491272,0.078125,0.3185557425022125,15
sparse_head,3,23,question,mass,false,0.3058169484138489,0.15625,0.3860325813293457,15
sparse_head,4,0,question,mass,false,0.16334673762321472,0.03125,0.23890182375907898,19
sparse_head,4,1,question,mass,false,0.4536115527153015,0.25,0.5522505044937134,19
sparse_head,4,2,question,mass,false,0.5482925176620483,0.390625,0.6299827098846436,19
sparse_head,4,3,question,mass,false,0.3406347632408142,0.09375,0.44504988193511963,19
sparse_head,4,4,question,mass,false,0.4189682900905609,0.234375,0.5015443563461304,19
sparse_head,4,5,question,mass,false,0.48163342475891113,0.3125,0.5693210363388062,19
sparse_head,4,6,question,mass,false,0.5290765166282654,0.34375,0.6242772340774536,19
sparse_head,4,7,question,mass,false,0.37606871128082275,0.171875,0.4794740378856659,19
sparse_head,4,8,question,mass,false,0.36419475078582764,0.171875,0.4673858880996704,19
sparse_head,4,9,question,mass,false,0.23579593002796173,0.09375,0.3142583668231964,19
sparse_head,4,10,question,mass,false,0.43676161766052246,0.25,0.5264372229576111,19
sparse_head,4,11,question,mass,false,0.38124167919158936,0.1875,0.48843783140182495,19
sparse_head,4,12,question,mass,false,0.5721616744995117,0.40625,0.6437678337097168,19
sparse_head,4,13,question,mass,false,0.6156697273254395,0.46875,0.6825502514839172,19
sparse_head,4,14,question,mass,false,0.3708074390888214,0.203125,0.4750373959541321,19
sparse_head,4,15,question,mass,false,0.5620005130767822,0.40625,0.6357616186141968,19
sparse_head,4,16,question,mass,false,0.2853395640850067,0.0625,0.40497124195098877,19
sparse_head,4,17,question,mass,false,0.5660713315010071,0.40625,0.6350228190422058,19
sparse_head,4,18,question,mass,false,0.31804606318473816,0.171875,0.4116955101490021,19
sparse_head,4,19,question,mass,false,0.5514835715293884,0.390625,0.6362729668617249,19
sparse_head,4,20,question,mass,false,0.4471926987171173,0.28125,0.5591424107551575,19
sparse_head,4,21,question,mass,false,0.4992270767688751,0.34375,0.5785895586013794,19
sparse_head,4,22,question,mass,false,0.3695582449436188,0.21875,0.43762168288230896,19
sparse_head,4,23,question,mass,false,0.6365726590156555,0.5,0.7057911157608032,19
sparse_head,5,0,question,mass,false,0.3963543474674225,0.21875,0.4818779528141022,23
sparse_head,5,1,question,mass,false,0.36107367277145386,0.203125,0.4617557227611542,23
sparse_head,5,2,question,mass,false,0.4706994593143463,0.328125,0.5463722944259644,23
sparse_head,5,3,question,mass,false,0.4791001081466675,0.3125,0.5666993856430054,23
sparse_head,5,4,question,mass,false,0.5460758209228516,0.40625,0.6222233772277832,23
sparse_head,5,5,question,mass,false,0.27134114503860474,0.0625,0.3698020279407501,23
sparse_head,5,6,question,mass,false,0.3129550814628601,0.171875,0.38895484805107117,23
sparse_head,5,7,question,mass,false,0.3026169240474701,0.09375,0.4220065176486969,23
sparse_head,5,8,question,mass,false,0.38560330867767334,0.203125,0.46863803267478943,23
sparse_head,5,9,question,mass,false,0.46663522720336914,0.28125,0.552777886390686,23
sparse_head,5,10,question,mass,false,0.4589250683784485,0.296875,0.5220724940299988,23
sparse_head,5,11,question,mass,false,0.447834849357605,0.265625,0.534817099571228,23
sparse_head,5,12,question,mass,false,0.4511488080024719,0.296875,0.5360883474349976,23
sparse_head,5,13,question,mass,false,0.30443698167800903,0.15625,0.3828478455543518,23
sparse_head,5,14,question,mass,false,0.3620271682739258,0.203125,0.4300801455974579,23
sparse_head,5,15,question,mass,false,0.4225740134716034,0.265625,0.505119800567627,23
sparse_head,5,16,question,mass,false,0.3947296142578125,0.21875,0.48093926906585693,23
sparse_head,5,17,question,mass,false,0.2680456340312958,0.109375,0.34833773970603943,23
sparse_head,5,18,question,mass,false,0.5247236490249634,0.359375,0.6107485294342041,23
sparse_head,5,19,question,mass,false,0.39886635541915894,0.234375,0.5003494024276733,23
sparse_head,5,20,question,mass,false,0.2208680808544159,0.0625,0.2895851731300354,23
sparse_head,5,21,question,mass,false,0.5383855104446411,0.375,0.60113126039505,23
sparse_head,5,22,question,mass,false,0.4682651460170746,0.296875,0.5627275705337524,23
sparse_head,5,23,question,mass,false,0.23980864882469177,0.09375,0.3131532371044159,23
sparse_head,6,0,question,mass,false,0.6848183870315552,0.5625,0.7469586730003357,27
sparse_head,6,1,question,mass,false,0.4327104091644287,0.25,0.5230973958969116,27
sparse_head,6,2,question,mass,false,0.612614095211029,0.4375,0.6936066746711731,27
sparse_head,6,3,question,mass,false,0.7064997553825378,0.578125,0.7640239000320435,27
sparse_head,6,4,question,mass,false,0.4537449777126312,0.28125,0.5385794043540955,27
sparse_head,6,5,question,mass,false,0.5391117334365845,0.390625,0.600054919719696,27
sparse_head,6,6,question,mass,false,0.48259592056274414,0.359375,0.5423517227172852,27
sparse_head,6,7,question,mass,false,0.4138350486755371,0.25,0.48171180486679077,27
sparse_head,6,8,question,mass,false,0.4648229777812958,0.265625,0.5570586919784546,27
sparse_head,6,9,question,mass,false,0.330061137676239,0.15625,0.4025095999240875,27
sparse_head,6,10,question,mass,false,0.44054120779037476,0.3125,0.5021642446517944,27
sparse_head,6,11,question,mass,false,0.41055479645729065,0.21875,0.5153929591178894,27
sparse_head,6,12,question,mass,false,0.5812978744506836,0.421875,0.6467739939689636,27
sparse_head,6,13,question,mass,false,0.4091324508190155,0.25,0.5014416575431824,27
sparse_head,6,14,question,mass,false,0.49216949939727783,0.375,0.5619841814041138,27
sparse_head,6,15,question,mass,false,0.34727954864501953,0.203125,0.4098053276538849,27
sparse_head,6,16,question,mass,false,0.437330961227417,0.265625,0.5255992412567139,27
sparse_head,6,17,question,mass,false,0.30973780155181885,0.171875,0.3646341562271118,27
sparse_head,6,18,question,mass,false,0.4906359612941742,0.296875,0.5826625227928162,27
sparse_head,6,19,question,mass,false,0.6603357195854187,0.515625,0.7249540090560913,27
sparse_head,6,20,question,mass,false,0.46212998032569885,0.265625,0.5552293658256531,27
sparse_head,6,21,question,mass,false,0.12647734582424164,0.015625,0.17107529938220978,27
sparse_head,6,22,question,mass,false,0.3327583372592926,0.15625,0.4152178168296814,27
sparse_head,6,23,question,mass,false,0.582360029220581,0.375,0.667281985282898,27
sparse_head,7,0,question,mass,false,0.4761973023414612,0.3125,0.5679188966751099,31
sparse_head,7,1,question,mass,false,0.6518586874008179,0.484375,0.7157775163650513,31
sparse_head,7,2,question,mass,false,0.7083315253257751,0.578125,0.7624842524528503,31
sparse_head,7,3,question,mass,false,0.6931337118148804,0.546875,0.7467168569564819,31
sparse_head,7,4,question,mass,false,0.6587764024734497,0.5,0.7208071947097778,31
sparse_head,7,5,question,mass,false,0.6886447072029114,0.53125,0.7565878629684448,31
sparse_head,7,6,question,mass,false,0.6253480315208435,0.46875,0.6945925354957581,31
sparse_head,7,7,question,mass,false,0.6909210085868835,0.546875,0.7576054334640503,31
sparse_head,7,8,question,mass,false,0.41630250215530396,0.203125,0.5128654837608337,31
sparse_head,7,9,question,mass,false,0.6869392395019531,0.546875,0.7541364431381226,31
sparse_head,7,10,question,mass,false,0.5996620655059814,0.4375,0.6868650317192078,31
sparse_head,7,11,question,mass,false,0.5973248481750488,0.40625,0.6693849563598633,31
sparse_head,7,12,question,mass,false,0.7290411591529846,0.59375,0.7826041579246521,31
sparse_head,7,13,question,mass,false,0.6259442567825317,0.46875,0.695037305355072,31
sparse_head,7,14,question,mass,false,0.6553279161453247,0.5,0.7262654900550842,31
sparse_head,7,15,question,mass,false,0.618058443069458,0.4375,0.693815290927887,31
sparse_head,7,16,question,mass,false,0.6571580767631531,0.5,0.7101839184761047,31
sparse_head,7,17,question,mass,false,0.5287231802940369,0.328125,0.6126052141189575,31
sparse_head,7,18,question,mass,false,0.6096528768539429,0.453125,0.6769832372665405,31
sparse_head,7,19,question,mass,false,0.5170814394950867,0.359375,0.5882314443588257,31
sparse_head,7,20,question,mass,false,0.5807306170463562,0.375,0.6583911776542664,31
sparse_head,7,21,question,mass,false,0.47374409437179565,0.3125,0.5667545795440674,31
sparse_head,7,22,question,mass,false,0.6238596439361572,0.453125,0.6930981278419495,31
sparse_head,7,23,question,mass,false,0.6392866969108582,0.484375,0.7047027945518494,31
sparse_head,8,0,question,mass,false,0.1475791335105896,0.03125,0.19122202694416046,35
sparse_head,8,1,question,mass,false,0.5112283229827881,0.328125,0.5893813371658325,35
sparse_head,8,2,question,mass,false,0.6744260787963867,0.53125,0.7323318719863892,35
sparse_head,8,3,question,mass,false,0.4216024577617645,0.25,0.5143651366233826,35
sparse_head,8,4,question,mass,false,0.5653293132781982,0.40625,0.630530595779419,35
sparse_head,8,5,question,mass,false,0.5320650339126587,0.375,0.604806661605835,35
sparse_head,8,6,question,mass,false,0.5563845634460449,0.34375,0.6389760971069336,35
sparse_head,8,7,question,mass,false,0.5395280122756958,0.34375,0.6339389085769653,35
sparse_head,8,8,question,mass,false,0.42650508880615234,0.234375,0.5117989778518677,35
sparse_head,8,9,question,mass,false,0.3662208914756775,0.21875,0.43332353234291077,35
sparse_head,8,10,question,mass,false,0.5945142507553101,0.421875,0.6713662147521973,35
sparse_head,8,11,question,mass,false,0.5204827189445496,0.3125,0.6015027761459351,35
sparse_head,8,12,question,mass,false,0.6605627536773682,0.5,0.7218729257583618,35
sparse_head,8,13,question,mass,false,0.727108359336853,0.59375,0.7766810655593872,35
sparse_head,8,14,question,mass,false,0.52149498462677,0.3125,0.6072235107421875,35
sparse_head,8,15,question,mass,false,0.6522340774536133,0.546875,0.7167221903800964,35
sparse_head,8,16,question,mass,false,0.5333917140960693,0.34375,0.6197278499603271,35
sparse_head,8,17,question,mass,false,0.6114706993103027,0.453125,0.678002655506134,35
sparse_head,8,18,question,mass,false,0.6547336578369141,0.5,0.7127420902252197,35
sparse_head,8,19,question,mass,false,0.48839104175567627,0.265625,0.583014965057373,35
sparse_head,8,20,question,mass,false,0.6414550542831421,0.46875,0.7160091400146484,35
sparse_head,8,21,question,mass,false,0.5964072942733765,0.421875,0.668643057346344,35
sparse_head,8,22,question,mass,false,0.5425558090209961,0.390625,0.6199793219566345,35
sparse_head,8,23,question,mass,false,0.6595364809036255,0.5,0.7223777174949646,35
sparse_head,9,0,question,mass,false,0.4362862706184387,0.234375,0.5236356258392334,39
sparse_head,9,1,question,mass,false,0.3699900805950165,0.1875,0.457669198513031,39
sparse_head,9,2,question,mass,false,0.5313165783882141,0.359375,0.6084917783737183,39
sparse_head,9,3,question,mass,false,0.4556056261062622,0.265625,0.5500195026397705,39
sparse_head,9,4,question,mass,false,0.4406328499317169,0.234375,0.5404582023620605,39
sparse_head,9,5,question,mass,false,0.42767333984375,0.234375,0.5287268757820129,39
sparse_head,9,6,question,mass,false,0.49101191759109497,0.296875,0.5697016716003418,39
sparse_head,9,7,question,mass,false,0.4051319658756256,0.21875,0.4878165125846863,39
sparse_head,9,8,question,mass,false,0.5730215311050415,0.390625,0.6465144157409668,39
sparse_head,9,9,question,mass,false,0.48063430190086365,0.265625,0.5666967630386353,39
sparse_head,9,10,question,mass,false,0.45467105507850647,0.25,0.549888014793396,39
sparse_head,9,11,question,mass,false,0.40557023882865906,0.203125,0.4890543520450592,39
sparse_head,9,12,question,mass,false,0.38575801253318787,0.203125,0.4897403419017792,39
sparse_head,9,13,question,mass,false,0.3819116950035095,0.21875,0.471304714679718,39
sparse_head,9,14,question,mass,false,0.29034772515296936,0.140625,0.38185515999794006,39
sparse_head,9,15,question,mass,false,0.42256230115890503,0.203125,0.5258705019950867,39
sparse_head,9,16,question,mass,false,0.350816011428833,0.15625,0.4566606283187866,39
sparse_head,9,17,question,mass,false,0.27361661195755005,0.109375,0.34569036960601807,39
sparse_head,9,18,question,mass,false,0.47652244567871094,0.28125,0.5680338740348816,39
sparse_head,9,19,question,mass,false,0.49518752098083496,0.296875,0.5821743607521057,39
sparse_head,9,20,question,mass,false,0.34735730290412903,0.125,0.44674134254455566,39
sparse_head,9,21,question,mass,false,0.5109191536903381,0.296875,0.5999367237091064,39
sparse_head,9,22,question,mass,false,0.3953145444393158,0.203125,0.5002879500389099,39
sparse_head,9,23,question,mass,false,0.18321600556373596,0.046875,0.24814067780971527,39
sparse_head,10,0,question,mass,false,0.3395794630050659,0.140625,0.4474271833896637,43
sparse_head,10,1,question,mass,false,0.33677029609680176,0.140625,0.45425403118133545,43
sparse_head,10,2,question,mass,false,0.3760257959365845,0.1875,0.48428118228912354,43
sparse_head,10,3,question,mass,false,0.3508282005786896,0.140625,0.4435197710990906,43
sparse_head,10,4,question,mass,false,0.3607580363750458,0.15625,0.4679182171821594,43
sparse_head,10,5,question,mass,false,0.34260886907577515,0.140625,0.4495067298412323,43
sparse_head,10,6,question,mass,false,0.14988651871681213,0.015625,0.20654460787773132,43
sparse_head,10,7,question,mass,false,0.43669208884239197,0.265625,0.5313215851783752,43
sparse_head,10,8,question,mass,false,0.2762852907180786,0.125,0.362063467502594,43
sparse_head,10,9,question,mass,false,0.32790321111679077,0.140625,0.442130982875824,43
sparse_head,10,10,question,mass,false,0.37782391905784607,0.1875,0.4778347313404083,43
sparse_head,10,11,question,mass,false,0.42320066690444946,0.234375,0.5220823287963867,43
sparse_head,10,12,question,mass,false,0.40323394536972046,0.21875,0.5099680423736572,43
sparse_head,10,13,question,mass,false,0.37429720163345337,0.15625,0.47548142075538635,43
sparse_head,10,14,question,mass,false,0.40614041686058044,0.1875,0.5008244514465332,43
sparse_head,10,15,question,mass,false,0.3515215516090393,0.140625,0.4568614959716797,43
sparse_head,10,16,question,mass,false,0.4160594642162323,0.21875,0.511798620223999,43
sparse_head,10,17,question,mass,false,0.40724602341651917,0.1875,0.5153145790100098,43
sparse_head,10,18,question,mass,false,0.4673508405685425,0.28125,0.5599405765533447,43
sparse_head,10,19,question,mass,false,0.39534544944763184,0.21875,0.49851495027542114,43
sparse_head,10,20,question,mass,false,0.38814327120780945,0.203125,0.494194895029068,43
sparse_head,10,21,question,mass,false,0.38931816816329956,0.1875,0.4863690435886383,43
sparse_head,10,22,question,mass,false,0.3746337890625,0.203125,0.4607580900192261,43
sparse_head,10,23,question,mass,false,0.36689072847366333,0.1875,0.473135769367218,43
sparse_head,11,0,question,mass,false,0.3434905409812927,0.140625,0.4338407516479492,47
sparse_head,11,1,question,mass,false,0.30966854095458984,0.171875,0.3886362910270691,47
sparse_head,11,2,question,mass,false,0.29246222972869873,0.15625,0.35671621561050415,47
sparse_head,11,3,question,mass,false,0.2941352427005768,0.15625,0.3588312268257141,47
sparse_head,11,4,question,mass,false,0.24871110916137695,0.09375,0.3201858103275299,47
sparse_head,11,5,question,mass,false,0.33340150117874146,0.1875,0.40590357780456543,47
sparse_head,11,6,question,mass,false,0.31722551584243774,0.15625,0.38968923687934875,47
sparse_head,11,7,question,mass,false,0.31858620047569275,0.171875,0.40067487955093384,47
sparse_head,11,8,question,mass,false,0.2909134328365326,0.125,0.3957533538341522,47
sparse_head,11,9,question,mass,false,0.293330579996109,0.15625,0.35484033823013306,47
sparse_head,11,10,question,mass,false,0.30249255895614624,0.15625,0.3607460856437683,47
sparse_head,11,11,question,mass,false,0.33972224593162537,0.140625,0.43338489532470703,47
sparse_head,11,12,question,mass,false,0.28404325246810913,0.09375,0.40354692935943604,47
sparse_head,11,13,question,mass,false,0.2618311047554016,0.046875,0.3743044137954712,47
sparse_head,11,14,question,mass,false,0.29409611225128174,0.078125,0.4093044102191925,47
sparse_head,11,15,question,mass,false,0.2575451731681824,0.03125,0.38593900203704834,47
sparse_head,11,16,question,mass,false,0.316604346036911,0.140625,0.4081580638885498,47
sparse_head,11,17,question,mass,false,0.2934598922729492,0.0625,0.40430986881256104,47
sparse_head,11,18,question,mass,false,0.21518045663833618,0.0625,0.279142290353775,47
sparse_head,11,19,question,mass,false,0.12372396141290665,0.015625,0.18572965264320374,47
sparse_head,11,20,question,mass,false,0.3236539363861084,0.109375,0.4397673010826111,47
sparse_head,11,21,question,mass,false,0.29339075088500977,0.09375,0.41102784872055054,47
sparse_head,11,22,question,mass,false,0.20993739366531372,0.03125,0.30078554153442383,47
sparse_head,11,23,question,mass,false,0.2842227816581726,0.078125,0.4051191806793213,47
sparse_head_top16_cv,-1,-1,question,mass,false,0.7306151986122131,0.59375,0.7838586568832397,-1
sparse_head_top16_cv_gated,-1,-1,question,mass,false,0.7299270033836365,0.59375,0.7832543253898621,-1
sparse_head_all_mean,-1,-1,question,mass,false,0.4438175559043884,0.21875,0.555782675743103,-1
sparse_head,0,0,question,mass,true,0.09854374825954437,0.0,0.13053405284881592,3
sparse_head,0,1,question,mass,true,0.1096389964222908,0.015625,0.11953551322221756,3
sparse_head,0,2,question,mass,true,0.07147714495658875,0.0,0.07014713436365128,3
sparse_head,0,3,question,mass,true,0.07321099191904068,0.0,0.07928166538476944,3
sparse_head,0,4,question,mass,true,0.1277940571308136,0.046875,0.13376402854919434,3
sparse_head,0,5,question,mass,true,0.1345289647579193,0.046875,0.1641521453857422,3
sparse_head,0,6,question,mass,true,0.17485223710536957,0.0625,0.20893386006355286,3
sparse_head,0,7,question,mass,true,0.05508514866232872,0.0,0.04561394825577736,3
sparse_head,0,8,question,mass,true,0.12297751009464264,0.046875,0.1228007972240448,3
sparse_head,0,9,question,mass,true,0.14698973298072815,0.046875,0.16367170214653015,3
sparse_head,0,10,question,mass,true,0.08547332882881165,0.03125,0.08253257721662521,3
sparse_head,0,11,question,mass,true,0.06618247926235199,0.0,0.06543473899364471,3
sparse_head,0,12,question,mass,true,0.08489174395799637,0.0,0.0924639031291008,3
sparse_head,0,13,question,mass,true,0.05760296434164047,0.0,0.06770584732294083,3
sparse_head,0,14,question,mass,true,0.07848560065031052,0.015625,0.07412062585353851,3
sparse_head,0,15,question,mass,true,0.09283623844385147,0.015625,0.10007397085428238,3
sparse_head,0,16,question,mass,true,0.13032159209251404,0.046875,0.14907363057136536,3
sparse_head,0,17,question,mass,true,0.07303907722234726,0.0,0.08009751886129379,3
sparse_head,0,18,question,mass,true,0.06629793345928192,0.015625,0.05867256969213486,3
sparse_head,0,19,question,mass,true,0.09615305811166763,0.0,0.11792583018541336,3
sparse_head,0,20,question,mass,true,0.1674145609140396,0.046875,0.21570433676242828,3
sparse_head,0,21,question,mass,true,0.14175674319267273,0.046875,0.1606437861919403,3
sparse_head,0,22,question,mass,true,0.14891710877418518,0.046875,0.16073602437973022,3
sparse_head,0,23,question,mass,true,0.12036237865686417,0.03125,0.14334999024868011,3
sparse_head,1,0,question,mass,true,0.20428119599819183,0.09375,0.2299436628818512,7
sparse_head,1,1,question,mass,true,0.19853858649730682,0.0625,0.24313990771770477,7
sparse_head,1,2,question,mass,true,0.226254403591156,0.09375,0.28013551235198975,7
sparse_head,1,3,question,mass,true,0.22406870126724243,0.078125,0.26965081691741943,7
sparse_head,1,4,question,mass,true,0.18977835774421692,0.078125,0.22666862607002258,7
sparse_head,1,5,question,mass,true,0.28211119771003723,0.140625,0.35286593437194824,7
sparse_head,1,6,question,mass,true,0.21655578911304474,0.0625,0.29223400354385376,7
sparse_head,1,7,question,mass,true,0.14045825600624084,0.046875,0.1575387567281723,7
sparse_head,1,8,question,mass,true,0.16480094194412231,0.078125,0.1925867646932602,7
sparse_head,1,9,question,mass,true,0.22670359909534454,0.09375,0.2794415354728699,7
sparse_head,1,10,question,mass,true,0.2605453431606293,0.109375,0.3341178894042969,7
sparse_head,1,11,question,mass,true,0.15998004376888275,0.015625,0.23494082689285278,7
sparse_head,1,12,question,mass,true,0.1596798598766327,0.03125,0.20985904335975647,7
sparse_head,1,13,question,mass,true,0.19573576748371124,0.0625,0.25894904136657715,7
sparse_head,1,14,question,mass,true,0.17721402645111084,0.03125,0.23401208221912384,7
sparse_head,1,15,question,mass,true,0.1728995442390442,0.0625,0.2139129638671875,7
sparse_head,1,16,question,mass,true,0.11736307293176651,0.046875,0.12394987046718597,7
sparse_head,1,17,question,mass,true,0.24155372381210327,0.0625,0.31509819626808167,7
sparse_head,1,18,question,mass,true,0.16912487149238586,0.046875,0.2208659052848816,7
sparse_head,1,19,question,mass,true,0.23500049114227295,0.125,0.28057968616485596,7
sparse_head,1,20,question,mass,true,0.2871399223804474,0.140625,0.33725714683532715,7
sparse_head,1,21,question,mass,true,0.27679821848869324,0.125,0.3448077440261841,7
sparse_head,1,22,question,mass,true,0.1557648777961731,0.046875,0.18754298985004425,7
sparse_head,1,23,question,mass,true,0.16731394827365875,0.046875,0.19095991551876068,7
sparse_head,2,0,question,mass,true,0.38109728693962097,0.171875,0.46224379539489746,11
sparse_head,2,1,question,mass,true,0.2728089690208435,0.09375,0.36421701312065125,11
sparse_head,2,2,question,mass,true,0.41467219591140747,0.21875,0.5010221600532532,11
sparse_head,2,3,question,mass,true,0.47161027789115906,0.28125,0.547271728515625,11
sparse_head,2,4,question,mass,true,0.27577078342437744,0.109375,0.35891711711883545,11
sparse_head,2,5,question,mass,true,0.5259693264961243,0.328125,0.6125370860099792,11
sparse_head,2,6,question,mass,true,0.2889893651008606,0.140625,0.3486993908882141,11
sparse_head,2,7,question,mass,true,0.3784865438938141,0.25,0.4550402760505676,11
sparse_head,2,8,question,mass,true,0.30778059363365173,0.171875,0.386432409286499,11
sparse_head,2,9,question,mass,true,0.2819103002548218,0.140625,0.3738786280155182,11
sparse_head,2,10,question,mass,true,0.19370128214359283,0.078125,0.24033011496067047,11
sparse_head,2,11,question,mass,true,0.26227304339408875,0.109375,0.3291618525981903,11
sparse_head,2,12,question,mass,true,0.29996758699417114,0.125,0.3690785765647888,11
sparse_head,2,13,question,mass,true,0.21791303157806396,0.046875,0.29329216480255127,11
sparse_head,2,14,question,mass,true,0.28837963938713074,0.140625,0.360537052154541,11
sparse_head,2,15,question,mass,true,0.247804656624794,0.109375,0.2970503568649292,11
sparse_head,2,16,question,mass,true,0.37411898374557495,0.1875,0.47837841510772705,11
sparse_head,2,17,question,mass,true,0.16957898437976837,0.03125,0.22358466684818268,11
sparse_head,2,18,question,mass,true,0.38365015387535095,0.1875,0.4816713333129883,11
sparse_head,2,19,question,mass,true,0.38993462920188904,0.203125,0.4742482602596283,11
sparse_head,2,20,question,mass,true,0.2662564516067505,0.09375,0.33958330750465393,11
sparse_head,2,21,question,mass,true,0.169120654463768,0.0625,0.1882278025150299,11
sparse_head,2,22,question,mass,true,0.1810813844203949,0.0625,0.20693716406822205,11
sparse_head,2,23,question,mass,true,0.3371729254722595,0.109375,0.442815363407135,11
sparse_head,3,0,question,mass,true,0.35192108154296875,0.203125,0.43475398421287537,15
sparse_head,3,1,question,mass,true,0.37596815824508667,0.1875,0.45849141478538513,15
sparse_head,3,2,question,mass,true,0.5062490701675415,0.328125,0.6015366315841675,15
sparse_head,3,3,question,mass,true,0.6311919689178467,0.515625,0.6958160996437073,15
sparse_head,3,4,question,mass,true,0.4326041638851166,0.25,0.5074808597564697,15
sparse_head,3,5,question,mass,true,0.4529109001159668,0.28125,0.5331891775131226,15
sparse_head,3,6,question,mass,true,0.45968911051750183,0.28125,0.5353413820266724,15
sparse_head,3,7,question,mass,true,0.5645357370376587,0.40625,0.6363437175750732,15
sparse_head,3,8,question,mass,true,0.356828510761261,0.1875,0.44294270873069763,15
sparse_head,3,9,question,mass,true,0.5749998688697815,0.40625,0.6294288635253906,15
sparse_head,3,10,question,mass,true,0.43715909123420715,0.25,0.5267871022224426,15
sparse_head,3,11,question,mass,true,0.5575516223907471,0.390625,0.6364001035690308,15
sparse_head,3,12,question,mass,true,0.5394096970558167,0.328125,0.620425820350647,15
sparse_head,3,13,question,mass,true,0.4743828773498535,0.3125,0.54313725233078,15
sparse_head,3,14,question,mass,true,0.4568226933479309,0.25,0.5553349852561951,15
sparse_head,3,15,question,mass,true,0.5639421939849854,0.40625,0.6401355266571045,15
sparse_head,3,16,question,mass,true,0.6206177473068237,0.453125,0.6981158256530762,15
sparse_head,3,17,question,mass,true,0.44130271673202515,0.28125,0.5235802531242371,15
sparse_head,3,18,question,mass,true,0.3868986964225769,0.1875,0.4710003733634949,15
sparse_head,3,19,question,mass,true,0.2823304533958435,0.15625,0.3274241089820862,15
sparse_head,3,20,question,mass,true,0.518006443977356,0.34375,0.5858234167098999,15
sparse_head,3,21,question,mass,true,0.3883892893791199,0.140625,0.4866332709789276,15
sparse_head,3,22,question,mass,true,0.29403501749038696,0.125,0.3963831663131714,15
sparse_head,3,23,question,mass,true,0.36229443550109863,0.1875,0.45659559965133667,15
sparse_head,4,0,question,mass,true,0.3491023778915405,0.1875,0.4239724278450012,19
sparse_head,4,1,question,mass,true,0.5986373424530029,0.421875,0.6833056807518005,19
sparse_head,4,2,question,mass,true,0.6208953857421875,0.4375,0.7015807628631592,19
sparse_head,4,3,question,mass,true,0.49346715211868286,0.328125,0.5775686502456665,19
sparse_head,4,4,question,mass,true,0.5594464540481567,0.40625,0.6295267939567566,19
sparse_head,4,5,question,mass,true,0.6036032438278198,0.46875,0.6759635210037231,19
sparse_head,4,6,question,mass,true,0.640854001045227,0.46875,0.7200276255607605,19
sparse_head,4,7,question,mass,true,0.6048769354820251,0.453125,0.681312084197998,19
sparse_head,4,8,question,mass,true,0.49048754572868347,0.296875,0.5694458484649658,19
sparse_head,4,9,question,mass,true,0.32759740948677063,0.125,0.4044410288333893,19
sparse_head,4,10,question,mass,true,0.5879720449447632,0.40625,0.665013313293457,19
sparse_head,4,11,question,mass,true,0.5017661452293396,0.28125,0.5957216024398804,19
sparse_head,4,12,question,mass,true,0.6714234948158264,0.515625,0.7334367632865906,19
sparse_head,4,13,question,mass,true,0.6912144422531128,0.53125,0.7449907064437866,19
sparse_head,4,14,question,mass,true,0.5371158123016357,0.359375,0.6094534993171692,19
sparse_head,4,15,question,mass,true,0.6653956174850464,0.515625,0.733140766620636,19
sparse_head,4,16,question,mass,true,0.47600796818733215,0.265625,0.5751066207885742,19
sparse_head,4,17,question,mass,true,0.5842427015304565,0.40625,0.6496887803077698,19
sparse_head,4,18,question,mass,true,0.5031212568283081,0.34375,0.5757598280906677,19
sparse_head,4,19,question,mass,true,0.5975326895713806,0.4375,0.6732735633850098,19
sparse_head,4,20,question,mass,true,0.5616697669029236,0.375,0.6533363461494446,19
sparse_head,4,21,question,mass,true,0.6474242806434631,0.5,0.7153570652008057,19
sparse_head,4,22,question,mass,true,0.45704275369644165,0.3125,0.5351176857948303,19
sparse_head,4,23,question,mass,true,0.657788872718811,0.515625,0.7273122072219849,19
sparse_head,5,0,question,mass,true,0.43576258420944214,0.265625,0.5151419639587402,23
sparse_head,5,1,question,mass,true,0.5637674927711487,0.390625,0.6551580429077148,23
sparse_head,5,2,question,mass,true,0.5988039374351501,0.421875,0.6817485690116882,23
sparse_head,5,3,question,mass,true,0.5528618693351746,0.375,0.6291278600692749,23
sparse_head,5,4,question,mass,true,0.5979222059249878,0.4375,0.6674099564552307,23
sparse_head,5,5,question,mass,true,0.5415089130401611,0.390625,0.610870897769928,23
sparse_head,5,6,question,mass,true,0.38597917556762695,0.21875,0.47283491492271423,23
sparse_head,5,7,question,mass,true,0.48694971203804016,0.28125,0.583320140838623,23
sparse_head,5,8,question,mass,true,0.5603581666946411,0.375,0.6351450085639954,23
sparse_head,5,9,question,mass,true,0.539942741394043,0.359375,0.6321057677268982,23
sparse_head,5,10,question,mass,true,0.5477764010429382,0.40625,0.6198282241821289,23
sparse_head,5,11,question,mass,true,0.6330024003982544,0.484375,0.7121345400810242,23
sparse_head,5,12,question,mass,true,0.5102838277816772,0.34375,0.5876681208610535,23
sparse_head,5,13,question,mass,true,0.3034777045249939,0.15625,0.36805665493011475,23
sparse_head,5,14,question,mass,true,0.4216066598892212,0.265625,0.49448248744010925,23
sparse_head,5,15,question,mass,true,0.5368111729621887,0.34375,0.6351698637008667,23
sparse_head,5,16,question,mass,true,0.5454789400100708,0.375,0.6235597133636475,23
sparse_head,5,17,question,mass,true,0.3865225911140442,0.21875,0.4573601186275482,23
sparse_head,5,18,question,mass,true,0.5760497450828552,0.390625,0.6565908789634705,23
sparse_head,5,19,question,mass,true,0.5500518083572388,0.375,0.6354556679725647,23
sparse_head,5,20,question,mass,true,0.4320705533027649,0.28125,0.5126104354858398,23
sparse_head,5,21,question,mass,true,0.5631828308105469,0.40625,0.6285598278045654,23
sparse_head,5,22,question,mass,true,0.5552202463150024,0.375,0.6267992258071899,23
sparse_head,5,23,question,mass,true,0.31885865330696106,0.1875,0.37169352173805237,23
sparse_head,6,0,question,mass,true,0.7134990096092224,0.578125,0.7790063619613647,27
sparse_head,6,1,question,mass,true,0.5950906872749329,0.453125,0.6651481986045837,27
sparse_head,6,2,question,mass,true,0.7476562261581421,0.609375,0.8061019778251648,27
sparse_head,6,3,question,mass,true,0.7344657778739929,0.609375,0.7862318754196167,27
sparse_head,6,4,question,mass,true,0.5840081572532654,0.40625,0.6624463200569153,27
sparse_head,6,5,question,mass,true,0.6432314515113831,0.5,0.7199772000312805,27
sparse_head,6,6,question,mass,true,0.5448347330093384,0.390625,0.6108971238136292,27
sparse_head,6,7,question,mass,true,0.5337223410606384,0.375,0.6086181998252869,27
sparse_head,6,8,question,mass,true,0.5347477197647095,0.34375,0.6232858300209045,27
sparse_head,6,9,question,mass,true,0.5003477931022644,0.34375,0.5863693356513977,27
sparse_head,6,10,question,mass,true,0.4934777319431305,0.3125,0.5760977864265442,27
sparse_head,6,11,question,mass,true,0.5674755573272705,0.390625,0.6537854671478271,27
sparse_head,6,12,question,mass,true,0.6220265030860901,0.453125,0.6963179707527161,27
sparse_head,6,13,question,mass,true,0.583767294883728,0.40625,0.6665819883346558,27
sparse_head,6,14,question,mass,true,0.5858726501464844,0.421875,0.6582920551300049,27
sparse_head,6,15,question,mass,true,0.48238909244537354,0.34375,0.5444077849388123,27
sparse_head,6,16,question,mass,true,0.590136706829071,0.40625,0.6723146438598633,27
sparse_head,6,17,question,mass,true,0.4320624768733978,0.28125,0.5220428705215454,27
sparse_head,6,18,question,mass,true,0.5536550283432007,0.328125,0.6459876298904419,27
sparse_head,6,19,question,mass,true,0.7210227251052856,0.578125,0.7763658761978149,27
sparse_head,6,20,question,mass,true,0.5787572264671326,0.390625,0.6626250147819519,27
sparse_head,6,21,question,mass,true,0.2768595814704895,0.140625,0.3479004502296448,27
sparse_head,6,22,question,mass,true,0.4547325670719147,0.28125,0.528814435005188,27
sparse_head,6,23,question,mass,true,0.6593445539474487,0.484375,0.7259767055511475,27
sparse_head,7,0,question,mass,true,0.5517756938934326,0.359375,0.6470444202423096,31
sparse_head,7,1,question,mass,true,0.6989508271217346,0.5625,0.7601701021194458,31
sparse_head,7,2,question,mass,true,0.7506709098815918,0.640625,0.7985895872116089,31
sparse_head,7,3,question,mass,true,0.7347904443740845,0.59375,0.7920109033584595,31
sparse_head,7,4,question,mass,true,0.7093300819396973,0.5625,0.7680149674415588,31
sparse_head,7,5,question,mass,true,0.7246649861335754,0.5625,0.784803032875061,31
sparse_head,7,6,question,mass,true,0.692700982093811,0.53125,0.7552254796028137,31
sparse_head,7,7,question,mass,true,0.7165833711624146,0.578125,0.7776076197624207,31
sparse_head,7,8,question,mass,true,0.5999208688735962,0.453125,0.6686834692955017,31
sparse_head,7,9,question,mass,true,0.6975241899490356,0.5625,0.7538936734199524,31
sparse_head,7,10,question,mass,true,0.6682432293891907,0.5,0.741705060005188,31
sparse_head,7,11,question,mass,true,0.6931727528572083,0.53125,0.7557671666145325,31
sparse_head,7,12,question,mass,true,0.7746999859809875,0.671875,0.8215774297714233,31
sparse_head,7,13,question,mass,true,0.7152862548828125,0.5625,0.7773966789245605,31
sparse_head,7,14,question,mass,true,0.7135061621665955,0.578125,0.7752045392990112,31
sparse_head,7,15,question,mass,true,0.7202214598655701,0.59375,0.7802454233169556,31
sparse_head,7,16,question,mass,true,0.734190821647644,0.609375,0.7867960333824158,31
sparse_head,7,17,question,mass,true,0.6800583004951477,0.53125,0.7409496903419495,31
sparse_head,7,18,question,mass,true,0.6589022874832153,0.5,0.7333004474639893,31
sparse_head,7,19,question,mass,true,0.6288278698921204,0.5,0.6870793104171753,31
sparse_head,7,20,question,mass,true,0.7065430283546448,0.5625,0.7702056765556335,31
sparse_head,7,21,question,mass,true,0.6129521727561951,0.4375,0.6986650228500366,31
sparse_head,7,22,question,mass,true,0.6971583366394043,0.546875,0.7587728500366211,31
sparse_head,7,23,question,mass,true,0.677824079990387,0.53125,0.7471860647201538,31
sparse_head,8,0,question,mass,true,0.30896010994911194,0.1875,0.3529505133628845,35
sparse_head,8,1,question,mass,true,0.6168993711471558,0.453125,0.6834864616394043,35
sparse_head,8,2,question,mass,true,0.7310485243797302,0.59375,0.7801473140716553,35
sparse_head,8,3,question,mass,true,0.6014357805252075,0.40625,0.6686609983444214,35
sparse_head,8,4,question,mass,true,0.6514948010444641,0.515625,0.7188335061073303,35
sparse_head,8,5,question,mass,true,0.6493270993232727,0.484375,0.713275134563446,35
sparse_head,8,6,question,mass,true,0.6234486699104309,0.4375,0.6870068907737732,35
sparse_head,8,7,question,mass,true,0.6541357636451721,0.46875,0.726346492767334,35
sparse_head,8,8,question,mass,true,0.48913639783859253,0.296875,0.564787745475769,35
sparse_head,8,9,question,mass,true,0.43658894300460815,0.265625,0.5054895877838135,35
sparse_head,8,10,question,mass,true,0.7051419019699097,0.5625,0.7601573467254639,35
sparse_head,8,11,question,mass,true,0.5910212993621826,0.40625,0.6698175072669983,35
sparse_head,8,12,question,mass,true,0.7278446555137634,0.578125,0.7865716218948364,35
sparse_head,8,13,question,mass,true,0.7509637475013733,0.609375,0.8001430630683899,35
sparse_head,8,14,question,mass,true,0.6720020771026611,0.515625,0.7392024993896484,35
sparse_head,8,15,question,mass,true,0.6861530542373657,0.53125,0.7498179078102112,35
sparse_head,8,16,question,mass,true,0.6160621643066406,0.453125,0.6874598860740662,35
sparse_head,8,17,question,mass,true,0.6598352789878845,0.515625,0.7242555022239685,35
sparse_head,8,18,question,mass,true,0.7162960171699524,0.578125,0.7726649045944214,35
sparse_head,8,19,question,mass,true,0.5635995268821716,0.34375,0.6448425054550171,35
sparse_head,8,20,question,mass,true,0.6760884523391724,0.5,0.746986985206604,35
sparse_head,8,21,question,mass,true,0.7162068486213684,0.5625,0.769170880317688,35
sparse_head,8,22,question,mass,true,0.5866739749908447,0.421875,0.6769376397132874,35
sparse_head,8,23,question,mass,true,0.691570520401001,0.546875,0.7422497868537903,35
sparse_head,9,0,question,mass,true,0.564267635345459,0.390625,0.6379398107528687,39
sparse_head,9,1,question,mass,true,0.516448974609375,0.34375,0.5967228412628174,39
sparse_head,9,2,question,mass,true,0.6580883264541626,0.484375,0.7196388840675354,39
sparse_head,9,3,question,mass,true,0.5547749400138855,0.359375,0.6362680196762085,39
sparse_head,9,4,question,mass,true,0.5396517515182495,0.34375,0.6174070835113525,39
sparse_head,9,5,question,mass,true,0.5283747911453247,0.296875,0.6222420930862427,39
sparse_head,9,6,question,mass,true,0.5494863390922546,0.359375,0.6364863514900208,39
sparse_head,9,7,question,mass,true,0.4839375913143158,0.296875,0.5686512589454651,39
sparse_head,9,8,question,mass,true,0.6429755687713623,0.46875,0.7117840051651001,39
sparse_head,9,9,question,mass,true,0.5755065679550171,0.390625,0.652035117149353,39
sparse_head,9,10,question,mass,true,0.5669154524803162,0.375,0.6460466384887695,39
sparse_head,9,11,question,mass,true,0.5976822972297668,0.4375,0.6599500775337219,39
sparse_head,9,12,question,mass,true,0.43899714946746826,0.234375,0.5315431356430054,39
sparse_head,9,13,question,mass,true,0.4553154408931732,0.296875,0.5249877572059631,39
sparse_head,9,14,question,mass,true,0.3436022102832794,0.171875,0.422743022441864,39
sparse_head,9,15,question,mass,true,0.5800787210464478,0.390625,0.6529769897460938,39
sparse_head,9,16,question,mass,true,0.5327215194702148,0.34375,0.6113206744194031,39
sparse_head,9,17,question,mass,true,0.32796287536621094,0.171875,0.38917478919029236,39
sparse_head,9,18,question,mass,true,0.5470166206359863,0.359375,0.6181264519691467,39
sparse_head,9,19,question,mass,true,0.5656185746192932,0.390625,0.6441306471824646,39
sparse_head,9,20,question,mass,true,0.5262807011604309,0.359375,0.602533221244812,39
sparse_head,9,21,question,mass,true,0.5931750535964966,0.421875,0.6732302904129028,39
sparse_head,9,22,question,mass,true,0.4553316831588745,0.25,0.5468246936798096,39
sparse_head,9,23,question,mass,true,0.2633551359176636,0.09375,0.33366134762763977,39
sparse_head,10,0,question,mass,true,0.4640045464038849,0.296875,0.5478999614715576,43
sparse_head,10,1,question,mass,true,0.4672906994819641,0.265625,0.5627387762069702,43
sparse_head,10,2,question,mass,true,0.514329731464386,0.34375,0.5918841361999512,43
sparse_head,10,3,question,mass,true,0.5950259566307068,0.421875,0.6635540723800659,43
sparse_head,10,4,question,mass,true,0.4839532971382141,0.3125,0.5751829743385315,43
sparse_head,10,5,question,mass,true,0.43558359146118164,0.25,0.5284791588783264,43
sparse_head,10,6,question,mass,true,0.3164505660533905,0.171875,0.3756760060787201,43
sparse_head,10,7,question,mass,true,0.5143911242485046,0.34375,0.5926260948181152,43
sparse_head,10,8,question,mass,true,0.3428982198238373,0.203125,0.4116758704185486,43
sparse_head,10,9,question,mass,true,0.49937793612480164,0.3125,0.5813265442848206,43
sparse_head,10,10,question,mass,true,0.46401163935661316,0.28125,0.5610399842262268,43
sparse_head,10,11,question,mass,true,0.508105456829071,0.328125,0.5874083042144775,43
sparse_head,10,12,question,mass,true,0.5263992547988892,0.359375,0.6094329953193665,43
sparse_head,10,13,question,mass,true,0.5573769807815552,0.390625,0.6334928274154663,43
sparse_head,10,14,question,mass,true,0.5341691970825195,0.359375,0.6080935001373291,43
sparse_head,10,15,question,mass,true,0.6307505965232849,0.5,0.684900164604187,43
sparse_head,10,16,question,mass,true,0.5042862296104431,0.328125,0.5876655578613281,43
sparse_head,10,17,question,mass,true,0.5638028383255005,0.40625,0.6351281404495239,43
sparse_head,10,18,question,mass,true,0.5723339319229126,0.40625,0.6412333250045776,43
sparse_head,10,19,question,mass,true,0.5241402387619019,0.359375,0.6063991189002991,43
sparse_head,10,20,question,mass,true,0.5101749897003174,0.3125,0.5902063250541687,43
sparse_head,10,21,question,mass,true,0.5399243831634521,0.390625,0.6105139851570129,43
sparse_head,10,22,question,mass,true,0.47352975606918335,0.3125,0.5554392337799072,43
sparse_head,10,23,question,mass,true,0.5094524025917053,0.3125,0.5959532856941223,43
sparse_head,11,0,question,mass,true,0.4493113160133362,0.265625,0.5325248837471008,47
sparse_head,11,1,question,mass,true,0.3203294277191162,0.15625,0.39533138275146484,47
sparse_head,11,2,question,mass,true,0.35821208357810974,0.171875,0.44583937525749207,47
sparse_head,11,3,question,mass,true,0.3897486925125122,0.234375,0.47081977128982544,47
sparse_head,11,4,question,mass,true,0.2814873158931732,0.125,0.3548157215118408,47
sparse_head,11,5,question,mass,true,0.3983294367790222,0.25,0.479858934879303,47
sparse_head,11,6,question,mass,true,0.37321531772613525,0.203125,0.4504063129425049,47
sparse_head,11,7,question,mass,true,0.4430885910987854,0.296875,0.501630961894989,47
sparse_head,11,8,question,mass,true,0.36052051186561584,0.171875,0.4452732801437378,47
sparse_head,11,9,question,mass,true,0.33864331245422363,0.171875,0.4084309935569763,47
sparse_head,11,10,question,mass,true,0.3537712097167969,0.1875,0.4404717683792114,47
sparse_head,11,11,question,mass,true,0.4540656507015228,0.28125,0.5153955817222595,47
sparse_head,11,12,question,mass,true,0.4426438808441162,0.25,0.5335866212844849,47
sparse_head,11,13,question,mass,true,0.45286691188812256,0.25,0.5481843948364258,47
sparse_head,11,14,question,mass,true,0.48043757677078247,0.296875,0.5577793121337891,47
sparse_head,11,15,question,mass,true,0.45882338285446167,0.28125,0.5277130603790283,47
sparse_head,11,16,question,mass,true,0.37264978885650635,0.171875,0.45812398195266724,47
sparse_head,11,17,question,mass,true,0.44853201508522034,0.265625,0.5386166572570801,47
sparse_head,11,18,question,mass,true,0.30552130937576294,0.171875,0.38078129291534424,47
sparse_head,11,19,question,mass,true,0.16116811335086823,0.0,0.24728502333164215,47
sparse_head,11,20,question,mass,true,0.43594926595687866,0.25,0.527047872543335,47
sparse_head,11,21,question,mass,true,0.40100303292274475,0.234375,0.49096280336380005,47
sparse_head,11,22,question,mass,true,0.2936214208602905,0.203125,0.31546247005462646,47
sparse_head,11,23,question,mass,true,0.4253745675086975,0.234375,0.5247681736946106,47
sparse_head_top16_cv,-1,-1,question,mass,true,0.7401413321495056,0.59375,0.7959902882575989,-1
sparse_head_top16_cv_gated,-1,-1,question,mass,true,0.7479081153869629,0.609375,0.8017570376396179,-1
sparse_head_all_mean,-1,-1,question,mass,true,0.6670928597450256,0.5,0.7307361960411072,-1
sparse_head,0,0,answer,mass,false,0.09573914110660553,0.015625,0.09831066429615021,3
sparse_head,0,1,answer,mass,false,0.1564262956380844,0.0625,0.172561377286911,3
sparse_head,0,2,answer,mass,false,0.14316968619823456,0.046875,0.17455866932868958,3
sparse_head,0,3,answer,mass,false,0.08256299793720245,0.015625,0.08170901983976364,3
sparse_head,0,4,answer,mass,false,0.11916352063417435,0.03125,0.14687125384807587,3
sparse_head,0,5,answer,mass,false,0.2743763327598572,0.140625,0.3109856843948364,3
sparse_head,0,6,answer,mass,false,0.462521493434906,0.3125,0.5198068618774414,3
sparse_head,0,7,answer,mass,false,0.09436328709125519,0.015625,0.09806372225284576,3
sparse_head,0,8,answer,mass,false,0.17310605943202972,0.09375,0.19348587095737457,3
sparse_head,0,9,answer,mass,false,0.38933509588241577,0.265625,0.4495466351509094,3
sparse_head,0,10,answer,mass,false,0.07398179918527603,0.0,0.07492423057556152,3
sparse_head,0,11,answer,mass,false,0.06054901331663132,0.0,0.06741097569465637,3
sparse_head,0,12,answer,mass,false,0.086595818400383,0.03125,0.07667344808578491,3
sparse_head,0,13,answer,mass,false,0.0778404101729393,0.015625,0.08356431126594543,3
sparse_head,0,14,answer,mass,false,0.07441505789756775,0.0,0.06973705440759659,3
sparse_head,0,15,answer,mass,false,0.11580832302570343,0.0,0.13968849182128906,3
sparse_head,0,16,answer,mass,false,0.36817649006843567,0.25,0.42928528785705566,3
sparse_head,0,17,answer,mass,false,0.07971470057964325,0.015625,0.08376701176166534,3
sparse_head,0,18,answer,mass,false,0.08344080299139023,0.015625,0.0798415020108223,3
sparse_head,0,19,answer,mass,false,0.10676295310258865,0.03125,0.11821722984313965,3
sparse_head,0,20,answer,mass,false,0.6108697056770325,0.46875,0.6672281622886658,3
sparse_head,0,21,answer,mass,false,0.11014038324356079,0.03125,0.11910857260227203,3
sparse_head,0,22,answer,mass,false,0.6344807744026184,0.515625,0.6725279092788696,3
sparse_head,0,23,answer,mass,false,0.2314770519733429,0.109375,0.2735387682914734,3
sparse_head,1,0,answer,mass,false,0.6961923241615295,0.59375,0.7436219453811646,7
sparse_head,1,1,answer,mass,false,0.6976143717765808,0.578125,0.7486879229545593,7
sparse_head,1,2,answer,mass,false,0.6855669617652893,0.578125,0.7276041507720947,7
sparse_head,1,3,answer,mass,false,0.6050211191177368,0.4375,0.6709531545639038,7
sparse_head,1,4,answer,mass,false,0.6519783735275269,0.484375,0.7123156785964966,7
sparse_head,1,5,answer,mass,false,0.697860836982727,0.578125,0.7468449473381042,7
sparse_head,1,6,answer,mass,false,0.6821964383125305,0.5625,0.733768880367279,7
sparse_head,1,7,answer,mass,false,0.6377598643302917,0.484375,0.6963660717010498,7
sparse_head,1,8,answer,mass,false,0.25675076246261597,0.109375,0.32943159341812134,7
sparse_head,1,9,answer,mass,false,0.4426840543746948,0.28125,0.5258837938308716,7
sparse_head,1,10,answer,mass,false,0.6852271556854248,0.546875,0.737554669380188,7
sparse_head,1,11,answer,mass,false,0.23842212557792664,0.09375,0.3077293336391449,7
sparse_head,1,12,answer,mass,false,0.14211136102676392,0.03125,0.184549018740654,7
sparse_head,1,13,answer,mass,false,0.2205352485179901,0.0625,0.271258682012558,7
sparse_head,1,14,answer,mass,false,0.29409247636795044,0.15625,0.34939855337142944,7
sparse_head,1,15,answer,mass,false,0.14238430559635162,0.046875,0.18954631686210632,7
sparse_head,1,16,answer,mass,false,0.10180795192718506,0.015625,0.10376275330781937,7
sparse_head,1,17,answer,mass,false,0.623695969581604,0.484375,0.6796849966049194,7
sparse_head,1,18,answer,mass,false,0.21609808504581451,0.0625,0.29416748881340027,7
sparse_head,1,19,answer,mass,false,0.18946899473667145,0.0625,0.24558217823505402,7
sparse_head,1,20,answer,mass,false,0.19599774479866028,0.046875,0.25244423747062683,7
sparse_head,1,21,answer,mass,false,0.7164146900177002,0.625,0.7449113130569458,7
sparse_head,1,22,answer,mass,false,0.12581416964530945,0.03125,0.16871680319309235,7
sparse_head,1,23,answer,mass,false,0.14337432384490967,0.03125,0.1746504008769989,7
sparse_head,2,0,answer,mass,false,0.5782198905944824,0.46875,0.6358644366264343,11
sparse_head,2,1,answer,mass,false,0.509583592414856,0.375,0.5663334131240845,11
sparse_head,2,2,answer,mass,false,0.6484783887863159,0.546875,0.7019381523132324,11
sparse_head,2,3,answer,mass,false,0.6776700019836426,0.59375,0.6983572244644165,11
sparse_head,2,4,answer,mass,false,0.3787149488925934,0.1875,0.47342759370803833,11
sparse_head,2,5,answer,mass,false,0.5984402298927307,0.453125,0.665263295173645,11
sparse_head,2,6,answer,mass,false,0.3076256811618805,0.140625,0.39595237374305725,11
sparse_head,2,7,answer,mass,false,0.3121521472930908,0.140625,0.3815687298774719,11
sparse_head,2,8,answer,mass,false,0.7018414735794067,0.5625,0.7492893934249878,11
sparse_head,2,9,answer,mass,false,0.4929785430431366,0.328125,0.5575711727142334,11
sparse_head,2,10,answer,mass,false,0.33260631561279297,0.1875,0.4097956120967865,11
sparse_head,2,11,answer,mass,false,0.565502405166626,0.421875,0.6217473149299622,11
sparse_head,2,12,answer,mass,false,0.6438353657722473,0.53125,0.6958411931991577,11
sparse_head,2,13,answer,mass,false,0.40639233589172363,0.234375,0.47780874371528625,11
sparse_head,2,14,answer,mass,false,0.6577033996582031,0.546875,0.7000026106834412,11
sparse_head,2,15,answer,mass,false,0.2701508700847626,0.125,0.3460785746574402,11
sparse_head,2,16,answer,mass,false,0.5287773013114929,0.375,0.5968136787414551,11
sparse_head,2,17,answer,mass,false,0.44748422503471375,0.265625,0.5396401882171631,11
sparse_head,2,18,answer,mass,false,0.7268440127372742,0.625,0.7710263729095459,11
sparse_head,2,19,answer,mass,false,0.557064950466156,0.421875,0.6239474415779114,11
sparse_head,2,20,answer,mass,false,0.6182459592819214,0.484375,0.6683869957923889,11
sparse_head,2,21,answer,mass,false,0.2098841518163681,0.078125,0.2621331512928009,11
sparse_head,2,22,answer,mass,false,0.17540185153484344,0.0625,0.20507138967514038,11
sparse_head,2,23,answer,mass,false,0.6092402935028076,0.484375,0.65549236536026,11
sparse_head,3,0,answer,mass,false,0.5441790223121643,0.359375,0.6320433616638184,15
sparse_head,3,1,answer,mass,false,0.6749545931816101,0.5625,0.7141450643539429,15
sparse_head,3,2,answer,mass,false,0.7460170984268188,0.640625,0.7827368974685669,15
sparse_head,3,3,answer,mass,false,0.7620274424552917,0.671875,0.7988364696502686,15
sparse_head,3,4,answer,mass,false,0.7614880204200745,0.6875,0.7921594381332397,15
sparse_head,3,5,answer,mass,false,0.6030195951461792,0.484375,0.6661553382873535,15
sparse_head,3,6,answer,mass,false,0.5861524343490601,0.421875,0.6469063758850098,15
sparse_head,3,7,answer,mass,false,0.6976601481437683,0.625,0.7340651750564575,15
sparse_head,3,8,answer,mass,false,0.4611856937408447,0.265625,0.5518860816955566,15
sparse_head,3,9,answer,mass,false,0.8040992021560669,0.734375,0.827090859413147,15
sparse_head,3,10,answer,mass,false,0.6591848731040955,0.515625,0.7127876281738281,15
sparse_head,3,11,answer,mass,false,0.6951815485954285,0.578125,0.7424129247665405,15
sparse_head,3,12,answer,mass,false,0.7174993753433228,0.625,0.7504522800445557,15
sparse_head,3,13,answer,mass,false,0.5345912575721741,0.359375,0.6085068583488464,15
sparse_head,3,14,answer,mass,false,0.6731586456298828,0.578125,0.707888126373291,15
sparse_head,3,15,answer,mass,false,0.7076815366744995,0.625,0.7388283610343933,15
sparse_head,3,16,answer,mass,false,0.6852295994758606,0.5625,0.7386505007743835,15
sparse_head,3,17,answer,mass,false,0.6618556380271912,0.53125,0.7000993490219116,15
sparse_head,3,18,answer,mass,false,0.6236854791641235,0.515625,0.6791121363639832,15
sparse_head,3,19,answer,mass,false,0.5800369381904602,0.453125,0.6285024881362915,15
sparse_head,3,20,answer,mass,false,0.6799778342247009,0.578125,0.7217333912849426,15
sparse_head,3,21,answer,mass,false,0.4039490818977356,0.203125,0.46859195828437805,15
sparse_head,3,22,answer,mass,false,0.5817193984985352,0.4375,0.6473965048789978,15
sparse_head,3,23,answer,mass,false,0.6293675899505615,0.5,0.6748388409614563,15
sparse_head,4,0,answer,mass,false,0.3234074115753174,0.078125,0.4277101159095764,19
sparse_head,4,1,answer,mass,false,0.7651407122612,0.6875,0.7950568795204163,19
sparse_head,4,2,answer,mass,false,0.7486385107040405,0.640625,0.7871103286743164,19
sparse_head,4,3,answer,mass,false,0.6679788827896118,0.5625,0.7127036452293396,19
sparse_head,4,4,answer,mass,false,0.5778894424438477,0.40625,0.6489369869232178,19
sparse_head,4,5,answer,mass,false,0.6261615753173828,0.515625,0.6847578287124634,19
sparse_head,4,6,answer,mass,false,0.7503264546394348,0.671875,0.7829645872116089,19
sparse_head,4,7,answer,mass,false,0.7446941137313843,0.65625,0.774008572101593,19
sparse_head,4,8,answer,mass,false,0.7181755304336548,0.609375,0.7499358654022217,19
sparse_head,4,9,answer,mass,false,0.48234325647354126,0.34375,0.5440024733543396,19
sparse_head,4,10,answer,mass,false,0.685099184513092,0.578125,0.7250223159790039,19
sparse_head,4,11,answer,mass,false,0.703445315361023,0.578125,0.740222692489624,19
sparse_head,4,12,answer,mass,false,0.7181087136268616,0.609375,0.7468528747558594,19
sparse_head,4,13,answer,mass,false,0.7238421440124512,0.625,0.7598931193351746,19
sparse_head,4,14,answer,mass,false,0.7123398780822754,0.609375,0.7441223859786987,19
sparse_head,4,15,answer,mass,false,0.6716490983963013,0.5625,0.7079348564147949,19
sparse_head,4,16,answer,mass,false,0.7100076675415039,0.625,0.7481755018234253,19
sparse_head,4,17,answer,mass,false,0.7599412798881531,0.671875,0.7900934219360352,19
sparse_head,4,18,answer,mass,false,0.6000341773033142,0.4375,0.6572021245956421,19
sparse_head,4,19,answer,mass,false,0.781681478023529,0.703125,0.8083284497261047,19
sparse_head,4,20,answer,mass,false,0.7642161846160889,0.65625,0.7957276105880737,19
sparse_head,4,21,answer,mass,false,0.7558127045631409,0.671875,0.7838468551635742,19
sparse_head,4,22,answer,mass,false,0.6662906408309937,0.5625,0.7018281817436218,19
sparse_head,4,23,answer,mass,false,0.7779554724693298,0.703125,0.8014217615127563,19
sparse_head,5,0,answer,mass,false,0.706261157989502,0.625,0.7457046508789062,23
sparse_head,5,1,answer,mass,false,0.7335230708122253,0.65625,0.7660767436027527,23
sparse_head,5,2,answer,mass,false,0.7725937962532043,0.6875,0.8052130937576294,23
sparse_head,5,3,answer,mass,false,0.7595563530921936,0.671875,0.7870061993598938,23
sparse_head,5,4,answer,mass,false,0.7549336552619934,0.65625,0.7878424525260925,23
sparse_head,5,5,answer,mass,false,0.6507156491279602,0.515625,0.7047312259674072,23
sparse_head,5,6,answer,mass,false,0.732346773147583,0.609375,0.7757355570793152,23
sparse_head,5,7,answer,mass,false,0.7435834407806396,0.640625,0.7786812782287598,23
sparse_head,5,8,answer,mass,false,0.7334153056144714,0.640625,0.7705063819885254,23
sparse_head,5,9,answer,mass,false,0.783179759979248,0.703125,0.8182334303855896,23
sparse_head,5,10,answer,mass,false,0.7420302033424377,0.65625,0.773598849773407,23
sparse_head,5,11,answer,mass,false,0.7624475359916687,0.671875,0.7844280004501343,23
sparse_head,5,12,answer,mass,false,0.8594263792037964,0.796875,0.8759652376174927,23
sparse_head,5,13,answer,mass,false,0.8347238302230835,0.765625,0.8619700074195862,23
sparse_head,5,14,answer,mass,false,0.7456868886947632,0.640625,0.7851108312606812,23
sparse_head,5,15,answer,mass,false,0.8151131272315979,0.75,0.8328916430473328,23
sparse_head,5,16,answer,mass,false,0.8170469403266907,0.71875,0.8533200025558472,23
sparse_head,5,17,answer,mass,false,0.6652117967605591,0.5625,0.7182328701019287,23
sparse_head,5,18,answer,mass,false,0.8656384348869324,0.8125,0.8803319931030273,23
sparse_head,5,19,answer,mass,false,0.7894273400306702,0.703125,0.8267847895622253,23
sparse_head,5,20,answer,mass,false,0.506934404373169,0.328125,0.5733959674835205,23
sparse_head,5,21,answer,mass,false,0.8659036159515381,0.796875,0.8850278854370117,23
sparse_head,5,22,answer,mass,false,0.7676416635513306,0.671875,0.7965853214263916,23
sparse_head,5,23,answer,mass,false,0.7949825525283813,0.6875,0.8324569463729858,23
sparse_head,6,0,answer,mass,false,0.8057326078414917,0.71875,0.8305458426475525,27
sparse_head,6,1,answer,mass,false,0.7742849588394165,0.6875,0.8104549646377563,27
sparse_head,6,2,answer,mass,false,0.8546879291534424,0.796875,0.8715162873268127,27
sparse_head,6,3,answer,mass,false,0.8342740535736084,0.765625,0.8609786033630371,27
sparse_head,6,4,answer,mass,false,0.8124781250953674,0.734375,0.8488399982452393,27
sparse_head,6,5,answer,mass,false,0.8213917016983032,0.75,0.8506921529769897,27
sparse_head,6,6,answer,mass,false,0.6647396683692932,0.515625,0.7331397533416748,27
sparse_head,6,7,answer,mass,false,0.7062268853187561,0.578125,0.7515329122543335,27
sparse_head,6,8,answer,mass,false,0.8571914434432983,0.796875,0.8778842687606812,27
sparse_head,6,9,answer,mass,false,0.6992524266242981,0.625,0.7378748059272766,27
sparse_head,6,10,answer,mass,false,0.6643941402435303,0.546875,0.718105137348175,27
sparse_head,6,11,answer,mass,false,0.7488489747047424,0.640625,0.7967111468315125,27
sparse_head,6,12,answer,mass,false,0.8421563506126404,0.78125,0.8623937368392944,27
sparse_head,6,13,answer,mass,false,0.6915439963340759,0.546875,0.7400540113449097,27
sparse_head,6,14,answer,mass,false,0.906691312789917,0.890625,0.9054124355316162,27
sparse_head,6,15,answer,mass,false,0.5382931232452393,0.375,0.6131561994552612,27
sparse_head,6,16,answer,mass,false,0.797602117061615,0.703125,0.8332141041755676,27
sparse_head,6,17,answer,mass,false,0.6506079435348511,0.515625,0.7088838219642639,27
sparse_head,6,18,answer,mass,false,0.8546470999717712,0.796875,0.8758319616317749,27
sparse_head,6,19,answer,mass,false,0.8465524911880493,0.78125,0.8704401254653931,27
sparse_head,6,20,answer,mass,false,0.8024376630783081,0.734375,0.8316952586174011,27
sparse_head,6,21,answer,mass,false,0.4012281000614166,0.234375,0.45912984013557434,27
sparse_head,6,22,answer,mass,false,0.5707828998565674,0.390625,0.6437088847160339,27
sparse_head,6,23,answer,mass,false,0.7929606437683105,0.71875,0.8289362788200378,27
sparse_head,7,0,answer,mass,false,0.6755012273788452,0.53125,0.7491685748100281,31
sparse_head,7,1,answer,mass,false,0.7691839933395386,0.65625,0.8215752840042114,31
sparse_head,7,2,answer,mass,false,0.8120908141136169,0.734375,0.8488141298294067,31
sparse_head,7,3,answer,mass,false,0.8508113026618958,0.765625,0.8791406154632568,31
sparse_head,7,4,answer,mass,false,0.8081557750701904,0.703125,0.8514099717140198,31
sparse_head,7,5,answer,mass,false,0.7919270992279053,0.671875,0.8391923904418945,31
sparse_head,7,6,answer,mass,false,0.7728007435798645,0.65625,0.8106880187988281,31
sparse_head,7,7,answer,mass,false,0.7821567058563232,0.671875,0.825971782207489,31
sparse_head,7,8,answer,mass,false,0.6030868291854858,0.421875,0.6900154948234558,31
sparse_head,7,9,answer,mass,false,0.8373139500617981,0.734375,0.8691691756248474,31
sparse_head,7,10,answer,mass,false,0.7607925534248352,0.625,0.8115100264549255,31
sparse_head,7,11,answer,mass,false,0.8476272821426392,0.78125,0.8761398792266846,31
sparse_head,7,12,answer,mass,false,0.776318371295929,0.671875,0.8221109509468079,31
sparse_head,7,13,answer,mass,false,0.7813430428504944,0.6875,0.8251678943634033,31
sparse_head,7,14,answer,mass,false,0.7794323563575745,0.6875,0.8233518600463867,31
sparse_head,7,15,answer,mass,false,0.779296875,0.671875,0.819500207901001,31
sparse_head,7,16,answer,mass,false,0.774526059627533,0.671875,0.8246780037879944,31
sparse_head,7,17,answer,mass,false,0.7874314188957214,0.6875,0.8218230605125427,31
sparse_head,7,18,answer,mass,false,0.7700703144073486,0.65625,0.8128470182418823,31
sparse_head,7,19,answer,mass,false,0.6872955560684204,0.578125,0.7443445324897766,31
sparse_head,7,20,answer,mass,false,0.8142699003219604,0.703125,0.852461040019989,31
sparse_head,7,21,answer,mass,false,0.6244292259216309,0.4375,0.7017496824264526,31
sparse_head,7,22,answer,mass,false,0.7468929290771484,0.625,0.7995219826698303,31
sparse_head,7,23,answer,mass,false,0.7732744216918945,0.65625,0.81923508644104,31
sparse_head,8,0,answer,mass,false,0.23963746428489685,0.078125,0.33364981412887573,35
sparse_head,8,1,answer,mass,false,0.8341332077980042,0.75,0.8707574009895325,35
sparse_head,8,2,answer,mass,false,0.8553385138511658,0.78125,0.8813391923904419,35
sparse_head,8,3,answer,mass,false,0.7855833768844604,0.6875,0.8335237503051758,35
sparse_head,8,4,answer,mass,false,0.8006329536437988,0.6875,0.8368359208106995,35
sparse_head,8,5,answer,mass,false,0.8356987833976746,0.75,0.867594838142395,35
sparse_head,8,6,answer,mass,false,0.8102690577507019,0.703125,0.8485467433929443,35
sparse_head,8,7,answer,mass,false,0.8492915034294128,0.765625,0.8779720664024353,35
sparse_head,8,8,answer,mass,false,0.7941878437995911,0.703125,0.8268849849700928,35
sparse_head,8,9,answer,mass,false,0.48779138922691345,0.3125,0.5570809841156006,35
sparse_head,8,10,answer,mass,false,0.8283472657203674,0.75,0.8653163909912109,35
sparse_head,8,11,answer,mass,false,0.8436794877052307,0.75,0.8777304887771606,35
sparse_head,8,12,answer,mass,false,0.8483150005340576,0.765625,0.881572425365448,35
sparse_head,8,13,answer,mass,false,0.8446090817451477,0.765625,0.8784894943237305,35
sparse_head,8,14,answer,mass,false,0.8810674548149109,0.828125,0.9059693813323975,35
sparse_head,8,15,answer,mass,false,0.8048681616783142,0.703125,0.8440433144569397,35
sparse_head,8,16,answer,mass,false,0.7896715998649597,0.6875,0.8361630439758301,35
sparse_head,8,17,answer,mass,false,0.8115885853767395,0.71875,0.853009819984436,35
sparse_head,8,18,answer,mass,false,0.7866147756576538,0.671875,0.8343835473060608,35
sparse_head,8,19,answer,mass,false,0.8781828284263611,0.796875,0.9048248529434204,35
sparse_head,8,20,answer,mass,false,0.8686497807502747,0.796875,0.8963541984558105,35
sparse_head,8,21,answer,mass,false,0.8664325475692749,0.78125,0.895491361618042,35
sparse_head,8,22,answer,mass,false,0.7681423425674438,0.65625,0.8200600147247314,35
sparse_head,8,23,answer,mass,false,0.8437911868095398,0.765625,0.8780852556228638,35
sparse_head,9,0,answer,mass,false,0.8488754034042358,0.78125,0.8772230744361877,39
sparse_head,9,1,answer,mass,false,0.816802442073822,0.71875,0.8530730605125427,39
sparse_head,9,2,answer,mass,false,0.8593932390213013,0.78125,0.8851082921028137,39
sparse_head,9,3,answer,mass,false,0.8455023765563965,0.75,0.8750622868537903,39
sparse_head,9,4,answer,mass,false,0.861142098903656,0.78125,0.8871541023254395,39
sparse_head,9,5,answer,mass,false,0.8279857635498047,0.734375,0.8623471260070801,39
sparse_head,9,6,answer,mass,false,0.8576263785362244,0.78125,0.8837388753890991,39
sparse_head,9,7,answer,mass,false,0.8522135615348816,0.78125,0.879359781742096,39
sparse_head,9,8,answer,mass,false,0.8742771148681641,0.8125,0.8965211510658264,39
sparse_head,9,9,answer,mass,false,0.8578426241874695,0.796875,0.8874969482421875,39
sparse_head,9,10,answer,mass,false,0.8657853007316589,0.796875,0.8941940069198608,39
sparse_head,9,11,answer,mass,false,0.8636309504508972,0.78125,0.8887929916381836,39
sparse_head,9,12,answer,mass,false,0.9039796590805054,0.859375,0.9227371215820312,39
sparse_head,9,13,answer,mass,false,0.8856770396232605,0.8125,0.9094620943069458,39
sparse_head,9,14,answer,mass,false,0.7772525548934937,0.640625,0.820060670375824,39
sparse_head,9,15,answer,mass,false,0.8469641804695129,0.75,0.8720203042030334,39
sparse_head,9,16,answer,mass,false,0.8675662279129028,0.78125,0.8958828449249268,39
sparse_head,9,17,answer,mass,false,0.7912642359733582,0.703125,0.8290402889251709,39
sparse_head,9,18,answer,mass,false,0.8779141902923584,0.8125,0.8950871229171753,39
sparse_head,9,19,answer,mass,false,0.8907986283302307,0.828125,0.9133700132369995,39
sparse_head,9,20,answer,mass,false,0.8158900141716003,0.734375,0.8564466238021851,39
sparse_head,9,21,answer,mass,false,0.8977429866790771,0.84375,0.9144331216812134,39
sparse_head,9,22,answer,mass,false,0.8542968034744263,0.78125,0.8765788078308105,39
sparse_head,9,23,answer,mass,false,0.578552782535553,0.375,0.6723086833953857,39
sparse_head,10,0,answer,mass,false,0.8747807145118713,0.796875,0.9016495943069458,43
sparse_head,10,1,answer,mass,false,0.8741686344146729,0.8125,0.9006851315498352,43
sparse_head,10,2,answer,mass,false,0.8643640279769897,0.78125,0.8938370943069458,43
sparse_head,10,3,answer,mass,false,0.8317775726318359,0.734375,0.8686435222625732,43
sparse_head,10,4,answer,mass,false,0.8828408122062683,0.8125,0.9078288078308105,43
sparse_head,10,5,answer,mass,false,0.8690614700317383,0.796875,0.8969396948814392,43
sparse_head,10,6,answer,mass,false,0.5001286268234253,0.28125,0.5989996194839478,43
sparse_head,10,7,answer,mass,false,0.8748113512992859,0.796875,0.9018365740776062,43
sparse_head,10,8,answer,mass,false,0.8506044745445251,0.75,0.8792743682861328,43
sparse_head,10,9,answer,mass,false,0.8504207134246826,0.75,0.8832663297653198,43
sparse_head,10,10,answer,mass,false,0.87203449010849,0.796875,0.8950872421264648,43
sparse_head,10,11,answer,mass,false,0.8796741962432861,0.828125,0.9001617431640625,43
sparse_head,10,12,answer,mass,false,0.8556451797485352,0.78125,0.8827750086784363,43
sparse_head,10,13,answer,mass,false,0.8564936518669128,0.78125,0.8879435062408447,43
sparse_head,10,14,answer,mass,false,0.8388432264328003,0.734375,0.874567985534668,43
sparse_head,10,15,answer,mass,false,0.7528747320175171,0.609375,0.800436794757843,43
sparse_head,10,16,answer,mass,false,0.8598790168762207,0.78125,0.8901002407073975,43
sparse_head,10,17,answer,mass,false,0.8655134439468384,0.796875,0.8893540501594543,43
sparse_head,10,18,answer,mass,false,0.8657628297805786,0.78125,0.8947997093200684,43
sparse_head,10,19,answer,mass,false,0.8708057999610901,0.8125,0.897777259349823,43
sparse_head,10,20,answer,mass,false,0.8489994406700134,0.765625,0.8774932622909546,43
sparse_head,10,21,answer,mass,false,0.8290607929229736,0.75,0.8619487285614014,43
sparse_head,10,22,answer,mass,false,0.8649553656578064,0.796875,0.8938366174697876,43
sparse_head,10,23,answer,mass,false,0.8462865352630615,0.75,0.8756206035614014,43
sparse_head,11,0,answer,mass,false,0.8625316023826599,0.765625,0.8923488855361938,47
sparse_head,11,1,answer,mass,false,0.8806834816932678,0.796875,0.9062058925628662,47
sparse_head,11,2,answer,mass,false,0.8421999216079712,0.75,0.8730164766311646,47
sparse_head,11,3,answer,mass,false,0.8722956776618958,0.796875,0.8949665427207947,47
sparse_head,11,4,answer,mass,false,0.8332217931747437,0.734375,0.8699180483818054,47
sparse_head,11,5,answer,mass,false,0.8439887166023254,0.78125,0.8729646801948547,47
sparse_head,11,6,answer,mass,false,0.8322478532791138,0.734375,0.8651745915412903,47
sparse_head,11,7,answer,mass,false,0.8739621639251709,0.796875,0.8965744972229004,47
sparse_head,11,8,answer,mass,false,0.8600561022758484,0.765625,0.8903939723968506,47
sparse_head,11,9,answer,mass,false,0.831788182258606,0.734375,0.8646188378334045,47
sparse_head,11,10,answer,mass,false,0.8615326881408691,0.78125,0.8871541023254395,47
sparse_head,11,11,answer,mass,false,0.8161085844039917,0.734375,0.85151606798172,47
sparse_head,11,12,answer,mass,false,0.7491257190704346,0.609375,0.8102207183837891,47
sparse_head,11,13,answer,mass,false,0.7562381029129028,0.625,0.8072192668914795,47
sparse_head,11,14,answer,mass,false,0.8063684105873108,0.703125,0.8489968776702881,47
sparse_head,11,15,answer,mass,false,0.7119792103767395,0.578125,0.7728585600852966,47
sparse_head,11,16,answer,mass,false,0.8124380707740784,0.703125,0.8502142429351807,47
sparse_head,11,17,answer,mass,false,0.7133224010467529,0.5625,0.7743021845817566,47
sparse_head,11,18,answer,mass,false,0.6548970341682434,0.484375,0.7299046516418457,47
sparse_head,11,19,answer,mass,false,0.3505896031856537,0.109375,0.44348829984664917,47
sparse_head,11,20,answer,mass,false,0.7980359196662903,0.6875,0.8392816185951233,47
sparse_head,11,21,answer,mass,false,0.7959821224212646,0.671875,0.8463599681854248,47
sparse_head,11,22,answer,mass,false,0.5861603617668152,0.40625,0.6634998321533203,47
sparse_head,11,23,answer,mass,false,0.7697026133537292,0.625,0.8188560009002686,47
sparse_head_top16_cv,-1,-1,answer,mass,false,0.8855769038200378,0.8125,0.9094620943069458,-1
sparse_head_top16_cv_gated,-1,-1,answer,mass,false,0.8854166865348816,0.8125,0.9096490740776062,-1
sparse_head_all_mean,-1,-1,answer,mass,false,0.8694759607315063,0.796875,0.8930413722991943,-1
sparse_head,0,0,answer,mass,true,0.12247638404369354,0.046875,0.13455837965011597,3
sparse_head,0,1,answer,mass,true,0.1483612358570099,0.046875,0.17085134983062744,3
sparse_head,0,2,answer,mass,true,0.15429852902889252,0.046875,0.17762240767478943,3
sparse_head,0,3,answer,mass,true,0.09901660680770874,0.03125,0.11312948167324066,3
sparse_head,0,4,answer,mass,true,0.14026324450969696,0.0625,0.15999679267406464,3
sparse_head,0,5,answer,mass,true,0.22220277786254883,0.125,0.2409934103488922,3
sparse_head,0,6,answer,mass,true,0.2542739808559418,0.171875,0.28223565220832825,3
sparse_head,0,7,answer,mass,true,0.10786962509155273,0.015625,0.1269652098417282,3
sparse_head,0,8,answer,mass,true,0.14954712986946106,0.0625,0.16861572861671448,3
sparse_head,0,9,answer,mass,true,0.30988770723342896,0.1875,0.3531094491481781,3
sparse_head,0,10,answer,mass,true,0.08944877237081528,0.03125,0.10603582859039307,3
sparse_head,0,11,answer,mass,true,0.08780015259981155,0.015625,0.09411868453025818,3
sparse_head,0,12,answer,mass,true,0.08479627966880798,0.03125,0.08659587055444717,3
sparse_head,0,13,answer,mass,true,0.08873869478702545,0.015625,0.09729873389005661,3
sparse_head,0,14,answer,mass,true,0.10285583138465881,0.015625,0.1165713295340538,3
sparse_head,0,15,answer,mass,true,0.13573092222213745,0.0625,0.15324291586875916,3
sparse_head,0,16,answer,mass,true,0.16961368918418884,0.078125,0.19149920344352722,3
sparse_head,0,17,answer,mass,true,0.07790683954954147,0.0,0.09775460511445999,3
sparse_head,0,18,answer,mass,true,0.0596306174993515,0.015625,0.04861874133348465,3
sparse_head,0,19,answer,mass,true,0.08227375149726868,0.015625,0.0893808975815773,3
sparse_head,0,20,answer,mass,true,0.4560926556587219,0.375,0.47417476773262024,3
sparse_head,0,21,answer,mass,true,0.0955742746591568,0.03125,0.09080325067043304,3
sparse_head,0,22,answer,mass,true,0.4358159899711609,0.359375,0.4567008316516876,3
sparse_head,0,23,answer,mass,true,0.20261013507843018,0.109375,0.2295515090227127,3
sparse_head,1,0,answer,mass,true,0.3125118315219879,0.25,0.32705917954444885,7
sparse_head,1,1,answer,mass,true,0.4449918270111084,0.34375,0.48303356766700745,7
sparse_head,1,2,answer,mass,true,0.5070732831954956,0.4375,0.529008150100708,7
sparse_head,1,3,answer,mass,true,0.5052729845046997,0.375,0.5575629472732544,7
sparse_head,1,4,answer,mass,true,0.6624716520309448,0.5625,0.6905110478401184,7
sparse_head,1,5,answer,mass,true,0.5727073550224304,0.484375,0.5960904359817505,7
sparse_head,1,6,answer,mass,true,0.4682176113128662,0.40625,0.4761277735233307,7
sparse_head,1,7,answer,mass,true,0.525905430316925,0.40625,0.557187020778656,7
sparse_head,1,8,answer,mass,true,0.2947525978088379,0.1875,0.33307400345802307,7
sparse_head,1,9,answer,mass,true,0.40048182010650635,0.3125,0.43515124917030334,7
sparse_head,1,10,answer,mass,true,0.4412750005722046,0.375,0.4595528244972229,7
sparse_head,1,11,answer,mass,true,0.2898999750614166,0.1875,0.33900272846221924,7
sparse_head,1,12,answer,mass,true,0.127422496676445,0.046875,0.13432252407073975,7
sparse_head,1,13,answer,mass,true,0.23681066930294037,0.109375,0.29795876145362854,7
sparse_head,1,14,answer,mass,true,0.12481651455163956,0.0625,0.12047373503446579,7
sparse_head,1,15,answer,mass,true,0.15530869364738464,0.078125,0.1848675161600113,7
sparse_head,1,16,answer,mass,true,0.07794852554798126,0.015625,0.07231590151786804,7
sparse_head,1,17,answer,mass,true,0.5457210540771484,0.4375,0.591457724571228,7
sparse_head,1,18,answer,mass,true,0.1801508367061615,0.140625,0.18022356927394867,7
sparse_head,1,19,answer,mass,true,0.19055697321891785,0.109375,0.21306447684764862,7
sparse_head,1,20,answer,mass,true,0.21833881735801697,0.09375,0.2822629511356354,7
sparse_head,1,21,answer,mass,true,0.49846741557121277,0.375,0.5382362604141235,7
sparse_head,1,22,answer,mass,true,0.03392964228987694,0.0,0.015011514537036419,7
sparse_head,1,23,answer,mass,true,0.08089792728424072,0.03125,0.08158718794584274,7
sparse_head,2,0,answer,mass,true,0.4960798919200897,0.390625,0.543846070766449,11
sparse_head,2,1,answer,mass,true,0.4677538573741913,0.359375,0.5011902451515198,11
sparse_head,2,2,answer,mass,true,0.5278005599975586,0.421875,0.5751520395278931,11
sparse_head,2,3,answer,mass,true,0.6312159895896912,0.53125,0.6556274890899658,11
sparse_head,2,4,answer,mass,true,0.4291934370994568,0.3125,0.481228768825531,11
sparse_head,2,5,answer,mass,true,0.42587804794311523,0.359375,0.43456071615219116,11
sparse_head,2,6,answer,mass,true,0.2781482934951782,0.125,0.3367921710014343,11
sparse_head,2,7,answer,mass,true,0.33868592977523804,0.203125,0.3967958092689514,11
sparse_head,2,8,answer,mass,true,0.5636351108551025,0.46875,0.5910266041755676,11
sparse_head,2,9,answer,mass,true,0.17105832695960999,0.125,0.17674770951271057,11
sparse_head,2,10,answer,mass,true,0.35172128677368164,0.21875,0.40487533807754517,11
sparse_head,2,11,answer,mass,true,0.44399556517601013,0.34375,0.47661569714546204,11
sparse_head,2,12,answer,mass,true,0.5746001601219177,0.5,0.5939196348190308,11
sparse_head,2,13,answer,mass,true,0.2821071147918701,0.203125,0.3042713701725006,11
sparse_head,2,14,answer,mass,true,0.5651186108589172,0.515625,0.5845327377319336,11
sparse_head,2,15,answer,mass,true,0.33131325244903564,0.203125,0.38044339418411255,11
sparse_head,2,16,answer,mass,true,0.5222091674804688,0.40625,0.556348979473114,11
sparse_head,2,17,answer,mass,true,0.49109286069869995,0.375,0.5375204086303711,11
sparse_head,2,18,answer,mass,true,0.6705433130264282,0.578125,0.7024893164634705,11
sparse_head,2,19,answer,mass,true,0.3806449770927429,0.328125,0.3827119469642639,11
sparse_head,2,20,answer,mass,true,0.615547239780426,0.515625,0.6578173637390137,11
sparse_head,2,21,answer,mass,true,0.2187976986169815,0.109375,0.2461521476507187,11
sparse_head,2,22,answer,mass,true,0.26625025272369385,0.140625,0.30515334010124207,11
sparse_head,2,23,answer,mass,true,0.5224332809448242,0.421875,0.558820903301239,11
sparse_head,3,0,answer,mass,true,0.49849534034729004,0.359375,0.5595672130584717,15
sparse_head,3,1,answer,mass,true,0.4776511788368225,0.421875,0.4824123680591583,15
sparse_head,3,2,answer,mass,true,0.7045209407806396,0.625,0.7318044900894165,15
sparse_head,3,3,answer,mass,true,0.6157628297805786,0.546875,0.6369403600692749,15
sparse_head,3,4,answer,mass,true,0.5660700798034668,0.484375,0.5954322814941406,15
sparse_head,3,5,answer,mass,true,0.4822542369365692,0.359375,0.5426082015037537,15
sparse_head,3,6,answer,mass,true,0.6209049820899963,0.53125,0.6526862978935242,15
sparse_head,3,7,answer,mass,true,0.6163753867149353,0.546875,0.6523456573486328,15
sparse_head,3,8,answer,mass,true,0.28203120827674866,0.21875,0.2854665517807007,15
sparse_head,3,9,answer,mass,true,0.6814640760421753,0.609375,0.706800103187561,15
sparse_head,3,10,answer,mass,true,0.6116963028907776,0.46875,0.6578304767608643,15
sparse_head,3,11,answer,mass,true,0.6555778384208679,0.5625,0.6876258850097656,15
sparse_head,3,12,answer,mass,true,0.6781206727027893,0.609375,0.7042894959449768,15
sparse_head,3,13,answer,mass,true,0.6024296879768372,0.5,0.6417868137359619,15
sparse_head,3,14,answer,mass,true,0.6359724998474121,0.5625,0.6634193658828735,15
sparse_head,3,15,answer,mass,true,0.6751224994659424,0.59375,0.6978861093521118,15
sparse_head,3,16,answer,mass,true,0.5435383319854736,0.46875,0.5661494135856628,15
sparse_head,3,17,answer,mass,true,0.6231665015220642,0.515625,0.6618639230728149,15
sparse_head,3,18,answer,mass,true,0.6081283092498779,0.5,0.6471974849700928,15
sparse_head,3,19,answer,mass,true,0.49283164739608765,0.375,0.5262484550476074,15
sparse_head,3,20,answer,mass,true,0.5577825903892517,0.46875,0.587873101234436,15
sparse_head,3,21,answer,mass,true,0.4523085355758667,0.3125,0.5095598697662354,15
sparse_head,3,22,answer,mass,true,0.49668318033218384,0.359375,0.549572229385376,15
sparse_head,3,23,answer,mass,true,0.6220902800559998,0.515625,0.6699008941650391,15
sparse_head,4,0,answer,mass,true,0.4919608533382416,0.3125,0.5673185586929321,19
sparse_head,4,1,answer,mass,true,0.5950620174407959,0.5,0.6257412433624268,19
sparse_head,4,2,answer,mass,true,0.6901557445526123,0.578125,0.7250473499298096,19
sparse_head,4,3,answer,mass,true,0.14416912198066711,0.109375,0.13712814450263977,19
sparse_head,4,4,answer,mass,true,0.43138840794563293,0.296875,0.486127644777298,19
sparse_head,4,5,answer,mass,true,0.2741759121417999,0.203125,0.28450262546539307,19
sparse_head,4,6,answer,mass,true,0.724410891532898,0.65625,0.7558034658432007,19
sparse_head,4,7,answer,mass,true,0.7260896563529968,0.65625,0.7624850869178772,19
sparse_head,4,8,answer,mass,true,0.6067929863929749,0.515625,0.642515242099762,19
sparse_head,4,9,answer,mass,true,0.30219414830207825,0.203125,0.3437533974647522,19
sparse_head,4,10,answer,mass,true,0.5943849086761475,0.5,0.6387625336647034,19
sparse_head,4,11,answer,mass,true,0.70875483751297,0.625,0.7394335865974426,19
sparse_head,4,12,answer,mass,true,0.41919010877609253,0.3125,0.44804343581199646,19
sparse_head,4,13,answer,mass,true,0.6879605650901794,0.59375,0.726509153842926,19
sparse_head,4,14,answer,mass,true,0.6673694849014282,0.5625,0.6960846185684204,19
sparse_head,4,15,answer,mass,true,0.6338858604431152,0.515625,0.6811402440071106,19
sparse_head,4,16,answer,mass,true,0.6435275673866272,0.53125,0.6890686750411987,19
sparse_head,4,17,answer,mass,true,0.6850302815437317,0.59375,0.7168201208114624,19
sparse_head,4,18,answer,mass,true,0.3314378261566162,0.21875,0.3611219823360443,19
sparse_head,4,19,answer,mass,true,0.6958720088005066,0.609375,0.7335705757141113,19
sparse_head,4,20,answer,mass,true,0.7334301471710205,0.609375,0.7736972570419312,19
sparse_head,4,21,answer,mass,true,0.7579052448272705,0.65625,0.8008822798728943,19
sparse_head,4,22,answer,mass,true,0.3576505184173584,0.265625,0.37925985455513,19
sparse_head,4,23,answer,mass,true,0.5675081610679626,0.46875,0.5896871089935303,19
sparse_head,5,0,answer,mass,true,0.5194131135940552,0.453125,0.5416689515113831,23
sparse_head,5,1,answer,mass,true,0.5979437828063965,0.515625,0.6315197944641113,23
sparse_head,5,2,answer,mass,true,0.6416738629341125,0.546875,0.6758328080177307,23
sparse_head,5,3,answer,mass,true,0.6198465824127197,0.53125,0.6490112543106079,23
sparse_head,5,4,answer,mass,true,0.6868252158164978,0.59375,0.7252155542373657,23
sparse_head,5,5,answer,mass,true,0.6590703129768372,0.59375,0.6926618814468384,23
sparse_head,5,6,answer,mass,true,0.6890868544578552,0.59375,0.7160817384719849,23
sparse_head,5,7,answer,mass,true,0.7204719185829163,0.609375,0.7604508399963379,23
sparse_head,5,8,answer,mass,true,0.7071632742881775,0.609375,0.7452700138092041,23
sparse_head,5,9,answer,mass,true,0.7131345272064209,0.59375,0.7544049024581909,23
sparse_head,5,10,answer,mass,true,0.6730170845985413,0.5625,0.7161598801612854,23
sparse_head,5,11,answer,mass,true,0.7191888093948364,0.640625,0.755058228969574,23
sparse_head,5,12,answer,mass,true,0.7950051426887512,0.734375,0.8210304379463196,23
sparse_head,5,13,answer,mass,true,0.7833160161972046,0.734375,0.8020136952400208,23
sparse_head,5,14,answer,mass,true,0.6629027128219604,0.59375,0.6924657821655273,23
sparse_head,5,15,answer,mass,true,0.6756677627563477,0.59375,0.7030944228172302,23
sparse_head,5,16,answer,mass,true,0.7410717010498047,0.6875,0.7528877854347229,23
sparse_head,5,17,answer,mass,true,0.6834582686424255,0.609375,0.7110142707824707,23
sparse_head,5,18,answer,mass,true,0.7503792643547058,0.671875,0.7760111689567566,23
sparse_head,5,19,answer,mass,true,0.7704835534095764,0.671875,0.8065217733383179,23
sparse_head,5,20,answer,mass,true,0.42234283685684204,0.296875,0.4693397581577301,23
sparse_head,5,21,answer,mass,true,0.8226921558380127,0.765625,0.8452277779579163,23
sparse_head,5,22,answer,mass,true,0.7294566631317139,0.625,0.7704230546951294,23
sparse_head,5,23,answer,mass,true,0.8044067621231079,0.734375,0.8250525593757629,23
sparse_head,6,0,answer,mass,true,0.7516416907310486,0.6875,0.7730564475059509,27
sparse_head,6,1,answer,mass,true,0.7464463710784912,0.65625,0.7874441146850586,27
sparse_head,6,2,answer,mass,true,0.7502132654190063,0.65625,0.791436493396759,27
sparse_head,6,3,answer,mass,true,0.7228956818580627,0.640625,0.7540723085403442,27
sparse_head,6,4,answer,mass,true,0.7407764196395874,0.609375,0.7849955558776855,27
sparse_head,6,5,answer,mass,true,0.6241583228111267,0.5625,0.649176836013794,27
sparse_head,6,6,answer,mass,true,0.5296152830123901,0.390625,0.5983775854110718,27
sparse_head,6,7,answer,mass,true,0.6252022981643677,0.46875,0.6950953602790833,27
sparse_head,6,8,answer,mass,true,0.7694476246833801,0.703125,0.8006449341773987,27
sparse_head,6,9,answer,mass,true,0.5101583003997803,0.40625,0.549670934677124,27
sparse_head,6,10,answer,mass,true,0.5383176803588867,0.40625,0.6012999415397644,27
sparse_head,6,11,answer,mass,true,0.6218523383140564,0.515625,0.6656325459480286,27
sparse_head,6,12,answer,mass,true,0.7723231911659241,0.71875,0.7969699501991272,27
sparse_head,6,13,answer,mass,true,0.6401339769363403,0.5,0.6974745988845825,27
sparse_head,6,14,answer,mass,true,0.7829039096832275,0.71875,0.8072939515113831,27
sparse_head,6,15,answer,mass,true,0.48188164830207825,0.3125,0.5487377047538757,27
sparse_head,6,16,answer,mass,true,0.7007829546928406,0.59375,0.7488836050033569,27
sparse_head,6,17,answer,mass,true,0.6438272595405579,0.53125,0.7037846446037292,27
sparse_head,6,18,answer,mass,true,0.8090521693229675,0.765625,0.8225955963134766,27
sparse_head,6,19,answer,mass,true,0.6243404150009155,0.5625,0.6503814458847046,27
sparse_head,6,20,answer,mass,true,0.766329288482666,0.6875,0.8025171160697937,27
sparse_head,6,21,answer,mass,true,0.4348644018173218,0.34375,0.4819807708263397,27
sparse_head,6,22,answer,mass,true,0.5248209238052368,0.359375,0.5931618809700012,27
sparse_head,6,23,answer,mass,true,0.7584383487701416,0.6875,0.7884913086891174,27
sparse_head,7,0,answer,mass,true,0.6176550388336182,0.515625,0.6696144342422485,31
sparse_head,7,1,answer,mass,true,0.6038236618041992,0.5,0.6290475130081177,31
sparse_head,7,2,answer,mass,true,0.7116826176643372,0.625,0.7458779811859131,31
sparse_head,7,3,answer,mass,true,0.7077771425247192,0.640625,0.7302529215812683,31
sparse_head,7,4,answer,mass,true,0.6778307557106018,0.578125,0.7128263711929321,31
sparse_head,7,5,answer,mass,true,0.6665856242179871,0.59375,0.6911100149154663,31
sparse_head,7,6,answer,mass,true,0.686202347278595,0.578125,0.7267330288887024,31
sparse_head,7,7,answer,mass,true,0.6745241284370422,0.5625,0.7252538204193115,31
sparse_head,7,8,answer,mass,true,0.3512676954269409,0.234375,0.37481531500816345,31
sparse_head,7,9,answer,mass,true,0.7573153376579285,0.6875,0.7810931205749512,31
sparse_head,7,10,answer,mass,true,0.7171247601509094,0.609375,0.7659436464309692,31
sparse_head,7,11,answer,mass,true,0.7702821493148804,0.671875,0.8059769868850708,31
sparse_head,7,12,answer,mass,true,0.7299050092697144,0.609375,0.7764031291007996,31
sparse_head,7,13,answer,mass,true,0.6387023329734802,0.5625,0.6690046191215515,31
sparse_head,7,14,answer,mass,true,0.7366676926612854,0.6875,0.7565187215805054,31
sparse_head,7,15,answer,mass,true,0.6568412780761719,0.546875,0.6924432516098022,31
sparse_head,7,16,answer,mass,true,0.6259298920631409,0.546875,0.655143141746521,31
sparse_head,7,17,answer,mass,true,0.6965897679328918,0.609375,0.7342071533203125,31
sparse_head,7,18,answer,mass,true,0.6312889456748962,0.546875,0.6641897559165955,31
sparse_head,7,19,answer,mass,true,0.5149219036102295,0.4375,0.5427852272987366,31
sparse_head,7,20,answer,mass,true,0.7154650092124939,0.609375,0.753527820110321,31
sparse_head,7,21,answer,mass,true,0.5925343632698059,0.453125,0.6479595899581909,31
sparse_head,7,22,answer,mass,true,0.6460855603218079,0.5625,0.6717572212219238,31
sparse_head,7,23,answer,mass,true,0.6967195272445679,0.59375,0.7315860986709595,31
sparse_head,8,0,answer,mass,true,0.4105614423751831,0.265625,0.4904414415359497,35
sparse_head,8,1,answer,mass,true,0.6689134836196899,0.59375,0.6853578090667725,35
sparse_head,8,2,answer,mass,true,0.732509195804596,0.640625,0.7699170708656311,35
sparse_head,8,3,answer,mass,true,0.3511852025985718,0.296875,0.35573092103004456,35
sparse_head,8,4,answer,mass,true,0.6555140018463135,0.53125,0.6997978687286377,35
sparse_head,8,5,answer,mass,true,0.6332346200942993,0.578125,0.6496574878692627,35
sparse_head,8,6,answer,mass,true,0.7127963900566101,0.609375,0.7390871644020081,35
sparse_head,8,7,answer,mass,true,0.7272999882698059,0.640625,0.7574224472045898,35
sparse_head,8,8,answer,mass,true,0.642157793045044,0.515625,0.6814017295837402,35
sparse_head,8,9,answer,mass,true,0.4677731990814209,0.359375,0.5129197835922241,35
sparse_head,8,10,answer,mass,true,0.7624632120132446,0.6875,0.7960705757141113,35
sparse_head,8,11,answer,mass,true,0.7308712601661682,0.65625,0.7566184401512146,35
sparse_head,8,12,answer,mass,true,0.5503904819488525,0.46875,0.576319694519043,35
sparse_head,8,13,answer,mass,true,0.6766091585159302,0.59375,0.7067818641662598,35
sparse_head,8,14,answer,mass,true,0.7538668513298035,0.65625,0.7943848967552185,35
sparse_head,8,15,answer,mass,true,0.7255123257637024,0.640625,0.7558603286743164,35
sparse_head,8,16,answer,mass,true,0.7223405241966248,0.609375,0.7665212750434875,35
sparse_head,8,17,answer,mass,true,0.6767299175262451,0.5625,0.7163100838661194,35
sparse_head,8,18,answer,mass,true,0.6550881266593933,0.546875,0.6991192698478699,35
sparse_head,8,19,answer,mass,true,0.685255229473114,0.59375,0.7103946208953857,35
sparse_head,8,20,answer,mass,true,0.7792620658874512,0.71875,0.8045319318771362,35
sparse_head,8,21,answer,mass,true,0.8521081209182739,0.78125,0.8842971920967102,35
sparse_head,8,22,answer,mass,true,0.5754235982894897,0.5,0.6018426418304443,35
sparse_head,8,23,answer,mass,true,0.6837144494056702,0.609375,0.7082761526107788,35
sparse_head,9,0,answer,mass,true,0.6142003536224365,0.5625,0.624287486076355,39
sparse_head,9,1,answer,mass,true,0.5963047742843628,0.53125,0.6136698126792908,39
sparse_head,9,2,answer,mass,true,0.6863285303115845,0.59375,0.7150116562843323,39
sparse_head,9,3,answer,mass,true,0.6549441814422607,0.5625,0.683024525642395,39
sparse_head,9,4,answer,mass,true,0.6860260963439941,0.59375,0.7143269181251526,39
sparse_head,9,5,answer,mass,true,0.6600574254989624,0.578125,0.690486490726471,39
sparse_head,9,6,answer,mass,true,0.7090625762939453,0.625,0.7421360015869141,39
sparse_head,9,7,answer,mass,true,0.7493830323219299,0.6875,0.7811498045921326,39
sparse_head,9,8,answer,mass,true,0.7142218947410583,0.65625,0.7354543805122375,39
sparse_head,9,9,answer,mass,true,0.6390715837478638,0.53125,0.6787642240524292,39
sparse_head,9,10,answer,mass,true,0.7362939715385437,0.609375,0.7777091860771179,39
sparse_head,9,11,answer,mass,true,0.667245090007782,0.59375,0.6959457397460938,39
sparse_head,9,12,answer,mass,true,0.7914574146270752,0.734375,0.8183493614196777,39
sparse_head,9,13,answer,mass,true,0.8102304339408875,0.734375,0.8369579315185547,39
sparse_head,9,14,answer,mass,true,0.5533292293548584,0.421875,0.5822452306747437,39
sparse_head,9,15,answer,mass,true,0.6442629098892212,0.5625,0.671399712562561,39
sparse_head,9,16,answer,mass,true,0.7509642243385315,0.671875,0.7762244939804077,39
sparse_head,9,17,answer,mass,true,0.6713258028030396,0.609375,0.6906334161758423,39
sparse_head,9,18,answer,mass,true,0.7383803129196167,0.65625,0.7661529183387756,39
sparse_head,9,19,answer,mass,true,0.7917031049728394,0.71875,0.8190401792526245,39
sparse_head,9,20,answer,mass,true,0.5729622840881348,0.53125,0.5873679518699646,39
sparse_head,9,21,answer,mass,true,0.7502464652061462,0.671875,0.7827277183532715,39
sparse_head,9,22,answer,mass,true,0.747331976890564,0.640625,0.7727813720703125,39
sparse_head,9,23,answer,mass,true,0.5277683734893799,0.4375,0.5772212147712708,39
sparse_head,10,0,answer,mass,true,0.7213186621665955,0.59375,0.7582453489303589,43
sparse_head,10,1,answer,mass,true,0.6919246912002563,0.609375,0.7184416055679321,43
sparse_head,10,2,answer,mass,true,0.7084839344024658,0.59375,0.7426790595054626,43
sparse_head,10,3,answer,mass,true,0.6418821811676025,0.5625,0.6674256324768066,43
sparse_head,10,4,answer,mass,true,0.758887767791748,0.671875,0.786267876625061,43
sparse_head,10,5,answer,mass,true,0.7214380502700806,0.625,0.7577951550483704,43
sparse_head,10,6,answer,mass,true,0.542656421661377,0.421875,0.5959911346435547,43
sparse_head,10,7,answer,mass,true,0.7242769002914429,0.625,0.7522286176681519,43
sparse_head,10,8,answer,mass,true,0.8446187973022461,0.796875,0.8621028065681458,43
sparse_head,10,9,answer,mass,true,0.6268242597579956,0.515625,0.6657580733299255,43
sparse_head,10,10,answer,mass,true,0.702858030796051,0.609375,0.7270231246948242,43
sparse_head,10,11,answer,mass,true,0.7069737911224365,0.59375,0.7508910894393921,43
sparse_head,10,12,answer,mass,true,0.6953468918800354,0.609375,0.7177233695983887,43
sparse_head,10,13,answer,mass,true,0.698695957660675,0.578125,0.74100661277771,43
sparse_head,10,14,answer,mass,true,0.6724705100059509,0.578125,0.7111757397651672,43
sparse_head,10,15,answer,mass,true,0.6325541734695435,0.53125,0.6615541577339172,43
sparse_head,10,16,answer,mass,true,0.7080245614051819,0.625,0.7317862510681152,43
sparse_head,10,17,answer,mass,true,0.7722974419593811,0.703125,0.8018727898597717,43
sparse_head,10,18,answer,mass,true,0.644467830657959,0.53125,0.6835065484046936,43
sparse_head,10,19,answer,mass,true,0.7178762555122375,0.640625,0.7427613735198975,43
sparse_head,10,20,answer,mass,true,0.6996603608131409,0.609375,0.7292624711990356,43
sparse_head,10,21,answer,mass,true,0.644422173500061,0.5625,0.6782800555229187,43
sparse_head,10,22,answer,mass,true,0.7392298579216003,0.671875,0.7665639519691467,43
sparse_head,10,23,answer,mass,true,0.6793128252029419,0.578125,0.7204050421714783,43
sparse_head,11,0,answer,mass,true,0.7415629029273987,0.625,0.7850891351699829,47
sparse_head,11,1,answer,mass,true,0.6194307804107666,0.515625,0.652857780456543,47
sparse_head,11,2,answer,mass,true,0.7204485535621643,0.625,0.7521752119064331,47
sparse_head,11,3,answer,mass,true,0.7038899660110474,0.625,0.725257933139801,47
sparse_head,11,4,answer,mass,true,0.6954600811004639,0.609375,0.7262527942657471,47
sparse_head,11,5,answer,mass,true,0.6613072752952576,0.609375,0.6743249297142029,47
sparse_head,11,6,answer,mass,true,0.689024806022644,0.625,0.7076516151428223,47
sparse_head,11,7,answer,mass,true,0.6755990982055664,0.578125,0.7065012454986572,47
sparse_head,11,8,answer,mass,true,0.7243866324424744,0.640625,0.7467265129089355,47
sparse_head,11,9,answer,mass,true,0.7718343138694763,0.6875,0.7992153763771057,47
sparse_head,11,10,answer,mass,true,0.7528420686721802,0.671875,0.7806825041770935,47
sparse_head,11,11,answer,mass,true,0.530218243598938,0.484375,0.5463860034942627,47
sparse_head,11,12,answer,mass,true,0.5262911915779114,0.4375,0.5611467361450195,47
sparse_head,11,13,answer,mass,true,0.6473745703697205,0.546875,0.6873321533203125,47
sparse_head,11,14,answer,mass,true,0.6124640703201294,0.515625,0.6546315550804138,47
sparse_head,11,15,answer,mass,true,0.6683180928230286,0.5625,0.717984139919281,47
sparse_head,11,16,answer,mass,true,0.7299069762229919,0.59375,0.7800126075744629,47
sparse_head,11,17,answer,mass,true,0.5218794345855713,0.421875,0.5611926317214966,47
sparse_head,11,18,answer,mass,true,0.526397705078125,0.390625,0.5837942957878113,47
sparse_head,11,19,answer,mass,true,0.4168684482574463,0.21875,0.5263432264328003,47
sparse_head,11,20,answer,mass,true,0.5931362509727478,0.5,0.6283707022666931,47
sparse_head,11,21,answer,mass,true,0.6306077837944031,0.5,0.677422046661377,47
sparse_head,11,22,answer,mass,true,0.48659926652908325,0.375,0.5191612839698792,47
sparse_head,11,23,answer,mass,true,0.6427303552627563,0.546875,0.6848871111869812,47
sparse_head_top16_cv,-1,-1,answer,mass,true,0.8459377288818359,0.765625,0.8712162971496582,-1
sparse_head_top16_cv_gated,-1,-1,answer,mass,true,0.8440093994140625,0.765625,0.8697811961174011,-1
sparse_head_all_mean,-1,-1,answer,mass,true,0.8144328594207764,0.71875,0.8486150503158569,-1
sparse_head,0,0,both,mass,false,0.07709286361932755,0.0,0.07711851596832275,3
sparse_head,0,1,both,mass,false,0.11010053008794785,0.015625,0.11846283078193665,3
sparse_head,0,2,both,mass,false,0.09457720816135406,0.015625,0.10714343190193176,3
sparse_head,0,3,both,mass,false,0.0702575296163559,0.015625,0.061189938336610794,3
sparse_head,0,4,both,mass,false,0.1075533777475357,0.03125,0.10758475214242935,3
sparse_head,0,5,both,mass,false,0.15799905359745026,0.015625,0.20174849033355713,3
sparse_head,0,6,both,mass,false,0.27444902062416077,0.09375,0.3428013324737549,3
sparse_head,0,7,both,mass,false,0.06745526939630508,0.015625,0.0594150610268116,3
sparse_head,0,8,both,mass,false,0.1207592561841011,0.046875,0.12546652555465698,3
sparse_head,0,9,both,mass,false,0.28189748525619507,0.140625,0.3294594883918762,3
sparse_head,0,10,both,mass,false,0.06259939074516296,0.015625,0.06224112957715988,3
sparse_head,0,11,both,mass,false,0.056262072175741196,0.015625,0.05926809832453728,3
sparse_head,0,12,both,mass,false,0.07162324339151382,0.015625,0.07883378118276596,3
sparse_head,0,13,both,mass,false,0.06014383211731911,0.015625,0.03645554184913635,3
sparse_head,0,14,both,mass,false,0.07408034801483154,0.015625,0.06577209383249283,3
sparse_head,0,15,both,mass,false,0.09579989314079285,0.015625,0.0971534252166748,3
sparse_head,0,16,both,mass,false,0.1712760627269745,0.0625,0.2157604992389679,3
sparse_head,0,17,both,mass,false,0.06726197898387909,0.015625,0.06475525349378586,3
sparse_head,0,18,both,mass,false,0.07014694809913635,0.015625,0.060004957020282745,3
sparse_head,0,19,both,mass,false,0.07894796133041382,0.015625,0.08167308568954468,3
sparse_head,0,20,both,mass,false,0.31417641043663025,0.09375,0.4070882797241211,3
sparse_head,0,21,both,mass,false,0.0988672524690628,0.015625,0.11766654253005981,3
sparse_head,0,22,both,mass,false,0.42009618878364563,0.25,0.4890875816345215,3
sparse_head,0,23,both,mass,false,0.10662101209163666,0.015625,0.12577426433563232,3
sparse_head,1,0,both,mass,false,0.40805286169052124,0.25,0.47779908776283264,7
sparse_head,1,1,both,mass,false,0.5284245014190674,0.390625,0.5950867533683777,7
sparse_head,1,2,both,mass,false,0.5958983302116394,0.46875,0.6552644968032837,7
sparse_head,1,3,both,mass,false,0.44692128896713257,0.265625,0.5251924395561218,7
sparse_head,1,4,both,mass,false,0.4266587197780609,0.25,0.48401111364364624,7
sparse_head,1,5,both,mass,false,0.6141530275344849,0.5,0.6653825044631958,7
sparse_head,1,6,both,mass,false,0.44278666377067566,0.203125,0.5501036047935486,7
sparse_head,1,7,both,mass,false,0.42924124002456665,0.25,0.5003871917724609,7
sparse_head,1,8,both,mass,false,0.1757948100566864,0.046875,0.2224598377943039,7
sparse_head,1,9,both,mass,false,0.22645241022109985,0.03125,0.31121090054512024,7
sparse_head,1,10,both,mass,false,0.5382480621337891,0.34375,0.612950325012207,7
sparse_head,1,11,both,mass,false,0.1582401692867279,0.015625,0.22300079464912415,7
sparse_head,1,12,both,mass,false,0.15068455040454865,0.015625,0.21527159214019775,7
sparse_head,1,13,both,mass,false,0.13994409143924713,0.015625,0.18331509828567505,7
sparse_head,1,14,both,mass,false,0.1846844106912613,0.015625,0.2534191608428955,7
sparse_head,1,15,both,mass,false,0.12414486706256866,0.015625,0.1611143797636032,7
sparse_head,1,16,both,mass,false,0.107029028236866,0.03125,0.12659935653209686,7
sparse_head,1,17,both,mass,false,0.3718050420284271,0.109375,0.48087987303733826,7
sparse_head,1,18,both,mass,false,0.14100569486618042,0.015625,0.1843261569738388,7
sparse_head,1,19,both,mass,false,0.1714993119239807,0.015625,0.23109892010688782,7
sparse_head,1,20,both,mass,false,0.2050379514694214,0.015625,0.2758466303348541,7
sparse_head,1,21,both,mass,false,0.44173234701156616,0.203125,0.5498349666595459,7
sparse_head,1,22,both,mass,false,0.13606557250022888,0.03125,0.15568533539772034,7
sparse_head,1,23,both,mass,false,0.13629154860973358,0.015625,0.16663578152656555,7
sparse_head,2,0,both,mass,false,0.4552231431007385,0.25,0.5443907976150513,11
sparse_head,2,1,both,mass,false,0.26863718032836914,0.078125,0.3868694305419922,11
sparse_head,2,2,both,mass,false,0.5348830819129944,0.34375,0.6241763234138489,11
sparse_head,2,3,both,mass,false,0.5295584201812744,0.328125,0.6199838519096375,11
sparse_head,2,4,both,mass,false,0.19626455008983612,0.03125,0.2847495973110199,11
sparse_head,2,5,both,mass,false,0.4674154222011566,0.265625,0.5557560324668884,11
sparse_head,2,6,both,mass,false,0.22247415781021118,0.0625,0.29882848262786865,11
sparse_head,2,7,both,mass,false,0.21856212615966797,0.03125,0.3199601471424103,11
sparse_head,2,8,both,mass,false,0.5533091425895691,0.375,0.6385589241981506,11
sparse_head,2,9,both,mass,false,0.2776251435279846,0.109375,0.3586667478084564,11
sparse_head,2,10,both,mass,false,0.19914573431015015,0.0625,0.25875967741012573,11
sparse_head,2,11,both,mass,false,0.3234216272830963,0.140625,0.4083050489425659,11
sparse_head,2,12,both,mass,false,0.3987423777580261,0.15625,0.49462002515792847,11
sparse_head,2,13,both,mass,false,0.2208351194858551,0.046875,0.3166123032569885,11
sparse_head,2,14,both,mass,false,0.5511528253555298,0.4375,0.6028059720993042,11
sparse_head,2,15,both,mass,false,0.1604933887720108,0.015625,0.24365034699440002,11
sparse_head,2,16,both,mass,false,0.2839115858078003,0.078125,0.40302619338035583,11
sparse_head,2,17,both,mass,false,0.2563645839691162,0.09375,0.3277124762535095,11
sparse_head,2,18,both,mass,false,0.5144708156585693,0.28125,0.6138836145401001,11
sparse_head,2,19,both,mass,false,0.45432913303375244,0.25,0.5402535796165466,11
sparse_head,2,20,both,mass,false,0.3282935619354248,0.109375,0.4393332898616791,11
sparse_head,2,21,both,mass,false,0.13788335025310516,0.015625,0.1823846399784088,11
sparse_head,2,22,both,mass,false,0.13908906280994415,0.03125,0.1682482212781906,11
sparse_head,2,23,both,mass,false,0.4620310664176941,0.234375,0.5646781325340271,11
sparse_head,3,0,both,mass,false,0.3384875953197479,0.140625,0.4461113214492798,15
sparse_head,3,1,both,mass,false,0.32892346382141113,0.09375,0.4376659691333771,15
sparse_head,3,2,both,mass,false,0.608990490436554,0.4375,0.6863698959350586,15
sparse_head,3,3,both,mass,false,0.6365156173706055,0.46875,0.703341007232666,15
sparse_head,3,4,both,mass,false,0.6280688047409058,0.46875,0.6879246830940247,15
sparse_head,3,5,both,mass,false,0.5179746747016907,0.34375,0.6189993619918823,15
sparse_head,3,6,both,mass,false,0.36712661385536194,0.09375,0.4937785863876343,15
sparse_head,3,7,both,mass,false,0.6867436170578003,0.578125,0.7390825152397156,15
sparse_head,3,8,both,mass,false,0.31986045837402344,0.15625,0.400623619556427,15
sparse_head,3,9,both,mass,false,0.7568886876106262,0.640625,0.7992534041404724,15
sparse_head,3,10,both,mass,false,0.43250447511672974,0.203125,0.5437948107719421,15
sparse_head,3,11,both,mass,false,0.644175112247467,0.5,0.7126275300979614,15
sparse_head,3,12,both,mass,false,0.7320979237556458,0.59375,0.7849836349487305,15
sparse_head,3,13,both,mass,false,0.3108922243118286,0.078125,0.4393079876899719,15
sparse_head,3,14,both,mass,false,0.6242371201515198,0.453125,0.6876546144485474,15
sparse_head,3,15,both,mass,false,0.5816534757614136,0.34375,0.6748100519180298,15
sparse_head,3,16,both,mass,false,0.6521019339561462,0.46875,0.7200513482093811,15
sparse_head,3,17,both,mass,false,0.4259267747402191,0.1875,0.5319757461547852,15
sparse_head,3,18,both,mass,false,0.42088180780410767,0.203125,0.5146967768669128,15
sparse_head,3,19,both,mass,false,0.3170073330402374,0.109375,0.41507688164711,15
sparse_head,3,20,both,mass,false,0.5390283465385437,0.328125,0.623903214931488,15
sparse_head,3,21,both,mass,false,0.3034214377403259,0.09375,0.396610826253891,15
sparse_head,3,22,both,mass,false,0.3276376724243164,0.125,0.44186466932296753,15
sparse_head,3,23,both,mass,false,0.5247272253036499,0.34375,0.6096221208572388,15
sparse_head,4,0,both,mass,false,0.2003653347492218,0.03125,0.29914358258247375,19
sparse_head,4,1,both,mass,false,0.632927417755127,0.484375,0.6988591551780701,19
sparse_head,4,2,both,mass,false,0.7128881812095642,0.5625,0.7750817537307739,19
sparse_head,4,3,both,mass,false,0.3933575749397278,0.109375,0.5049335956573486,19
sparse_head,4,4,both,mass,false,0.4960329234600067,0.296875,0.5875683426856995,19
sparse_head,4,5,both,mass,false,0.5594744086265564,0.375,0.6394103169441223,19
sparse_head,4,6,both,mass,false,0.7379670143127441,0.625,0.7879989147186279,19
sparse_head,4,7,both,mass,false,0.6471506357192993,0.46875,0.7155879735946655,19
sparse_head,4,8,both,mass,false,0.5485838651657104,0.359375,0.6354894638061523,19
sparse_head,4,9,both,mass,false,0.2785378396511078,0.109375,0.36960890889167786,19
sparse_head,4,10,both,mass,false,0.6567029356956482,0.515625,0.7228571176528931,19
sparse_head,4,11,both,mass,false,0.592067301273346,0.421875,0.6644845008850098,19
sparse_head,4,12,both,mass,false,0.6580121517181396,0.5,0.7191795706748962,19
sparse_head,4,13,both,mass,false,0.7468199729919434,0.625,0.7912228107452393,19
sparse_head,4,14,both,mass,false,0.6067710518836975,0.4375,0.680060625076294,19
sparse_head,4,15,both,mass,false,0.7044672966003418,0.59375,0.757766604423523,19
sparse_head,4,16,both,mass,false,0.4291243553161621,0.140625,0.5508464574813843,19
sparse_head,4,17,both,mass,false,0.7580206394195557,0.625,0.804906964302063,19
sparse_head,4,18,both,mass,false,0.3573586344718933,0.1875,0.4589683413505554,19
sparse_head,4,19,both,mass,false,0.7667100429534912,0.671875,0.8183116316795349,19
sparse_head,4,20,both,mass,false,0.6673873662948608,0.53125,0.7432661056518555,19
sparse_head,4,21,both,mass,false,0.717126727104187,0.625,0.7624422907829285,19
sparse_head,4,22,both,mass,false,0.4481145143508911,0.3125,0.5241667628288269,19
sparse_head,4,23,both,mass,false,0.8052331805229187,0.71875,0.8430604934692383,19
sparse_head,5,0,both,mass,false,0.6305266618728638,0.515625,0.6881906390190125,23
sparse_head,5,1,both,mass,false,0.4819066524505615,0.296875,0.5709903240203857,23
sparse_head,5,2,both,mass,false,0.6295701861381531,0.484375,0.687883734703064,23
sparse_head,5,3,both,mass,false,0.6765003204345703,0.53125,0.7377144694328308,23
sparse_head,5,4,both,mass,false,0.7736693620681763,0.671875,0.8199927806854248,23
sparse_head,5,5,both,mass,false,0.3964850902557373,0.125,0.5046957731246948,23
sparse_head,5,6,both,mass,false,0.5405150651931763,0.375,0.6265736222267151,23
sparse_head,5,7,both,mass,false,0.48132991790771484,0.25,0.5893540978431702,23
sparse_head,5,8,both,mass,false,0.6308025121688843,0.5,0.6838452816009521,23
sparse_head,5,9,both,mass,false,0.7048048973083496,0.578125,0.753545343875885,23
sparse_head,5,10,both,mass,false,0.7212069630622864,0.625,0.7530057430267334,23
sparse_head,5,11,both,mass,false,0.713974118232727,0.59375,0.76996248960495,23
sparse_head,5,12,both,mass,false,0.7841412425041199,0.6875,0.8281399011611938,23
sparse_head,5,13,both,mass,false,0.7154885530471802,0.578125,0.7716395258903503,23
sparse_head,5,14,both,mass,false,0.6720802187919617,0.578125,0.7100461721420288,23
sparse_head,5,15,both,mass,false,0.6485871076583862,0.5,0.7112197875976562,23
sparse_head,5,16,both,mass,false,0.6696510314941406,0.546875,0.7315841913223267,23
sparse_head,5,17,both,mass,false,0.5036458969116211,0.34375,0.5693087577819824,23
sparse_head,5,18,both,mass,false,0.7886359691619873,0.6875,0.8313338756561279,23
sparse_head,5,19,both,mass,false,0.6543521881103516,0.515625,0.7239347100257874,23
sparse_head,5,20,both,mass,false,0.31680232286453247,0.125,0.4049370586872101,23
sparse_head,5,21,both,mass,false,0.8099043965339661,0.71875,0.8436985015869141,23
sparse_head,5,22,both,mass,false,0.711435854434967,0.59375,0.7630254030227661,23
sparse_head,5,23,both,mass,false,0.6244966983795166,0.484375,0.6883987784385681,23
sparse_head,6,0,both,mass,false,0.8395900726318359,0.765625,0.8739190697669983,27
sparse_head,6,1,both,mass,false,0.6970853805541992,0.578125,0.7482932806015015,27
sparse_head,6,2,both,mass,false,0.8604767918586731,0.78125,0.8859905004501343,27
sparse_head,6,3,both,mass,false,0.8555871248245239,0.796875,0.8813741207122803,27
sparse_head,6,4,both,mass,false,0.6942088007926941,0.546875,0.750853955745697,27
sparse_head,6,5,both,mass,false,0.7382175922393799,0.640625,0.783036470413208,27
sparse_head,6,6,both,mass,false,0.6325429081916809,0.5,0.6895294189453125,27
sparse_head,6,7,both,mass,false,0.6030393838882446,0.4375,0.6635527014732361,27
sparse_head,6,8,both,mass,false,0.8070054650306702,0.71875,0.8452330231666565,27
sparse_head,6,9,both,mass,false,0.4614408314228058,0.296875,0.5441672801971436,27
sparse_head,6,10,both,mass,false,0.6112208962440491,0.484375,0.6607115864753723,27
sparse_head,6,11,both,mass,false,0.6605158448219299,0.515625,0.7249170541763306,27
sparse_head,6,12,both,mass,false,0.8169177770614624,0.734375,0.8530542850494385,27
sparse_head,6,13,both,mass,false,0.5427961945533752,0.359375,0.6336472034454346,27
sparse_head,6,14,both,mass,false,0.8290665149688721,0.75,0.8576902151107788,27
sparse_head,6,15,both,mass,false,0.4606647491455078,0.296875,0.5220932364463806,27
sparse_head,6,16,both,mass,false,0.7075671553611755,0.59375,0.764798641204834,27
sparse_head,6,17,both,mass,false,0.46234458684921265,0.328125,0.5415841937065125,27
sparse_head,6,18,both,mass,false,0.7886984944343567,0.671875,0.8330222964286804,27
sparse_head,6,19,both,mass,false,0.8373998403549194,0.75,0.8686779737472534,27
sparse_head,6,20,both,mass,false,0.7290290594100952,0.578125,0.7826370000839233,27
sparse_head,6,21,both,mass,false,0.1628965139389038,0.015625,0.22353973984718323,27
sparse_head,6,22,both,mass,false,0.4823635220527649,0.3125,0.5606014728546143,27
sparse_head,6,23,both,mass,false,0.7993164658546448,0.6875,0.84075927734375,27
sparse_head,7,0,both,mass,false,0.6893141269683838,0.5625,0.7469174861907959,31
sparse_head,7,1,both,mass,false,0.7678964138031006,0.640625,0.8169630765914917,31
sparse_head,7,2,both,mass,false,0.8156867027282715,0.71875,0.8530207872390747,31
sparse_head,7,3,both,mass,false,0.7930555939674377,0.671875,0.8363571166992188,31
sparse_head,7,4,both,mass,false,0.8268899321556091,0.71875,0.8620414137840271,31
sparse_head,7,5,both,mass,false,0.8086329698562622,0.6875,0.8523059487342834,31
sparse_head,7,6,both,mass,false,0.7599764466285706,0.640625,0.8102414608001709,31
sparse_head,7,7,both,mass,false,0.8003162741661072,0.6875,0.8456124663352966,31
sparse_head,7,8,both,mass,false,0.5554443597793579,0.375,0.6318971514701843,31
sparse_head,7,9,both,mass,false,0.8138532042503357,0.703125,0.8556026220321655,31
sparse_head,7,10,both,mass,false,0.7592135667800903,0.640625,0.8097748160362244,31
sparse_head,7,11,both,mass,false,0.7716545462608337,0.65625,0.8145921230316162,31
sparse_head,7,12,both,mass,false,0.8367319107055664,0.75,0.868798553943634,31
sparse_head,7,13,both,mass,false,0.7876125574111938,0.6875,0.826305627822876,31
sparse_head,7,14,both,mass,false,0.8038690090179443,0.703125,0.8433175683021545,31
sparse_head,7,15,both,mass,false,0.7894593477249146,0.6875,0.8326573967933655,31
sparse_head,7,16,both,mass,false,0.7621551752090454,0.640625,0.8069701194763184,31
sparse_head,7,17,both,mass,false,0.7748526930809021,0.65625,0.8219257593154907,31
sparse_head,7,18,both,mass,false,0.7403838634490967,0.625,0.79448002576828,31
sparse_head,7,19,both,mass,false,0.6730350255966187,0.53125,0.7333876490592957,31
sparse_head,7,20,both,mass,false,0.7759617567062378,0.65625,0.8228511810302734,31
sparse_head,7,21,both,mass,false,0.6453548669815063,0.5,0.7128273248672485,31
sparse_head,7,22,both,mass,false,0.7549107670783997,0.640625,0.8062089085578918,31
sparse_head,7,23,both,mass,false,0.7517505288124084,0.625,0.8084142804145813,31
sparse_head,8,0,both,mass,false,0.19573532044887543,0.046875,0.2541351616382599,35
sparse_head,8,1,both,mass,false,0.7142919301986694,0.578125,0.775581955909729,35
sparse_head,8,2,both,mass,false,0.8372194170951843,0.75,0.8692822456359863,35
sparse_head,8,3,both,mass,false,0.5157409310340881,0.328125,0.6007915735244751,35
sparse_head,8,4,both,mass,false,0.7495442032814026,0.640625,0.7969421744346619,35
sparse_head,8,5,both,mass,false,0.7470829486846924,0.625,0.7920404076576233,35
sparse_head,8,6,both,mass,false,0.7585904002189636,0.625,0.8103464245796204,35
sparse_head,8,7,both,mass,false,0.8045146465301514,0.703125,0.8445557355880737,35
sparse_head,8,8,both,mass,false,0.7008040547370911,0.578125,0.7554787397384644,35
sparse_head,8,9,both,mass,false,0.4657972455024719,0.3125,0.5425959825515747,35
sparse_head,8,10,both,mass,false,0.7694010734558105,0.640625,0.8180059790611267,35
sparse_head,8,11,both,mass,false,0.7146846652030945,0.5625,0.7765913009643555,35
sparse_head,8,12,both,mass,false,0.7781049609184265,0.65625,0.8241655826568604,35
sparse_head,8,13,both,mass,false,0.8072910308837891,0.703125,0.8458917140960693,35
sparse_head,8,14,both,mass,false,0.7944266200065613,0.6875,0.8369491696357727,35
sparse_head,8,15,both,mass,false,0.7660156488418579,0.640625,0.8103463649749756,35
sparse_head,8,16,both,mass,false,0.7268584370613098,0.59375,0.7758950591087341,35
sparse_head,8,17,both,mass,false,0.7732267379760742,0.671875,0.8230634331703186,35
sparse_head,8,18,both,mass,false,0.7858952283859253,0.671875,0.8257740139961243,35
sparse_head,8,19,both,mass,false,0.7778328061103821,0.671875,0.8240798115730286,35
sparse_head,8,20,both,mass,false,0.8235242962837219,0.734375,0.8585417866706848,35
sparse_head,8,21,both,mass,false,0.7927662134170532,0.6875,0.8356600403785706,35
sparse_head,8,22,both,mass,false,0.6668520569801331,0.546875,0.732179582118988,35
sparse_head,8,23,both,mass,false,0.8175262212753296,0.71875,0.8544140458106995,35
sparse_head,9,0,both,mass,false,0.721039354801178,0.578125,0.7772278785705566,39
sparse_head,9,1,both,mass,false,0.6764054894447327,0.5625,0.7315910458564758,39
sparse_head,9,2,both,mass,false,0.7922887802124023,0.671875,0.8353337049484253,39
sparse_head,9,3,both,mass,false,0.7069382071495056,0.578125,0.7691830396652222,39
sparse_head,9,4,both,mass,false,0.765775203704834,0.65625,0.8103741407394409,39
sparse_head,9,5,both,mass,false,0.723954439163208,0.609375,0.782240092754364,39
sparse_head,9,6,both,mass,false,0.7350832223892212,0.59375,0.7876806259155273,39
sparse_head,9,7,both,mass,false,0.7196324467658997,0.59375,0.7754499912261963,39
sparse_head,9,8,both,mass,false,0.8013243675231934,0.6875,0.8426486253738403,39
sparse_head,9,9,both,mass,false,0.7626389265060425,0.65625,0.8119223713874817,39
sparse_head,9,10,both,mass,false,0.7472548484802246,0.625,0.8006144762039185,39
sparse_head,9,11,both,mass,false,0.772107720375061,0.671875,0.8154159784317017,39
sparse_head,9,12,both,mass,false,0.808794379234314,0.6875,0.8485872149467468,39
sparse_head,9,13,both,mass,false,0.7474256157875061,0.609375,0.8016976714134216,39
sparse_head,9,14,both,mass,false,0.5643788576126099,0.375,0.6486573219299316,39
sparse_head,9,15,both,mass,false,0.704246461391449,0.5625,0.7680543661117554,39
sparse_head,9,16,both,mass,false,0.6877924799919128,0.53125,0.7514062523841858,39
sparse_head,9,17,both,mass,false,0.5960493087768555,0.46875,0.6564776301383972,39
sparse_head,9,18,both,mass,false,0.7965672612190247,0.671875,0.8393654823303223,39
sparse_head,9,19,both,mass,false,0.8101134300231934,0.71875,0.848401665687561,39
sparse_head,9,20,both,mass,false,0.5637140870094299,0.359375,0.652428925037384,39
sparse_head,9,21,both,mass,false,0.8186158537864685,0.703125,0.8562747240066528,39
sparse_head,9,22,both,mass,false,0.7453959584236145,0.625,0.7950739860534668,39
sparse_head,9,23,both,mass,false,0.3882863521575928,0.171875,0.49871766567230225,39
sparse_head,10,0,both,mass,false,0.6814194917678833,0.546875,0.7462561726570129,43
sparse_head,10,1,both,mass,false,0.657642126083374,0.515625,0.7235480546951294,43
sparse_head,10,2,both,mass,false,0.7133572101593018,0.59375,0.7707852125167847,43
sparse_head,10,3,both,mass,false,0.5764188766479492,0.390625,0.6563711762428284,43
sparse_head,10,4,both,mass,false,0.7260767817497253,0.609375,0.7800471186637878,43
sparse_head,10,5,both,mass,false,0.6609894037246704,0.515625,0.7259140014648438,43
sparse_head,10,6,both,mass,false,0.2805367112159729,0.046875,0.41147565841674805,43
sparse_head,10,7,both,mass,false,0.7735761404037476,0.671875,0.8203854560852051,43
sparse_head,10,8,both,mass,false,0.7128317356109619,0.59375,0.7649992108345032,43
sparse_head,10,9,both,mass,false,0.6847584247589111,0.5625,0.7432936429977417,43
sparse_head,10,10,both,mass,false,0.712332010269165,0.59375,0.7650595903396606,43
sparse_head,10,11,both,mass,false,0.8224162459373474,0.734375,0.8580143451690674,43
sparse_head,10,12,both,mass,false,0.7017214894294739,0.578125,0.762207567691803,43
sparse_head,10,13,both,mass,false,0.6928050518035889,0.5625,0.7496306896209717,43
sparse_head,10,14,both,mass,false,0.6932076811790466,0.546875,0.7520519495010376,43
sparse_head,10,15,both,mass,false,0.48690831661224365,0.21875,0.5914634466171265,43
sparse_head,10,16,both,mass,false,0.6938631534576416,0.546875,0.7515468597412109,43
sparse_head,10,17,both,mass,false,0.7026339769363403,0.578125,0.7576503753662109,43
sparse_head,10,18,both,mass,false,0.7323216795921326,0.59375,0.7896252870559692,43
sparse_head,10,19,both,mass,false,0.6887509822845459,0.5625,0.7513489127159119,43
sparse_head,10,20,both,mass,false,0.6887852549552917,0.5625,0.7514300346374512,43
sparse_head,10,21,both,mass,false,0.6827641725540161,0.5625,0.7420246601104736,43
sparse_head,10,22,both,mass,false,0.6355373859405518,0.46875,0.711086630821228,43
sparse_head,10,23,both,mass,false,0.6847137212753296,0.546875,0.7440367937088013,43
sparse_head,11,0,both,mass,false,0.7270965576171875,0.59375,0.7849722504615784,47
sparse_head,11,1,both,mass,false,0.7695786952972412,0.640625,0.8139220476150513,47
sparse_head,11,2,both,mass,false,0.6366115808486938,0.484375,0.6977270245552063,47
sparse_head,11,3,both,mass,false,0.7780774831771851,0.671875,0.8151504993438721,47
sparse_head,11,4,both,mass,false,0.6532676815986633,0.46875,0.7168915271759033,47
sparse_head,11,5,both,mass,false,0.7589216232299805,0.65625,0.8084801435470581,47
sparse_head,11,6,both,mass,false,0.6799060106277466,0.53125,0.7401771545410156,47
sparse_head,11,7,both,mass,false,0.7838380932807922,0.6875,0.8228455781936646,47
sparse_head,11,8,both,mass,false,0.6219737529754639,0.46875,0.6964641809463501,47
sparse_head,11,9,both,mass,false,0.6861149072647095,0.546875,0.749476969242096,47
sparse_head,11,10,both,mass,false,0.682558536529541,0.53125,0.7340897917747498,47
sparse_head,11,11,both,mass,false,0.6714428067207336,0.53125,0.7376537322998047,47
sparse_head,11,12,both,mass,false,0.4489959478378296,0.1875,0.5731871128082275,47
sparse_head,11,13,both,mass,false,0.421512633562088,0.140625,0.544812023639679,47
sparse_head,11,14,both,mass,false,0.5782350301742554,0.390625,0.6628758311271667,47
sparse_head,11,15,both,mass,false,0.4161708652973175,0.15625,0.5218899846076965,47
sparse_head,11,16,both,mass,false,0.7348958253860474,0.609375,0.7911855578422546,47
sparse_head,11,17,both,mass,false,0.4580814838409424,0.203125,0.5589570999145508,47
sparse_head,11,18,both,mass,false,0.44326093792915344,0.203125,0.5485299229621887,47
sparse_head,11,19,both,mass,false,0.22694426774978638,0.015625,0.3428521454334259,47
sparse_head,11,20,both,mass,false,0.5515750050544739,0.328125,0.6435500383377075,47
sparse_head,11,21,both,mass,false,0.6010782122612,0.40625,0.6894527673721313,47
sparse_head,11,22,both,mass,false,0.3105716109275818,0.078125,0.4190760552883148,47
sparse_head,11,23,both,mass,false,0.5571790933609009,0.359375,0.6506788730621338,47
sparse_head_top16_cv,-1,-1,both,mass,false,0.8532256484031677,0.765625,0.8813874125480652,-1
sparse_head_top16_cv_gated,-1,-1,both,mass,false,0.8454706072807312,0.75,0.8756206631660461,-1
sparse_head_all_mean,-1,-1,both,mass,false,0.7318305969238281,0.59375,0.78934645652771,-1
sparse_head,0,0,both,mass,true,0.09192542731761932,0.015625,0.11151919513940811,3
sparse_head,0,1,both,mass,true,0.09035920351743698,0.015625,0.10376190394163132,3
sparse_head,0,2,both,mass,true,0.0700630396604538,0.0,0.05111110210418701,3
sparse_head,0,3,both,mass,true,0.07059595733880997,0.0,0.07784559577703476,3
sparse_head,0,4,both,mass,true,0.09566707164049149,0.03125,0.0910600870847702,3
sparse_head,0,5,both,mass,true,0.11145538091659546,0.0625,0.11085078865289688,3
sparse_head,0,6,both,mass,true,0.12536559998989105,0.0625,0.1419679969549179,3
sparse_head,0,7,both,mass,true,0.04985495284199715,0.0,0.033538103103637695,3
sparse_head,0,8,both,mass,true,0.08561510592699051,0.015625,0.08775852620601654,3
sparse_head,0,9,both,mass,true,0.09644632786512375,0.03125,0.09650865197181702,3
sparse_head,0,10,both,mass,true,0.07064667344093323,0.015625,0.06467629969120026,3
sparse_head,0,11,both,mass,true,0.052760347723960876,0.0,0.03322885185480118,3
sparse_head,0,12,both,mass,true,0.07057631760835648,0.0,0.07982637733221054,3
sparse_head,0,13,both,mass,true,0.05774279683828354,0.0,0.052047692239284515,3
sparse_head,0,14,both,mass,true,0.06632125377655029,0.0,0.07553286850452423,3
sparse_head,0,15,both,mass,true,0.08558745682239532,0.015625,0.08585996925830841,3
sparse_head,0,16,both,mass,true,0.04097682982683182,0.0,0.032787833362817764,3
sparse_head,0,17,both,mass,true,0.06781750917434692,0.0,0.08144204318523407,3
sparse_head,0,18,both,mass,true,0.04392837733030319,0.0,0.0351741686463356,3
sparse_head,0,19,both,mass,true,0.08179143816232681,0.0,0.08265066146850586,3
sparse_head,0,20,both,mass,true,0.05370628461241722,0.015625,0.04570312425494194,3
sparse_head,0,21,both,mass,true,0.11131630837917328,0.015625,0.12880271673202515,3
sparse_head,0,22,both,mass,true,0.061009731143713,0.03125,0.047704294323921204,3
sparse_head,0,23,both,mass,true,0.09379714727401733,0.03125,0.08691185712814331,3
sparse_head,1,0,both,mass,true,0.10012782365083694,0.03125,0.11302541196346283,7
sparse_head,1,1,both,mass,true,0.10299896448850632,0.015625,0.13001948595046997,7
sparse_head,1,2,both,mass,true,0.05966152623295784,0.015625,0.06334752589464188,7
sparse_head,1,3,both,mass,true,0.134139284491539,0.046875,0.1552072912454605,7
sparse_head,1,4,both,mass,true,0.10342982411384583,0.0625,0.09437830746173859,7
sparse_head,1,5,both,mass,true,0.1179363876581192,0.0625,0.1266946792602539,7
sparse_head,1,6,both,mass,true,0.13232925534248352,0.046875,0.15463706851005554,7
sparse_head,1,7,both,mass,true,0.06036953628063202,0.03125,0.044023893773555756,7
sparse_head,1,8,both,mass,true,0.1307031512260437,0.0625,0.13908526301383972,7
sparse_head,1,9,both,mass,true,0.17341381311416626,0.078125,0.21589717268943787,7
sparse_head,1,10,both,mass,true,0.10941392928361893,0.046875,0.12321548908948898,7
sparse_head,1,11,both,mass,true,0.15318095684051514,0.03125,0.19571711122989655,7
sparse_head,1,12,both,mass,true,0.13713929057121277,0.015625,0.18800391256809235,7
sparse_head,1,13,both,mass,true,0.17371046543121338,0.0625,0.2272905558347702,7
sparse_head,1,14,both,mass,true,0.1573711782693863,0.046875,0.19985230267047882,7
sparse_head,1,15,both,mass,true,0.1547996699810028,0.0625,0.1867467612028122,7
sparse_head,1,16,both,mass,true,0.10700790584087372,0.03125,0.12305323779582977,7
sparse_head,1,17,both,mass,true,0.16475209593772888,0.078125,0.18170133233070374,7
sparse_head,1,18,both,mass,true,0.1050271987915039,0.0,0.1345980018377304,7
sparse_head,1,19,both,mass,true,0.22609961032867432,0.125,0.2530936598777771,7
sparse_head,1,20,both,mass,true,0.24078243970870972,0.109375,0.30543917417526245,7
sparse_head,1,21,both,mass,true,0.176596999168396,0.078125,0.20939543843269348,7
sparse_head,1,22,both,mass,true,0.13606683909893036,0.0625,0.15669551491737366,7
sparse_head,1,23,both,mass,true,0.13401222229003906,0.046875,0.1462797373533249,7
sparse_head,2,0,both,mass,true,0.33077767491340637,0.1875,0.40392938256263733,11
sparse_head,2,1,both,mass,true,0.2679857611656189,0.109375,0.3365943431854248,11
sparse_head,2,2,both,mass,true,0.31596991419792175,0.171875,0.36179032921791077,11
sparse_head,2,3,both,mass,true,0.3749558627605438,0.21875,0.4374733567237854,11
sparse_head,2,4,both,mass,true,0.23910315334796906,0.09375,0.31756511330604553,11
sparse_head,2,5,both,mass,true,0.36890333890914917,0.234375,0.4087863266468048,11
sparse_head,2,6,both,mass,true,0.24371802806854248,0.125,0.3038022518157959,11
sparse_head,2,7,both,mass,true,0.35950058698654175,0.234375,0.4311063885688782,11
sparse_head,2,8,both,mass,true,0.21652604639530182,0.125,0.24618025124073029,11
sparse_head,2,9,both,mass,true,0.18533650040626526,0.078125,0.221356600522995,11
sparse_head,2,10,both,mass,true,0.16044628620147705,0.046875,0.2028065323829651,11
sparse_head,2,11,both,mass,true,0.23845064640045166,0.125,0.29392513632774353,11
sparse_head,2,12,both,mass,true,0.21280387043952942,0.078125,0.2637336254119873,11
sparse_head,2,13,both,mass,true,0.163552388548851,0.046875,0.20487530529499054,11
sparse_head,2,14,both,mass,true,0.1909065991640091,0.09375,0.23702958226203918,11
sparse_head,2,15,both,mass,true,0.22806915640830994,0.078125,0.269508421421051,11
sparse_head,2,16,both,mass,true,0.300495445728302,0.140625,0.3749224841594696,11
sparse_head,2,17,both,mass,true,0.1390349566936493,0.03125,0.18198445439338684,11
sparse_head,2,18,both,mass,true,0.2933787703514099,0.15625,0.34521543979644775,11
sparse_head,2,19,both,mass,true,0.2883824110031128,0.171875,0.3310968279838562,11
sparse_head,2,20,both,mass,true,0.22804081439971924,0.046875,0.2901792526245117,11
sparse_head,2,21,both,mass,true,0.12910068035125732,0.03125,0.14555443823337555,11
sparse_head,2,22,both,mass,true,0.19968682527542114,0.078125,0.24566586315631866,11
sparse_head,2,23,both,mass,true,0.27689439058303833,0.125,0.34724465012550354,11
sparse_head,3,0,both,mass,true,0.4275438189506531,0.265625,0.4896318018436432,15
sparse_head,3,1,both,mass,true,0.44715213775634766,0.3125,0.4973640441894531,15
sparse_head,3,2,both,mass,true,0.4804432988166809,0.3125,0.5479097962379456,15
sparse_head,3,3,both,mass,true,0.5897810459136963,0.5,0.6306233406066895,15
sparse_head,3,4,both,mass,true,0.3584918677806854,0.265625,0.3991284966468811,15
sparse_head,3,5,both,mass,true,0.4460832178592682,0.3125,0.5092578530311584,15
sparse_head,3,6,both,mass,true,0.47380760312080383,0.34375,0.5310279130935669,15
sparse_head,3,7,both,mass,true,0.5252512693405151,0.40625,0.5901057720184326,15
sparse_head,3,8,both,mass,true,0.31984943151474,0.21875,0.35783013701438904,15
sparse_head,3,9,both,mass,true,0.5016593933105469,0.40625,0.5242822170257568,15
sparse_head,3,10,both,mass,true,0.4931064546108246,0.34375,0.5540778636932373,15
sparse_head,3,11,both,mass,true,0.5581733584403992,0.453125,0.5857000946998596,15
sparse_head,3,12,both,mass,true,0.49775049090385437,0.359375,0.5482243895530701,15
sparse_head,3,13,both,mass,true,0.5143752098083496,0.390625,0.5645565986633301,15
sparse_head,3,14,both,mass,true,0.42681798338890076,0.265625,0.4952721893787384,15
sparse_head,3,15,both,mass,true,0.5304808616638184,0.40625,0.5944292545318604,15
sparse_head,3,16,both,mass,true,0.5458604693412781,0.421875,0.5875048637390137,15
sparse_head,3,17,both,mass,true,0.4235568046569824,0.28125,0.49745211005210876,15
sparse_head,3,18,both,mass,true,0.4686056971549988,0.328125,0.5336998105049133,15
sparse_head,3,19,both,mass,true,0.28917986154556274,0.171875,0.3407253623008728,15
sparse_head,3,20,both,mass,true,0.48913177847862244,0.375,0.5330629348754883,15
sparse_head,3,21,both,mass,true,0.43391016125679016,0.234375,0.5141910910606384,15
sparse_head,3,22,both,mass,true,0.3292168974876404,0.171875,0.4094572365283966,15
sparse_head,3,23,both,mass,true,0.4366154670715332,0.265625,0.4945581555366516,15
sparse_head,4,0,both,mass,true,0.3877876102924347,0.25,0.4587233066558838,19
sparse_head,4,1,both,mass,true,0.5738788843154907,0.453125,0.6211279630661011,19
sparse_head,4,2,both,mass,true,0.5949698686599731,0.4375,0.6534038186073303,19
sparse_head,4,3,both,mass,true,0.3618205785751343,0.25,0.41083475947380066,19
sparse_head,4,4,both,mass,true,0.5314115881919861,0.421875,0.5780853629112244,19
sparse_head,4,5,both,mass,true,0.4689459204673767,0.34375,0.5106813907623291,19
sparse_head,4,6,both,mass,true,0.6281309127807617,0.515625,0.6783910989761353,19
sparse_head,4,7,both,mass,true,0.5952393412590027,0.46875,0.6409183144569397,19
sparse_head,4,8,both,mass,true,0.39819082617759705,0.234375,0.4608484208583832,19
sparse_head,4,9,both,mass,true,0.3043133616447449,0.140625,0.38024842739105225,19
sparse_head,4,10,both,mass,true,0.5859616994857788,0.46875,0.6271603107452393,19
sparse_head,4,11,both,mass,true,0.5373559594154358,0.390625,0.5920220613479614,19
sparse_head,4,12,both,mass,true,0.5883935689926147,0.484375,0.6269819736480713,19
sparse_head,4,13,both,mass,true,0.6782004237174988,0.5625,0.7165396213531494,19
sparse_head,4,14,both,mass,true,0.5407449007034302,0.40625,0.5866199135780334,19
sparse_head,4,15,both,mass,true,0.632236659526825,0.5,0.6762325763702393,19
sparse_head,4,16,both,mass,true,0.5300107598304749,0.34375,0.5919320583343506,19
sparse_head,4,17,both,mass,true,0.578343391418457,0.421875,0.6279093623161316,19
sparse_head,4,18,both,mass,true,0.43095797300338745,0.296875,0.48764705657958984,19
sparse_head,4,19,both,mass,true,0.43127891421318054,0.28125,0.4893832206726074,19
sparse_head,4,20,both,mass,true,0.5798376798629761,0.453125,0.6335168480873108,19
sparse_head,4,21,both,mass,true,0.6218787431716919,0.5,0.6631930470466614,19
sparse_head,4,22,both,mass,true,0.43426433205604553,0.34375,0.46715524792671204,19
sparse_head,4,23,both,mass,true,0.5597068071365356,0.4375,0.5969253182411194,19
sparse_head,5,0,both,mass,true,0.37448304891586304,0.25,0.4167207181453705,23
sparse_head,5,1,both,mass,true,0.5131480097770691,0.390625,0.565535843372345,23
sparse_head,5,2,both,mass,true,0.5339881181716919,0.390625,0.5891032218933105,23
sparse_head,5,3,both,mass,true,0.4915895164012909,0.359375,0.5443556308746338,23
sparse_head,5,4,both,mass,true,0.505368173122406,0.375,0.5490981340408325,23
sparse_head,5,5,both,mass,true,0.48944294452667236,0.375,0.5360009670257568,23
sparse_head,5,6,both,mass,true,0.4018455445766449,0.28125,0.4505835473537445,23
sparse_head,5,7,both,mass,true,0.4827655553817749,0.328125,0.5501742362976074,23
sparse_head,5,8,both,mass,true,0.5707837343215942,0.453125,0.6220549941062927,23
sparse_head,5,9,both,mass,true,0.5503093004226685,0.4375,0.5948599576950073,23
sparse_head,5,10,both,mass,true,0.49571287631988525,0.34375,0.5474965572357178,23
sparse_head,5,11,both,mass,true,0.5633021593093872,0.421875,0.617304265499115,23
sparse_head,5,12,both,mass,true,0.42429041862487793,0.328125,0.44969868659973145,23
sparse_head,5,13,both,mass,true,0.2549915909767151,0.171875,0.2809380888938904,23
sparse_head,5,14,both,mass,true,0.3877300024032593,0.265625,0.4311444163322449,23
sparse_head,5,15,both,mass,true,0.4987415671348572,0.375,0.5523592233657837,23
sparse_head,5,16,both,mass,true,0.36676084995269775,0.21875,0.41732093691825867,23
sparse_head,5,17,both,mass,true,0.37097713351249695,0.25,0.42025938630104065,23
sparse_head,5,18,both,mass,true,0.5089335441589355,0.375,0.5716201663017273,23
sparse_head,5,19,both,mass,true,0.5061598420143127,0.359375,0.560637891292572,23
sparse_head,5,20,both,mass,true,0.3722584843635559,0.296875,0.39884451031684875,23
sparse_head,5,21,both,mass,true,0.5075295567512512,0.390625,0.5463843941688538,23
sparse_head,5,22,both,mass,true,0.5705748796463013,0.453125,0.6117935180664062,23
sparse_head,5,23,both,mass,true,0.2294001281261444,0.140625,0.25052642822265625,23
sparse_head,6,0,both,mass,true,0.6447502374649048,0.546875,0.6901289820671082,27
sparse_head,6,1,both,mass,true,0.5600927472114563,0.4375,0.5978883504867554,27
sparse_head,6,2,both,mass,true,0.6245049238204956,0.515625,0.669314980506897,27
sparse_head,6,3,both,mass,true,0.5974459648132324,0.5,0.637482762336731,27
sparse_head,6,4,both,mass,true,0.5680844187736511,0.4375,0.6175060868263245,27
sparse_head,6,5,both,mass,true,0.4728740453720093,0.359375,0.5245500802993774,27
sparse_head,6,6,both,mass,true,0.5269924402236938,0.390625,0.5854109525680542,27
sparse_head,6,7,both,mass,true,0.5841338634490967,0.421875,0.6595987677574158,27
sparse_head,6,8,both,mass,true,0.43173277378082275,0.328125,0.4804939031600952,27
sparse_head,6,9,both,mass,true,0.4951325058937073,0.359375,0.5470868349075317,27
sparse_head,6,10,both,mass,true,0.5480778217315674,0.40625,0.5943721532821655,27
sparse_head,6,11,both,mass,true,0.5200852751731873,0.359375,0.5782272219657898,27
sparse_head,6,12,both,mass,true,0.5664349794387817,0.4375,0.6189152598381042,27
sparse_head,6,13,both,mass,true,0.5734934210777283,0.421875,0.6469457745552063,27
sparse_head,6,14,both,mass,true,0.42843538522720337,0.359375,0.4622533917427063,27
sparse_head,6,15,both,mass,true,0.4737771451473236,0.34375,0.5304021835327148,27
sparse_head,6,16,both,mass,true,0.5133562684059143,0.375,0.5729684233665466,27
sparse_head,6,17,both,mass,true,0.38560765981674194,0.234375,0.4685212969779968,27
sparse_head,6,18,both,mass,true,0.5153706669807434,0.390625,0.564167857170105,27
sparse_head,6,19,both,mass,true,0.5779405236244202,0.453125,0.6278259754180908,27
sparse_head,6,20,both,mass,true,0.5267261266708374,0.40625,0.5725435614585876,27
sparse_head,6,21,both,mass,true,0.32272303104400635,0.203125,0.38282090425491333,27
sparse_head,6,22,both,mass,true,0.4772014915943146,0.3125,0.5593593120574951,27
sparse_head,6,23,both,mass,true,0.5672717690467834,0.453125,0.6120863556861877,27
sparse_head,7,0,both,mass,true,0.571221113204956,0.4375,0.6287723779678345,31
sparse_head,7,1,both,mass,true,0.6061358451843262,0.5,0.6414507627487183,31
sparse_head,7,2,both,mass,true,0.6230882406234741,0.53125,0.6566586494445801,31
sparse_head,7,3,both,mass,true,0.5814528465270996,0.46875,0.6179190874099731,31
sparse_head,7,4,both,mass,true,0.5200713872909546,0.421875,0.5549256801605225,31
sparse_head,7,5,both,mass,true,0.625332772731781,0.53125,0.6589819192886353,31
sparse_head,7,6,both,mass,true,0.6062257289886475,0.484375,0.6644464731216431,31
sparse_head,7,7,both,mass,true,0.612176239490509,0.5,0.6526177525520325,31
sparse_head,7,8,both,mass,true,0.4490070641040802,0.296875,0.5123128294944763,31
sparse_head,7,9,both,mass,true,0.5764049291610718,0.453125,0.6216972470283508,31
sparse_head,7,10,both,mass,true,0.5840277671813965,0.46875,0.6418065428733826,31
sparse_head,7,11,both,mass,true,0.5664041042327881,0.40625,0.621430516242981,31
sparse_head,7,12,both,mass,true,0.6516308188438416,0.53125,0.7004028558731079,31
sparse_head,7,13,both,mass,true,0.5899198651313782,0.484375,0.6356701850891113,31
sparse_head,7,14,both,mass,true,0.6206290125846863,0.5,0.6726242899894714,31
sparse_head,7,15,both,mass,true,0.5661613345146179,0.453125,0.6149625778198242,31
sparse_head,7,16,both,mass,true,0.6010576486587524,0.5,0.6444809436798096,31
sparse_head,7,17,both,mass,true,0.5642567276954651,0.421875,0.6214137077331543,31
sparse_head,7,18,both,mass,true,0.5808216333389282,0.484375,0.6212010979652405,31
sparse_head,7,19,both,mass,true,0.4747270345687866,0.359375,0.521934449672699,31
sparse_head,7,20,both,mass,true,0.5750056505203247,0.46875,0.6204763650894165,31
sparse_head,7,21,both,mass,true,0.6319349408149719,0.46875,0.6965838670730591,31
sparse_head,7,22,both,mass,true,0.5699004530906677,0.46875,0.6215685606002808,31
sparse_head,7,23,both,mass,true,0.6384667158126831,0.53125,0.6772093176841736,31
sparse_head,8,0,both,mass,true,0.3289455473423004,0.203125,0.3837800621986389,35
sparse_head,8,1,both,mass,true,0.48607394099235535,0.390625,0.5182698965072632,35
sparse_head,8,2,both,mass,true,0.6446143388748169,0.5625,0.6769518256187439,35
sparse_head,8,3,both,mass,true,0.4559609591960907,0.328125,0.5020723938941956,35
sparse_head,8,4,both,mass,true,0.570918083190918,0.4375,0.6135059595108032,35
sparse_head,8,5,both,mass,true,0.5058612823486328,0.40625,0.5380269885063171,35
sparse_head,8,6,both,mass,true,0.5989038348197937,0.46875,0.6333659291267395,35
sparse_head,8,7,both,mass,true,0.5902637839317322,0.46875,0.6298567652702332,35
sparse_head,8,8,both,mass,true,0.4886016845703125,0.359375,0.5314168930053711,35
sparse_head,8,9,both,mass,true,0.4504871666431427,0.3125,0.5236151218414307,35
sparse_head,8,10,both,mass,true,0.6726006865501404,0.578125,0.705148458480835,35
sparse_head,8,11,both,mass,true,0.5216933488845825,0.40625,0.5603218674659729,35
sparse_head,8,12,both,mass,true,0.601028561592102,0.484375,0.6370981931686401,35
sparse_head,8,13,both,mass,true,0.6236172914505005,0.5,0.6710696816444397,35
sparse_head,8,14,both,mass,true,0.6428693532943726,0.515625,0.6930357217788696,35
sparse_head,8,15,both,mass,true,0.6238135099411011,0.515625,0.6746373176574707,35
sparse_head,8,16,both,mass,true,0.6295814514160156,0.515625,0.6778785586357117,35
sparse_head,8,17,both,mass,true,0.6011527180671692,0.46875,0.653045117855072,35
sparse_head,8,18,both,mass,true,0.6246888637542725,0.484375,0.6897566914558411,35
sparse_head,8,19,both,mass,true,0.4535246193408966,0.328125,0.4929032027721405,35
sparse_head,8,20,both,mass,true,0.6412575244903564,0.5,0.6935857534408569,35
sparse_head,8,21,both,mass,true,0.6894299983978271,0.59375,0.727515459060669,35
sparse_head,8,22,both,mass,true,0.5115984678268433,0.359375,0.5791393518447876,35
sparse_head,8,23,both,mass,true,0.5807933211326599,0.484375,0.6138611435890198,35
sparse_head,9,0,both,mass,true,0.5571599006652832,0.46875,0.5797820091247559,39
sparse_head,9,1,both,mass,true,0.43265819549560547,0.328125,0.47304922342300415,39
sparse_head,9,2,both,mass,true,0.4903019666671753,0.375,0.5166498422622681,39
sparse_head,9,3,both,mass,true,0.4606188237667084,0.328125,0.5178598165512085,39
sparse_head,9,4,both,mass,true,0.48343154788017273,0.375,0.5144495964050293,39
sparse_head,9,5,both,mass,true,0.5050977468490601,0.375,0.5564194321632385,39
sparse_head,9,6,both,mass,true,0.5054532289505005,0.390625,0.5476925373077393,39
sparse_head,9,7,both,mass,true,0.45522254705429077,0.34375,0.4897114038467407,39
sparse_head,9,8,both,mass,true,0.5408740639686584,0.4375,0.5740943551063538,39
sparse_head,9,9,both,mass,true,0.465789258480072,0.375,0.4903157651424408,39
sparse_head,9,10,both,mass,true,0.5420737862586975,0.4375,0.5840721130371094,39
sparse_head,9,11,both,mass,true,0.44669654965400696,0.34375,0.46676647663116455,39
sparse_head,9,12,both,mass,true,0.3414410352706909,0.25,0.366741806268692,39
sparse_head,9,13,both,mass,true,0.47761762142181396,0.359375,0.507269561290741,39
sparse_head,9,14,both,mass,true,0.24215516448020935,0.140625,0.27537310123443604,39
sparse_head,9,15,both,mass,true,0.45912298560142517,0.359375,0.48570549488067627,39
sparse_head,9,16,both,mass,true,0.4037361741065979,0.28125,0.44662776589393616,39
sparse_head,9,17,both,mass,true,0.3025325834751129,0.203125,0.34375521540641785,39
sparse_head,9,18,both,mass,true,0.46103519201278687,0.375,0.48098230361938477,39
sparse_head,9,19,both,mass,true,0.5100135207176208,0.40625,0.5399736166000366,39
sparse_head,9,20,both,mass,true,0.45327815413475037,0.34375,0.49434733390808105,39
sparse_head,9,21,both,mass,true,0.4551156163215637,0.390625,0.46227070689201355,39
sparse_head,9,22,both,mass,true,0.4009734094142914,0.265625,0.4396052360534668,39
sparse_head,9,23,both,mass,true,0.26901426911354065,0.171875,0.30093055963516235,39
sparse_head,10,0,both,mass,true,0.35472720861434937,0.25,0.39317581057548523,43
sparse_head,10,1,both,mass,true,0.3848211169242859,0.28125,0.408364862203598,43
sparse_head,10,2,both,mass,true,0.38899534940719604,0.296875,0.41530516743659973,43
sparse_head,10,3,both,mass,true,0.4678419232368469,0.359375,0.5040273666381836,43
sparse_head,10,4,both,mass,true,0.37136292457580566,0.296875,0.3974752426147461,43
sparse_head,10,5,both,mass,true,0.33921292424201965,0.21875,0.3834766447544098,43
sparse_head,10,6,both,mass,true,0.2788989543914795,0.203125,0.29757577180862427,43
sparse_head,10,7,both,mass,true,0.3663893938064575,0.25,0.39156946539878845,43
sparse_head,10,8,both,mass,true,0.2664474844932556,0.203125,0.2812730073928833,43
sparse_head,10,9,both,mass,true,0.38386988639831543,0.28125,0.4078514277935028,43
sparse_head,10,10,both,mass,true,0.36547625064849854,0.265625,0.39368656277656555,43
sparse_head,10,11,both,mass,true,0.36119407415390015,0.28125,0.3859768211841583,43
sparse_head,10,12,both,mass,true,0.4958091080188751,0.390625,0.5360248684883118,43
sparse_head,10,13,both,mass,true,0.4542517364025116,0.34375,0.4921486973762512,43
sparse_head,10,14,both,mass,true,0.44886910915374756,0.359375,0.47120344638824463,43
sparse_head,10,15,both,mass,true,0.4988228678703308,0.40625,0.5227453708648682,43
sparse_head,10,16,both,mass,true,0.4408200681209564,0.359375,0.46002259850502014,43
sparse_head,10,17,both,mass,true,0.47327926754951477,0.390625,0.5014567971229553,43
sparse_head,10,18,both,mass,true,0.46413010358810425,0.375,0.4882223606109619,43
sparse_head,10,19,both,mass,true,0.3896788954734802,0.265625,0.42154157161712646,43
sparse_head,10,20,both,mass,true,0.4430864453315735,0.34375,0.4820016324520111,43
sparse_head,10,21,both,mass,true,0.4055345058441162,0.3125,0.43673795461654663,43
sparse_head,10,22,both,mass,true,0.392248272895813,0.28125,0.4370061755180359,43
sparse_head,10,23,both,mass,true,0.4096699655056,0.3125,0.43728992342948914,43
sparse_head,11,0,both,mass,true,0.3914039134979248,0.28125,0.43274569511413574,47
sparse_head,11,1,both,mass,true,0.22479911148548126,0.15625,0.23581868410110474,47
sparse_head,11,2,both,mass,true,0.43466103076934814,0.328125,0.4770914912223816,47
sparse_head,11,3,both,mass,true,0.3455349802970886,0.265625,0.36442649364471436,47
sparse_head,11,4,both,mass,true,0.2852230668067932,0.203125,0.31318506598472595,47
sparse_head,11,5,both,mass,true,0.4282873272895813,0.359375,0.44491004943847656,47
sparse_head,11,6,both,mass,true,0.4270174205303192,0.28125,0.47942572832107544,47
sparse_head,11,7,both,mass,true,0.3101092576980591,0.234375,0.3274446725845337,47
sparse_head,11,8,both,mass,true,0.347185879945755,0.203125,0.4078522324562073,47
sparse_head,11,9,both,mass,true,0.24672798812389374,0.15625,0.2759556174278259,47
sparse_head,11,10,both,mass,true,0.33347466588020325,0.25,0.35618746280670166,47
sparse_head,11,11,both,mass,true,0.28422990441322327,0.203125,0.3039988875389099,47
sparse_head,11,12,both,mass,true,0.29777923226356506,0.15625,0.34191277623176575,47
sparse_head,11,13,both,mass,true,0.3888327181339264,0.234375,0.43798062205314636,47
sparse_head,11,14,both,mass,true,0.27486974000930786,0.15625,0.31897276639938354,47
sparse_head,11,15,both,mass,true,0.4251769781112671,0.265625,0.473929226398468,47
sparse_head,11,16,both,mass,true,0.2629164755344391,0.1875,0.2723180055618286,47
sparse_head,11,17,both,mass,true,0.38757672905921936,0.265625,0.43868258595466614,47
sparse_head,11,18,both,mass,true,0.2210676074028015,0.125,0.2459625005722046,47
sparse_head,11,19,both,mass,true,0.27585089206695557,0.046875,0.38039103150367737,47
sparse_head,11,20,both,mass,true,0.3820452094078064,0.28125,0.42444124817848206,47
sparse_head,11,21,both,mass,true,0.3145199418067932,0.1875,0.3610174059867859,47
sparse_head,11,22,both,mass,true,0.2880111634731293,0.203125,0.31995677947998047,47
sparse_head,11,23,both,mass,true,0.37342432141304016,0.234375,0.4246901273727417,47
sparse_head_top16_cv,-1,-1,both,mass,true,0.6201317310333252,0.5,0.6750060319900513,-1
sparse_head_top16_cv_gated,-1,-1,both,mass,true,0.6172467470169067,0.484375,0.6736332774162292,-1
sparse_head_all_mean,-1,-1,both,mass,true,0.5276655554771423,0.40625,0.5803170800209045,-1
random,-1,-1,-,-,false,0.07412329537040264,0.015625,0.0709931146576304,-1
