family,layer,head,rows,variant,calibrated,mrr,r_at_1,ndcg_at_10,model_layer
indexer,0,-1,question,mass,false,0.2119513303041458,0.0520833320915699,0.28730008006095886,3
indexer,0,-1,question,mass,true,0.26655709743499756,0.1041666641831398,0.3657713830471039,3
indexer,0,-1,question,mass_rope,false,0.20770065486431122,0.0625,0.276294082403183,3
indexer,0,-1,question,mass_rope,true,0.21717244386672974,0.0520833320915699,0.3106893301010132,3
indexer,0,-1,question,mass_nope,false,0.2132745236158371,0.0625,0.2912816107273102,3
indexer,0,-1,question,mass_nope,true,0.23410730063915253,0.0416666679084301,0.3537924289703369,3
indexer,0,-1,question,mass_paper,false,0.3076305091381073,0.125,0.4222090244293213,3
indexer,0,-1,question,mass_paper,true,0.3166676461696625,0.1354166716337204,0.4352806806564331,3
indexer,0,-1,question,mass_rope_paper,false,0.183677077293396,0.0625,0.24934406578540802,3
indexer,0,-1,question,mass_rope_paper,true,0.17469732463359833,0.03125,0.2549823820590973,3
indexer,0,-1,question,mass_nope_paper,false,0.25881072878837585,0.0833333358168602,0.3663575351238251,3
indexer,0,-1,question,mass_nope_paper,true,0.26800093054771423,0.0833333358168602,0.3835236728191376,3
indexer,0,-1,question,mean_score,false,0.20175057649612427,0.0625,0.24401623010635376,3
indexer,0,-1,question,mean_score,true,0.28572991490364075,0.1145833358168602,0.3912300765514374,3
indexer,0,-1,question,max_score,false,0.22979462146759033,0.0625,0.31448790431022644,3
indexer,0,-1,question,max_score,true,0.29412132501602173,0.1354166716337204,0.395437628030777,3
native_selection,0,-1,question,top512_share,false,0.19550807774066925,0.0625,0.23960310220718384,3
indexer,0,-1,answer,mass,false,0.42557212710380554,0.25,0.5120442509651184,3
indexer,0,-1,answer,mass,true,0.40525975823402405,0.2291666716337204,0.4712730646133423,3
indexer,0,-1,answer,mass_rope,false,0.22803330421447754,0.0625,0.31233176589012146,3
indexer,0,-1,answer,mass_rope,true,0.2646380364894867,0.1145833358168602,0.34705743193626404,3
indexer,0,-1,answer,mass_nope,false,0.3154313862323761,0.125,0.4149971008300781,3
indexer,0,-1,answer,mass_nope,true,0.44641080498695374,0.28125,0.5198233723640442,3
indexer,0,-1,answer,mass_paper,false,0.5946295261383057,0.4583333432674408,0.6684179902076721,3
indexer,0,-1,answer,mass_paper,true,0.43243542313575745,0.3333333432674408,0.4549364149570465,3
indexer,0,-1,answer,mass_rope_paper,false,0.23296743631362915,0.0625,0.31621888279914856,3
indexer,0,-1,answer,mass_rope_paper,true,0.16976535320281982,0.03125,0.23121054470539093,3
indexer,0,-1,answer,mass_nope_paper,false,0.481571227312088,0.3333333432674408,0.5600481629371643,3
indexer,0,-1,answer,mass_nope_paper,true,0.40306878089904785,0.2604166567325592,0.4560161530971527,3
indexer,0,-1,answer,mean_score,false,0.26879191398620605,0.1041666641831398,0.3474322259426117,3
indexer,0,-1,answer,mean_score,true,0.3525913655757904,0.1770833283662796,0.4486974775791168,3
indexer,0,-1,answer,max_score,false,0.4338740110397339,0.21875,0.531830906867981,3
indexer,0,-1,answer,max_score,true,0.35652852058410645,0.15625,0.4618513286113739,3
native_selection,0,-1,answer,top512_share,false,0.22247155010700226,0.0833333358168602,0.2803387939929962,3
indexer,0,-1,both,mass,false,0.26059025526046753,0.0625,0.3737037479877472,3
indexer,0,-1,both,mass,true,0.2249150276184082,0.09375,0.287162184715271,3
indexer,0,-1,both,mass_rope,false,0.2133750468492508,0.0625,0.2813251316547394,3
indexer,0,-1,both,mass_rope,true,0.22329610586166382,0.0729166641831398,0.2989778220653534,3
indexer,0,-1,both,mass_nope,false,0.23734664916992188,0.0625,0.34272301197052,3
indexer,0,-1,both,mass_nope,true,0.17817585170269012,0.03125,0.24532578885555267,3
indexer,0,-1,both,mass_paper,false,0.46795299649238586,0.2604166567325592,0.5794956088066101,3
indexer,0,-1,both,mass_paper,true,0.34475937485694885,0.1770833283662796,0.41367897391319275,3
indexer,0,-1,both,mass_rope_paper,false,0.18488545715808868,0.0625,0.25901564955711365,3
indexer,0,-1,both,mass_rope_paper,true,0.15429259836673737,0.02083333395421505,0.2241440862417221,3
indexer,0,-1,both,mass_nope_paper,false,0.4165463447570801,0.2395833283662796,0.5218791961669922,3
indexer,0,-1,both,mass_nope_paper,true,0.2974942624568939,0.1458333283662796,0.3770425617694855,3
indexer,0,-1,both,mean_score,false,0.21035586297512054,0.0625,0.2715575397014618,3
indexer,0,-1,both,mean_score,true,0.25676050782203674,0.0833333358168602,0.33609819412231445,3
indexer,0,-1,both,max_score,false,0.2782862186431885,0.0625,0.38982316851615906,3
indexer,0,-1,both,max_score,true,0.21663887798786163,0.0625,0.2887623608112335,3
native_selection,0,-1,both,top512_share,false,0.21148574352264404,0.0833333358168602,0.26316559314727783,3
indexer,1,-1,question,mass,false,0.3983105719089508,0.1979166716337204,0.5179086923599243,7
indexer,1,-1,question,mass,true,0.46179768443107605,0.28125,0.5704322457313538,7
indexer,1,-1,question,mass_rope,false,0.2519080638885498,0.0833333358168602,0.34040603041648865,7
indexer,1,-1,question,mass_rope,true,0.3601492941379547,0.1979166716337204,0.46679386496543884,7
indexer,1,-1,question,mass_nope,false,0.26897382736206055,0.0520833320915699,0.3935908079147339,7
indexer,1,-1,question,mass_nope,true,0.33581218123435974,0.1145833358168602,0.46232759952545166,7
indexer,1,-1,question,mass_paper,false,0.38809847831726074,0.2083333283662796,0.49374398589134216,7
indexer,1,-1,question,mass_paper,true,0.3882346451282501,0.2083333283662796,0.49374398589134216,7
indexer,1,-1,question,mass_rope_paper,false,0.2568078935146332,0.0833333358168602,0.3619864284992218,7
indexer,1,-1,question,mass_rope_paper,true,0.3021024465560913,0.1354166716337204,0.3884383738040924,7
indexer,1,-1,question,mass_nope_paper,false,0.3268590271472931,0.1458333283662796,0.4251333475112915,7
indexer,1,-1,question,mass_nope_paper,true,0.32677456736564636,0.1458333283662796,0.42528367042541504,7
indexer,1,-1,question,mean_score,false,0.28575631976127625,0.09375,0.39601388573646545,7
indexer,1,-1,question,mean_score,true,0.4002772867679596,0.21875,0.5072339177131653,7
indexer,1,-1,question,max_score,false,0.33936551213264465,0.15625,0.4529942274093628,7
indexer,1,-1,question,max_score,true,0.397834450006485,0.2083333283662796,0.5112648606300354,7
native_selection,1,-1,question,top512_share,false,0.2633585035800934,0.1041666641831398,0.34474268555641174,7
indexer,1,-1,answer,mass,false,0.7365140914916992,0.6145833134651184,0.7969809174537659,7
indexer,1,-1,answer,mass,true,0.5066353678703308,0.4166666567325592,0.5208303928375244,7
indexer,1,-1,answer,mass_rope,false,0.25522470474243164,0.0729166641831398,0.37310895323753357,7
indexer,1,-1,answer,mass_rope,true,0.26974186301231384,0.0833333358168602,0.35523366928100586,7
indexer,1,-1,answer,mass_nope,false,0.497246116399765,0.25,0.601302444934845,7
indexer,1,-1,answer,mass_nope,true,0.53554767370224,0.375,0.590205729007721,7
indexer,1,-1,answer,mass_paper,false,0.7732178568840027,0.6666666865348816,0.809548556804657,7
indexer,1,-1,answer,mass_paper,true,0.49493250250816345,0.4375,0.48251697421073914,7
indexer,1,-1,answer,mass_rope_paper,false,0.3179759979248047,0.1458333283662796,0.420830637216568,7
indexer,1,-1,answer,mass_rope_paper,true,0.19985739886760712,0.0520833320915699,0.24661505222320557,7
indexer,1,-1,answer,mass_nope_paper,false,0.7104687094688416,0.5625,0.768721878528595,7
indexer,1,-1,answer,mass_nope_paper,true,0.48210063576698303,0.3854166567325592,0.48886212706565857,7
indexer,1,-1,answer,mean_score,false,0.3850741386413574,0.1875,0.49897143244743347,7
indexer,1,-1,answer,mean_score,true,0.3380695581436157,0.1354166716337204,0.450697660446167,7
indexer,1,-1,answer,max_score,false,0.6985357403755188,0.5625,0.7556772232055664,7
indexer,1,-1,answer,max_score,true,0.4429847300052643,0.2604166567325592,0.5404908657073975,7
native_selection,1,-1,answer,top512_share,false,0.2869625985622406,0.1041666641831398,0.38778504729270935,7
indexer,1,-1,both,mass,false,0.5624880194664001,0.34375,0.6623919010162354,7
indexer,1,-1,both,mass,true,0.30752286314964294,0.1770833283662796,0.3449671268463135,7
indexer,1,-1,both,mass_rope,false,0.25594058632850647,0.0833333358168602,0.35769811272621155,7
indexer,1,-1,both,mass_rope,true,0.3627571761608124,0.21875,0.4524308741092682,7
indexer,1,-1,both,mass_nope,false,0.33661243319511414,0.0833333358168602,0.4722898006439209,7
indexer,1,-1,both,mass_nope,true,0.23777668178081512,0.0729166641831398,0.31083330512046814,7
indexer,1,-1,both,mass_paper,false,0.6585350036621094,0.5104166865348816,0.7228338718414307,7
indexer,1,-1,both,mass_paper,true,0.32482513785362244,0.1979166716337204,0.33955010771751404,7
indexer,1,-1,both,mass_rope_paper,false,0.2794296145439148,0.1145833358168602,0.3824375569820404,7
indexer,1,-1,both,mass_rope_paper,true,0.28355124592781067,0.125,0.3567182123661041,7
indexer,1,-1,both,mass_nope_paper,false,0.5446692109107971,0.375,0.6190178394317627,7
indexer,1,-1,both,mass_nope_paper,true,0.2615201771259308,0.125,0.28627845644950867,7
indexer,1,-1,both,mean_score,false,0.3162270486354828,0.1145833358168602,0.42913177609443665,7
indexer,1,-1,both,mean_score,true,0.35519078373908997,0.1979166716337204,0.4360756576061249,7
indexer,1,-1,both,max_score,false,0.4673817455768585,0.2395833283662796,0.5800573229789734,7
indexer,1,-1,both,max_score,true,0.2501325309276581,0.09375,0.3212655186653137,7
native_selection,1,-1,both,top512_share,false,0.2706051170825958,0.09375,0.34010112285614014,7
indexer,2,-1,question,mass,false,0.41538599133491516,0.2083333283662796,0.5384661555290222,11
indexer,2,-1,question,mass,true,0.6017906069755554,0.40625,0.6861410737037659,11
indexer,2,-1,question,mass_rope,false,0.27601853013038635,0.09375,0.3721665143966675,11
indexer,2,-1,question,mass_rope,true,0.35535600781440735,0.15625,0.46964454650878906,11
indexer,2,-1,question,mass_nope,false,0.40026482939720154,0.15625,0.5186923146247864,11
indexer,2,-1,question,mass_nope,true,0.6050181984901428,0.4270833432674408,0.6881866455078125,11
indexer,2,-1,question,mass_paper,false,0.43579158186912537,0.25,0.5554140210151672,11
indexer,2,-1,question,mass_paper,true,0.5069944262504578,0.3333333432674408,0.5971062183380127,11
indexer,2,-1,question,mass_rope_paper,false,0.24360811710357666,0.0833333358168602,0.33034467697143555,11
indexer,2,-1,question,mass_rope_paper,true,0.29249802231788635,0.125,0.37679624557495117,11
indexer,2,-1,question,mass_nope_paper,false,0.4433204233646393,0.25,0.5374089479446411,11
indexer,2,-1,question,mass_nope_paper,true,0.45937874913215637,0.2708333432674408,0.548042893409729,11
indexer,2,-1,question,mean_score,false,0.3366149663925171,0.125,0.45165523886680603,11
indexer,2,-1,question,mean_score,true,0.5503352284431458,0.3541666567325592,0.6429508328437805,11
indexer,2,-1,question,max_score,false,0.3850482702255249,0.1979166716337204,0.5072001218795776,11
indexer,2,-1,question,max_score,true,0.4897231161594391,0.3125,0.5800080299377441,11
native_selection,2,-1,question,top512_share,false,0.28859609365463257,0.1041666641831398,0.37217986583709717,11
indexer,2,-1,answer,mass,false,0.7805366516113281,0.6666666865348816,0.8251965045928955,11
indexer,2,-1,answer,mass,true,0.6435791850090027,0.53125,0.6723024249076843,11
indexer,2,-1,answer,mass_rope,false,0.38877204060554504,0.1979166716337204,0.4905073344707489,11
indexer,2,-1,answer,mass_rope,true,0.3684462010860443,0.1875,0.46148085594177246,11
indexer,2,-1,answer,mass_nope,false,0.7207210659980774,0.5729166865348816,0.7799385190010071,11
indexer,2,-1,answer,mass_nope,true,0.4858419597148895,0.3645833432674408,0.5174659490585327,11
indexer,2,-1,answer,mass_paper,false,0.7972593307495117,0.7083333134651184,0.834536075592041,11
indexer,2,-1,answer,mass_paper,true,0.5047943592071533,0.4479166567325592,0.49702489376068115,11
indexer,2,-1,answer,mass_rope_paper,false,0.4119139611721039,0.2291666716337204,0.5018180012702942,11
indexer,2,-1,answer,mass_rope_paper,true,0.25835520029067993,0.15625,0.27381664514541626,11
indexer,2,-1,answer,mass_nope_paper,false,0.7503517270088196,0.6458333134651184,0.7956180572509766,11
indexer,2,-1,answer,mass_nope_paper,true,0.26423972845077515,0.1875,0.23230059444904327,11
indexer,2,-1,answer,mean_score,false,0.591524064540863,0.3645833432674408,0.6828770637512207,11
indexer,2,-1,answer,mean_score,true,0.4817934036254883,0.2916666567325592,0.5832293629646301,11
indexer,2,-1,answer,max_score,false,0.692638099193573,0.5520833134651184,0.7554880976676941,11
indexer,2,-1,answer,max_score,true,0.5870370268821716,0.4270833432674408,0.6721249222755432,11
native_selection,2,-1,answer,top512_share,false,0.4145313799381256,0.21875,0.5302321314811707,11
indexer,2,-1,both,mass,false,0.578356921672821,0.3541666567325592,0.675487220287323,11
indexer,2,-1,both,mass,true,0.4618077278137207,0.3125,0.5037816166877747,11
indexer,2,-1,both,mass_rope,false,0.33520111441612244,0.1458333283662796,0.4249670207500458,11
indexer,2,-1,both,mass_rope,true,0.28696388006210327,0.125,0.38819363713264465,11
indexer,2,-1,both,mass_nope,false,0.4934104382991791,0.2395833283662796,0.6069543361663818,11
indexer,2,-1,both,mass_nope,true,0.40655767917633057,0.2604166567325592,0.46529150009155273,11
indexer,2,-1,both,mass_paper,false,0.6898431181907654,0.5625,0.7603586316108704,11
indexer,2,-1,both,mass_paper,true,0.3424586355686188,0.21875,0.35632094740867615,11
indexer,2,-1,both,mass_rope_paper,false,0.27295252680778503,0.0833333358168602,0.3774687349796295,11
indexer,2,-1,both,mass_rope_paper,true,0.29757413268089294,0.15625,0.34262922406196594,11
indexer,2,-1,both,mass_nope_paper,false,0.5890716910362244,0.4375,0.6645954847335815,11
indexer,2,-1,both,mass_nope_paper,true,0.29768580198287964,0.1770833283662796,0.2998066544532776,11
indexer,2,-1,both,mean_score,false,0.39911556243896484,0.1666666716337204,0.523082971572876,11
indexer,2,-1,both,mean_score,true,0.4175078570842743,0.21875,0.5137746334075928,11
indexer,2,-1,both,max_score,false,0.47557738423347473,0.2604166567325592,0.5950450301170349,11
indexer,2,-1,both,max_score,true,0.3946753442287445,0.2291666716337204,0.4729502499103546,11
native_selection,2,-1,both,top512_share,false,0.31659433245658875,0.125,0.41479358077049255,11
indexer,3,-1,question,mass,false,0.5927531719207764,0.3958333432674408,0.6858710646629333,15
indexer,3,-1,question,mass,true,0.694832980632782,0.5208333134651184,0.7701160907745361,15
indexer,3,-1,question,mass_rope,false,0.4652896225452423,0.3229166567325592,0.5581099987030029,15
indexer,3,-1,question,mass_rope,true,0.544147253036499,0.3854166567325592,0.6330603957176208,15
indexer,3,-1,question,mass_nope,false,0.40401580929756165,0.1875,0.5357446074485779,15
indexer,3,-1,question,mass_nope,true,0.5876695513725281,0.3854166567325592,0.6845811009407043,15
indexer,3,-1,question,mass_paper,false,0.591314435005188,0.40625,0.6778376698493958,15
indexer,3,-1,question,mass_paper,true,0.6080068945884705,0.4270833432674408,0.679212749004364,15
indexer,3,-1,question,mass_rope_paper,false,0.3915189802646637,0.2291666716337204,0.4577040672302246,15
indexer,3,-1,question,mass_rope_paper,true,0.3871525526046753,0.21875,0.47235700488090515,15
indexer,3,-1,question,mass_nope_paper,false,0.5439788699150085,0.375,0.6367624402046204,15
indexer,3,-1,question,mass_nope_paper,true,0.537900984287262,0.3645833432674408,0.6300070881843567,15
indexer,3,-1,question,mean_score,false,0.491045743227005,0.2708333432674408,0.5982440114021301,15
indexer,3,-1,question,mean_score,true,0.6025505661964417,0.4270833432674408,0.6891040205955505,15
indexer,3,-1,question,max_score,false,0.5257844924926758,0.3333333432674408,0.6234971880912781,15
indexer,3,-1,question,max_score,true,0.5801883935928345,0.40625,0.6644447445869446,15
native_selection,3,-1,question,top512_share,false,0.37629199028015137,0.1666666716337204,0.4899022877216339,15
indexer,3,-1,answer,mass,false,0.8395833373069763,0.7604166865348816,0.8757378458976746,15
indexer,3,-1,answer,mass,true,0.7542346119880676,0.6666666865348816,0.7777068018913269,15
indexer,3,-1,answer,mass_rope,false,0.5637460947036743,0.40625,0.647817850112915,15
indexer,3,-1,answer,mass_rope,true,0.5877312421798706,0.4166666567325592,0.6620715260505676,15
indexer,3,-1,answer,mass_nope,false,0.6895610690116882,0.5104166865348816,0.7570322155952454,15
indexer,3,-1,answer,mass_nope,true,0.7358332276344299,0.6354166865348816,0.7634766101837158,15
indexer,3,-1,answer,mass_paper,false,0.8106957077980042,0.7395833134651184,0.843935489654541,15
indexer,3,-1,answer,mass_paper,true,0.6331446766853333,0.5520833134651184,0.6485163569450378,15
indexer,3,-1,answer,mass_rope_paper,false,0.4673338830471039,0.3125,0.5498497486114502,15
indexer,3,-1,answer,mass_rope_paper,true,0.31273937225341797,0.2083333283662796,0.33106398582458496,15
indexer,3,-1,answer,mass_nope_paper,false,0.7353798747062683,0.6041666865348816,0.7876431345939636,15
indexer,3,-1,answer,mass_nope_paper,true,0.6957628726959229,0.5833333134651184,0.7272165417671204,15
indexer,3,-1,answer,mean_score,false,0.7605014443397522,0.6145833134651184,0.8167518973350525,15
indexer,3,-1,answer,mean_score,true,0.636279284954071,0.4895833432674408,0.7026483416557312,15
indexer,3,-1,answer,max_score,false,0.7368531227111816,0.625,0.7880966663360596,15
indexer,3,-1,answer,max_score,true,0.6660664081573486,0.5104166865348816,0.7319643497467041,15
native_selection,3,-1,answer,top512_share,false,0.44554269313812256,0.21875,0.5661886930465698,15
indexer,3,-1,both,mass,false,0.732398509979248,0.5416666865348816,0.7966210246086121,15
indexer,3,-1,both,mass,true,0.6168906688690186,0.4791666567325592,0.664335310459137,15
indexer,3,-1,both,mass_rope,false,0.5196251273155212,0.3645833432674408,0.6159319281578064,15
indexer,3,-1,both,mass_rope,true,0.5009790062904358,0.34375,0.5851789116859436,15
indexer,3,-1,both,mass_nope,false,0.507159411907196,0.2708333432674408,0.6202775835990906,15
indexer,3,-1,both,mass_nope,true,0.5668621063232422,0.3958333432674408,0.6321350336074829,15
indexer,3,-1,both,mass_paper,false,0.7865976691246033,0.6875,0.8296196460723877,15
indexer,3,-1,both,mass_paper,true,0.5253049731254578,0.4166666567325592,0.5378792881965637,15
indexer,3,-1,both,mass_rope_paper,false,0.41852304339408875,0.25,0.49687322974205017,15
indexer,3,-1,both,mass_rope_paper,true,0.35035550594329834,0.2083333283662796,0.39738062024116516,15
indexer,3,-1,both,mass_nope_paper,false,0.7102548480033875,0.5729166865348816,0.7774153351783752,15
indexer,3,-1,both,mass_nope_paper,true,0.5212811827659607,0.375,0.565021812915802,15
indexer,3,-1,both,mean_score,false,0.5668148994445801,0.3229166567325592,0.667364776134491,15
indexer,3,-1,both,mean_score,true,0.545171320438385,0.375,0.6264714598655701,15
indexer,3,-1,both,max_score,false,0.6112682819366455,0.3958333432674408,0.6973770260810852,15
indexer,3,-1,both,max_score,true,0.5805953145027161,0.4166666567325592,0.6529947519302368,15
native_selection,3,-1,both,top512_share,false,0.39994677901268005,0.1770833283662796,0.5177529454231262,15
indexer,4,-1,question,mass,false,0.6543596386909485,0.4791666567325592,0.7326551079750061,19
indexer,4,-1,question,mass,true,0.741906464099884,0.59375,0.8025944232940674,19
indexer,4,-1,question,mass_rope,false,0.29248473048210144,0.125,0.38393017649650574,19
indexer,4,-1,question,mass_rope,true,0.3815113604068756,0.1875,0.48990702629089355,19
indexer,4,-1,question,mass_nope,false,0.6089235544204712,0.40625,0.6951550841331482,19
indexer,4,-1,question,mass_nope,true,0.712479293346405,0.5520833134651184,0.7832000255584717,19
indexer,4,-1,question,mass_paper,false,0.6016407608985901,0.4270833432674408,0.6885194778442383,19
indexer,4,-1,question,mass_paper,true,0.6504555344581604,0.5104166865348816,0.7108979225158691,19
indexer,4,-1,question,mass_rope_paper,false,0.3174592852592468,0.125,0.4098917245864868,19
indexer,4,-1,question,mass_rope_paper,true,0.3734680116176605,0.21875,0.450278639793396,19
indexer,4,-1,question,mass_nope_paper,false,0.6306303143501282,0.4583333432674408,0.716497004032135,19
indexer,4,-1,question,mass_nope_paper,true,0.6494753956794739,0.4791666567325592,0.7255560755729675,19
indexer,4,-1,question,mean_score,false,0.5271326899528503,0.3333333432674408,0.6277987360954285,19
indexer,4,-1,question,mean_score,true,0.5747565031051636,0.3958333432674408,0.6705511212348938,19
indexer,4,-1,question,max_score,false,0.6032268404960632,0.4375,0.6833999156951904,19
indexer,4,-1,question,max_score,true,0.605699360370636,0.4583333432674408,0.6806419491767883,19
native_selection,4,-1,question,top512_share,false,0.3756471574306488,0.15625,0.4895733594894409,19
indexer,4,-1,answer,mass,false,0.8498867154121399,0.7708333134651184,0.8806427121162415,19
indexer,4,-1,answer,mass,true,0.691196858882904,0.6145833134651184,0.7082841396331787,19
indexer,4,-1,answer,mass_rope,false,0.36766454577445984,0.1770833283662796,0.46610406041145325,19
indexer,4,-1,answer,mass_rope,true,0.39015910029411316,0.2083333283662796,0.49057623744010925,19
indexer,4,-1,answer,mass_nope,false,0.8019132614135742,0.6979166865348816,0.8472042679786682,19
indexer,4,-1,answer,mass_nope,true,0.7240713238716125,0.625,0.7524567246437073,19
indexer,4,-1,answer,mass_paper,false,0.8358614444732666,0.75,0.8671352863311768,19
indexer,4,-1,answer,mass_paper,true,0.6151694655418396,0.5729166865348816,0.6015705466270447,19
indexer,4,-1,answer,mass_rope_paper,false,0.3513643741607666,0.1458333283662796,0.46122050285339355,19
indexer,4,-1,answer,mass_rope_paper,true,0.27563127875328064,0.1145833358168602,0.3157006502151489,19
indexer,4,-1,answer,mass_nope_paper,false,0.8099358677864075,0.6979166865348816,0.8506695628166199,19
indexer,4,-1,answer,mass_nope_paper,true,0.5805925130844116,0.5104166865348816,0.5732685923576355,19
indexer,4,-1,answer,mean_score,false,0.8058081269264221,0.7083333134651184,0.847054660320282,19
indexer,4,-1,answer,mean_score,true,0.5921876430511475,0.40625,0.669675350189209,19
indexer,4,-1,answer,max_score,false,0.817610502243042,0.71875,0.8533818125724792,19
indexer,4,-1,answer,max_score,true,0.6821491718292236,0.53125,0.7415599822998047,19
native_selection,4,-1,answer,top512_share,false,0.48741018772125244,0.2395833283662796,0.5965495109558105,19
indexer,4,-1,both,mass,false,0.8251316547393799,0.7291666865348816,0.8619465827941895,19
indexer,4,-1,both,mass,true,0.6294642686843872,0.53125,0.6582222580909729,19
indexer,4,-1,both,mass_rope,false,0.3115268051624298,0.1354166716337204,0.4079059064388275,19
indexer,4,-1,both,mass_rope,true,0.3690045177936554,0.1979166716337204,0.46202215552330017,19
indexer,4,-1,both,mass_nope,false,0.7540709972381592,0.6145833134651184,0.8084760308265686,19
indexer,4,-1,both,mass_nope,true,0.6333526968955994,0.53125,0.6644338965415955,19
indexer,4,-1,both,mass_paper,false,0.7750324606895447,0.65625,0.8242555260658264,19
indexer,4,-1,both,mass_paper,true,0.49663910269737244,0.3958333432674408,0.5040140748023987,19
indexer,4,-1,both,mass_rope_paper,false,0.33521759510040283,0.1354166716337204,0.4328695237636566,19
indexer,4,-1,both,mass_rope_paper,true,0.34223672747612,0.2083333283662796,0.3959222137928009,19
indexer,4,-1,both,mass_nope_paper,false,0.7713665962219238,0.625,0.828387439250946,19
indexer,4,-1,both,mass_nope_paper,true,0.5520027279853821,0.4583333432674408,0.5614588856697083,19
indexer,4,-1,both,mean_score,false,0.6464572548866272,0.46875,0.7236186861991882,19
indexer,4,-1,both,mean_score,true,0.5443606376647949,0.3958333432674408,0.6190261244773865,19
indexer,4,-1,both,max_score,false,0.7273600101470947,0.59375,0.7848115563392639,19
indexer,4,-1,both,max_score,true,0.5448201298713684,0.375,0.6229254603385925,19
native_selection,4,-1,both,top512_share,false,0.4245872497558594,0.1979166716337204,0.5314199328422546,19
indexer,5,-1,question,mass,false,0.6281622052192688,0.46875,0.7148600220680237,23
indexer,5,-1,question,mass,true,0.7038318514823914,0.5625,0.7759162783622742,23
indexer,5,-1,question,mass_rope,false,0.35712578892707825,0.1666666716337204,0.4623330533504486,23
indexer,5,-1,question,mass_rope,true,0.47086775302886963,0.28125,0.5560081005096436,23
indexer,5,-1,question,mass_nope,false,0.5641858577728271,0.375,0.6569879651069641,23
indexer,5,-1,question,mass_nope,true,0.627744734287262,0.4270833432674408,0.7153838276863098,23
indexer,5,-1,question,mass_paper,false,0.6287388205528259,0.46875,0.7089724540710449,23
indexer,5,-1,question,mass_paper,true,0.6285651922225952,0.46875,0.7089724540710449,23
indexer,5,-1,question,mass_rope_paper,false,0.32908010482788086,0.1458333283662796,0.4283199608325958,23
indexer,5,-1,question,mass_rope_paper,true,0.3748699426651001,0.1979166716337204,0.4584670066833496,23
indexer,5,-1,question,mass_nope_paper,false,0.5705055594444275,0.3958333432674408,0.6641725897789001,23
indexer,5,-1,question,mass_nope_paper,true,0.5705723166465759,0.3958333432674408,0.6641725897789001,23
indexer,5,-1,question,mean_score,false,0.5310192704200745,0.34375,0.6336673498153687,23
indexer,5,-1,question,mean_score,true,0.6060478091239929,0.4375,0.6944311261177063,23
indexer,5,-1,question,max_score,false,0.5506367087364197,0.375,0.6455091834068298,23
indexer,5,-1,question,max_score,true,0.5099782347679138,0.34375,0.6069182753562927,23
native_selection,5,-1,question,top512_share,false,0.40939489006996155,0.21875,0.5206122398376465,23
indexer,5,-1,answer,mass,false,0.8849081993103027,0.8229166865348816,0.9128494262695312,23
indexer,5,-1,answer,mass,true,0.8208684921264648,0.75,0.84061598777771,23
indexer,5,-1,answer,mass_rope,false,0.5301268100738525,0.3645833432674408,0.6194060444831848,23
indexer,5,-1,answer,mass_rope,true,0.5740088820457458,0.4375,0.6412829756736755,23
indexer,5,-1,answer,mass_nope,false,0.83158940076828,0.7395833134651184,0.8668901920318604,23
indexer,5,-1,answer,mass_nope,true,0.7555245757102966,0.6666666865348816,0.7822436690330505,23
indexer,5,-1,answer,mass_paper,false,0.893878161907196,0.84375,0.9160654544830322,23
indexer,5,-1,answer,mass_paper,true,0.7861545085906982,0.7395833134651184,0.7899017333984375,23
indexer,5,-1,answer,mass_rope_paper,false,0.5455706715583801,0.40625,0.6241737008094788,23
indexer,5,-1,answer,mass_rope_paper,true,0.45800986886024475,0.3645833432674408,0.4818931818008423,23
indexer,5,-1,answer,mass_nope_paper,false,0.8591346144676208,0.7708333134651184,0.8908806443214417,23
indexer,5,-1,answer,mass_nope_paper,true,0.7173301577568054,0.625,0.7354071736335754,23
indexer,5,-1,answer,mean_score,false,0.8026455044746399,0.6875,0.8478217124938965,23
indexer,5,-1,answer,mean_score,true,0.6502072215080261,0.5104166865348816,0.7175343036651611,23
indexer,5,-1,answer,max_score,false,0.8540668487548828,0.7916666865348816,0.8856433033943176,23
indexer,5,-1,answer,max_score,true,0.6731392741203308,0.5625,0.7374671101570129,23
native_selection,5,-1,answer,top512_share,false,0.5536916851997375,0.34375,0.652642548084259,23
indexer,5,-1,both,mass,false,0.8377728462219238,0.75,0.8772192001342773,23
indexer,5,-1,both,mass,true,0.589413583278656,0.4895833432674408,0.6156532764434814,23
indexer,5,-1,both,mass_rope,false,0.40390849113464355,0.1979166716337204,0.5172094106674194,23
indexer,5,-1,both,mass_rope,true,0.4334627687931061,0.25,0.5212028622627258,23
indexer,5,-1,both,mass_nope,false,0.7645589709281921,0.625,0.8132691383361816,23
indexer,5,-1,both,mass_nope,true,0.5749605298042297,0.4375,0.6167538166046143,23
indexer,5,-1,both,mass_paper,false,0.8736669421195984,0.8020833134651184,0.9020659327507019,23
indexer,5,-1,both,mass_paper,true,0.564639151096344,0.46875,0.5714603662490845,23
indexer,5,-1,both,mass_rope_paper,false,0.463517427444458,0.28125,0.5573904514312744,23
indexer,5,-1,both,mass_rope_paper,true,0.37618041038513184,0.1979166716337204,0.43139782547950745,23
indexer,5,-1,both,mass_nope_paper,false,0.7977919578552246,0.65625,0.8426983952522278,23
indexer,5,-1,both,mass_nope_paper,true,0.5020888447761536,0.3333333432674408,0.5311593413352966,23
indexer,5,-1,both,mean_score,false,0.6400015950202942,0.4479166567325592,0.7189502716064453,23
indexer,5,-1,both,mean_score,true,0.4906216859817505,0.3333333432674408,0.5724642872810364,23
indexer,5,-1,both,max_score,false,0.7235949635505676,0.59375,0.783913791179657,23
indexer,5,-1,both,max_score,true,0.4151569902896881,0.25,0.5098509192466736,23
native_selection,5,-1,both,top512_share,false,0.443279892206192,0.2291666716337204,0.5576536059379578,23
indexer,6,-1,question,mass,false,0.6614701151847839,0.5,0.7403804659843445,27
indexer,6,-1,question,mass,true,0.6888682246208191,0.5208333134651184,0.7623130679130554,27
indexer,6,-1,question,mass_rope,false,0.356675386428833,0.1770833283662796,0.4494204521179199,27
indexer,6,-1,question,mass_rope,true,0.6051008701324463,0.4375,0.6937459111213684,27
indexer,6,-1,question,mass_nope,false,0.5450770258903503,0.3333333432674408,0.6424679756164551,27
indexer,6,-1,question,mass_nope,true,0.6397053599357605,0.46875,0.712199866771698,27
indexer,6,-1,question,mass_paper,false,0.6423402428627014,0.4791666567325592,0.7194131016731262,27
indexer,6,-1,question,mass_paper,true,0.6421114206314087,0.4895833432674408,0.695957362651825,27
indexer,6,-1,question,mass_rope_paper,false,0.3311697542667389,0.1354166716337204,0.42066776752471924,27
indexer,6,-1,question,mass_rope_paper,true,0.45035290718078613,0.28125,0.5459125638008118,27
indexer,6,-1,question,mass_nope_paper,false,0.5507975220680237,0.3541666567325592,0.6488527655601501,27
indexer,6,-1,question,mass_nope_paper,true,0.6105759143829346,0.4791666567325592,0.6644195914268494,27
indexer,6,-1,question,mean_score,false,0.5688768029212952,0.375,0.6579194068908691,27
indexer,6,-1,question,mean_score,true,0.5675557255744934,0.3854166567325592,0.664700448513031,27
indexer,6,-1,question,max_score,false,0.6204364895820618,0.4375,0.7091966271400452,27
indexer,6,-1,question,max_score,true,0.5438562035560608,0.34375,0.6239067912101746,27
native_selection,6,-1,question,top512_share,false,0.40986427664756775,0.1875,0.522089421749115,27
indexer,6,-1,answer,mass,false,0.90625,0.84375,0.9294490218162537,27
indexer,6,-1,answer,mass,true,0.7681857943534851,0.6875,0.797002375125885,27
indexer,6,-1,answer,mass_rope,false,0.3932156562805176,0.1875,0.4995664656162262,27
indexer,6,-1,answer,mass_rope,true,0.3994990587234497,0.25,0.475942462682724,27
indexer,6,-1,answer,mass_nope,false,0.8352429866790771,0.7291666865348816,0.8764772415161133,27
indexer,6,-1,answer,mass_nope,true,0.803962767124176,0.71875,0.8333502411842346,27
indexer,6,-1,answer,mass_paper,false,0.9009139537811279,0.84375,0.9218986630439758,27
indexer,6,-1,answer,mass_paper,true,0.6712425351142883,0.625,0.6663456559181213,27
indexer,6,-1,answer,mass_rope_paper,false,0.4359414577484131,0.25,0.5261639952659607,27
indexer,6,-1,answer,mass_rope_paper,true,0.23198775947093964,0.1354166716337204,0.23305261135101318,27
indexer,6,-1,answer,mass_nope_paper,false,0.8680970072746277,0.7916666865348816,0.9002525210380554,27
indexer,6,-1,answer,mass_nope_paper,true,0.6060040593147278,0.5416666865348816,0.6101637482643127,27
indexer,6,-1,answer,mean_score,false,0.8253052234649658,0.7083333134651184,0.8660487532615662,27
indexer,6,-1,answer,mean_score,true,0.5828373432159424,0.3958333432674408,0.6771103739738464,27
indexer,6,-1,answer,max_score,false,0.8987314105033875,0.84375,0.9200737476348877,27
indexer,6,-1,answer,max_score,true,0.6680183410644531,0.5104166865348816,0.7452788949012756,27
native_selection,6,-1,answer,top512_share,false,0.5786369442939758,0.34375,0.6759827136993408,27
indexer,6,-1,both,mass,false,0.8293651938438416,0.7291666865348816,0.868604838848114,27
indexer,6,-1,both,mass,true,0.620339572429657,0.4895833432674408,0.6695956587791443,27
indexer,6,-1,both,mass_rope,false,0.37241634726524353,0.1770833283662796,0.47127214074134827,27
indexer,6,-1,both,mass_rope,true,0.5042983889579773,0.3333333432674408,0.6000140309333801,27
indexer,6,-1,both,mass_nope,false,0.6857927441596985,0.5,0.7597702145576477,27
indexer,6,-1,both,mass_nope,true,0.611909031867981,0.4791666567325592,0.6633701324462891,27
indexer,6,-1,both,mass_paper,false,0.7920060157775879,0.6770833134651184,0.8399291038513184,27
indexer,6,-1,both,mass_paper,true,0.5799910426139832,0.4375,0.6073681712150574,27
indexer,6,-1,both,mass_rope_paper,false,0.3283860385417938,0.1354166716337204,0.42434701323509216,27
indexer,6,-1,both,mass_rope_paper,true,0.403261661529541,0.25,0.4736243784427643,27
indexer,6,-1,both,mass_nope_paper,false,0.6949073672294617,0.53125,0.7689263820648193,27
indexer,6,-1,both,mass_nope_paper,true,0.4879278242588043,0.3645833432674408,0.5090107321739197,27
indexer,6,-1,both,mean_score,false,0.7229567170143127,0.5729166865348816,0.7817948460578918,27
indexer,6,-1,both,mean_score,true,0.5224745869636536,0.3541666567325592,0.6056280136108398,27
indexer,6,-1,both,max_score,false,0.805828332901001,0.6770833134651184,0.8511924743652344,27
indexer,6,-1,both,max_score,true,0.49848663806915283,0.3125,0.5875816941261292,27
native_selection,6,-1,both,top512_share,false,0.4800761640071869,0.2604166567325592,0.5859693288803101,27
indexer,7,-1,question,mass,false,0.7589578628540039,0.6145833134651184,0.8153658509254456,31
indexer,7,-1,question,mass,true,0.7740373015403748,0.625,0.824836790561676,31
indexer,7,-1,question,mass_rope,false,0.4412659704685211,0.2916666567325592,0.5196923613548279,31
indexer,7,-1,question,mass_rope,true,0.552909791469574,0.3645833432674408,0.6530168056488037,31
indexer,7,-1,question,mass_nope,false,0.6444479823112488,0.46875,0.7275776267051697,31
indexer,7,-1,question,mass_nope,true,0.7230389714241028,0.5625,0.7854018807411194,31
indexer,7,-1,question,mass_paper,false,0.7688491940498352,0.6354166865348816,0.8198806643486023,31
indexer,7,-1,question,mass_paper,true,0.7694332003593445,0.6354166865348816,0.8173260688781738,31
indexer,7,-1,question,mass_rope_paper,false,0.42138734459877014,0.2604166567325592,0.49643075466156006,31
indexer,7,-1,question,mass_rope_paper,true,0.45921090245246887,0.2604166567325592,0.544551432132721,31
indexer,7,-1,question,mass_nope_paper,false,0.6950644850730896,0.5416666865348816,0.763122022151947,31
indexer,7,-1,question,mass_nope_paper,true,0.692683219909668,0.5416666865348816,0.7555084228515625,31
indexer,7,-1,question,mean_score,false,0.6984295845031738,0.5520833134651184,0.7651889324188232,31
indexer,7,-1,question,mean_score,true,0.6754464507102966,0.5,0.7552802562713623,31
indexer,7,-1,question,max_score,false,0.7250334620475769,0.5729166865348816,0.7891765236854553,31
indexer,7,-1,question,max_score,true,0.6160023808479309,0.4375,0.6934755444526672,31
native_selection,7,-1,question,top512_share,false,0.517361581325531,0.3333333432674408,0.6095489263534546,31
indexer,7,-1,answer,mass,false,0.9114583134651184,0.8333333134651184,0.934262752532959,31
indexer,7,-1,answer,mass,true,0.7819878458976746,0.6979166865348816,0.799560010433197,31
indexer,7,-1,answer,mass_rope,false,0.5487144589424133,0.3854166567325592,0.6519834399223328,31
indexer,7,-1,answer,mass_rope,true,0.42829978466033936,0.25,0.5143402218818665,31
indexer,7,-1,answer,mass_nope,false,0.8718750476837158,0.78125,0.9041807055473328,31
indexer,7,-1,answer,mass_nope,true,0.831646203994751,0.75,0.8581669926643372,31
indexer,7,-1,answer,mass_paper,false,0.8970734477043152,0.84375,0.9222800135612488,31
indexer,7,-1,answer,mass_paper,true,0.6789620518684387,0.6354166865348816,0.6720104217529297,31
indexer,7,-1,answer,mass_rope_paper,false,0.5327661633491516,0.34375,0.6233972907066345,31
indexer,7,-1,answer,mass_rope_paper,true,0.3128015100955963,0.1875,0.32864680886268616,31
indexer,7,-1,answer,mass_nope_paper,false,0.8884673118591309,0.8229166865348816,0.9129869937896729,31
indexer,7,-1,answer,mass_nope_paper,true,0.8042455315589905,0.7291666865348816,0.821906566619873,31
indexer,7,-1,answer,mean_score,false,0.8776041865348816,0.78125,0.908862829208374,31
indexer,7,-1,answer,mean_score,true,0.7208581566810608,0.5729166865348816,0.78605055809021,31
indexer,7,-1,answer,max_score,false,0.8793526291847229,0.8125,0.9090592265129089,31
indexer,7,-1,answer,max_score,true,0.7451134324073792,0.625,0.7945427298545837,31
native_selection,7,-1,answer,top512_share,false,0.6505208611488342,0.4270833432674408,0.7377836108207703,31
indexer,7,-1,both,mass,false,0.8818865418434143,0.8020833134651184,0.9111032485961914,31
indexer,7,-1,both,mass,true,0.7023482322692871,0.59375,0.7413910031318665,31
indexer,7,-1,both,mass_rope,false,0.4804838001728058,0.3333333432674408,0.5615714192390442,31
indexer,7,-1,both,mass_rope,true,0.4510938227176666,0.28125,0.5290048122406006,31
indexer,7,-1,both,mass_nope,false,0.7757392525672913,0.65625,0.8274040222167969,31
indexer,7,-1,both,mass_nope,true,0.6891970038414001,0.5416666865348816,0.7407552599906921,31
indexer,7,-1,both,mass_paper,false,0.864583432674408,0.7708333134651184,0.895718514919281,31
indexer,7,-1,both,mass_paper,true,0.6317691206932068,0.5104166865348816,0.6530663371086121,31
indexer,7,-1,both,mass_rope_paper,false,0.456375390291214,0.3020833432674408,0.5320549011230469,31
indexer,7,-1,both,mass_rope_paper,true,0.34089162945747375,0.1875,0.3958505690097809,31
indexer,7,-1,both,mass_nope_paper,false,0.8589286208152771,0.7708333134651184,0.8908500075340271,31
indexer,7,-1,both,mass_nope_paper,true,0.67242830991745,0.5416666865348816,0.7048766613006592,31
indexer,7,-1,both,mean_score,false,0.8049479126930237,0.6770833134651184,0.8531613349914551,31
indexer,7,-1,both,mean_score,true,0.6417904496192932,0.4791666567325592,0.7103147506713867,31
indexer,7,-1,both,max_score,false,0.8586930632591248,0.78125,0.8933839797973633,31
indexer,7,-1,both,max_score,true,0.5844749808311462,0.4166666567325592,0.6627016663551331,31
native_selection,7,-1,both,top512_share,false,0.5881280303001404,0.4270833432674408,0.6765673756599426,31
indexer,8,-1,question,mass,false,0.7387566566467285,0.5833333134651184,0.800449788570404,35
indexer,8,-1,question,mass,true,0.7782406806945801,0.625,0.8340077996253967,35
indexer,8,-1,question,mass_rope,false,0.37202927470207214,0.1979166716337204,0.46404600143432617,35
indexer,8,-1,question,mass_rope,true,0.48581817746162415,0.3229166567325592,0.5699107050895691,35
indexer,8,-1,question,mass_nope,false,0.6024643778800964,0.3958333432674408,0.6901904940605164,35
indexer,8,-1,question,mass_nope,true,0.7445602416992188,0.5833333134651184,0.808035135269165,35
indexer,8,-1,question,mass_paper,false,0.6828381419181824,0.5208333134651184,0.7514838576316833,35
indexer,8,-1,question,mass_paper,true,0.67328280210495,0.5104166865348816,0.7442029118537903,35
indexer,8,-1,question,mass_rope_paper,false,0.3499491214752197,0.1666666716337204,0.4327082931995392,35
indexer,8,-1,question,mass_rope_paper,true,0.4129151999950409,0.25,0.4935121238231659,35
indexer,8,-1,question,mass_nope_paper,false,0.6597346067428589,0.5,0.7384784817695618,35
indexer,8,-1,question,mass_nope_paper,true,0.6505139470100403,0.4895833432674408,0.7285587191581726,35
indexer,8,-1,question,mean_score,false,0.68086177110672,0.5,0.7559735774993896,35
indexer,8,-1,question,mean_score,true,0.7338665127754211,0.5833333134651184,0.7995538711547852,35
indexer,8,-1,question,max_score,false,0.6719208359718323,0.4791666567325592,0.749661922454834,35
indexer,8,-1,question,max_score,true,0.6271901726722717,0.4479166567325592,0.7058524489402771,35
native_selection,8,-1,question,top512_share,false,0.4939860999584198,0.28125,0.5997198820114136,35
indexer,8,-1,answer,mass,false,0.9444444179534912,0.8958333134651184,0.9586935043334961,35
indexer,8,-1,answer,mass,true,0.802802324295044,0.7291666865348816,0.8149192929267883,35
indexer,8,-1,answer,mass_rope,false,0.5284113883972168,0.34375,0.6190993189811707,35
indexer,8,-1,answer,mass_rope,true,0.41403308510780334,0.25,0.49716028571128845,35
indexer,8,-1,answer,mass_nope,false,0.9000000357627869,0.8229166865348816,0.9254674315452576,35
indexer,8,-1,answer,mass_nope,true,0.808415412902832,0.71875,0.8315050005912781,35
indexer,8,-1,answer,mass_paper,false,0.9275173544883728,0.875,0.9457664489746094,35
indexer,8,-1,answer,mass_paper,true,0.6261408925056458,0.5625,0.6204718947410583,35
indexer,8,-1,answer,mass_rope_paper,false,0.49838772416114807,0.3333333432674408,0.5834939479827881,35
indexer,8,-1,answer,mass_rope_paper,true,0.2958192825317383,0.1666666716337204,0.32638537883758545,35
indexer,8,-1,answer,mass_nope_paper,false,0.9031250476837158,0.8229166865348816,0.9278757572174072,35
indexer,8,-1,answer,mass_nope_paper,true,0.7918403148651123,0.71875,0.803992509841919,35
indexer,8,-1,answer,mean_score,false,0.905381977558136,0.8333333134651184,0.9294490814208984,35
indexer,8,-1,answer,mean_score,true,0.6852290034294128,0.5416666865348816,0.7545137405395508,35
indexer,8,-1,answer,max_score,false,0.919022798538208,0.8541666865348816,0.9396274089813232,35
indexer,8,-1,answer,max_score,true,0.7033089995384216,0.5520833134651184,0.7695887684822083,35
native_selection,8,-1,answer,top512_share,false,0.6141617298126221,0.3645833432674408,0.7108489871025085,35
indexer,8,-1,both,mass,false,0.9008970260620117,0.8229166865348816,0.9258353114128113,35
indexer,8,-1,both,mass,true,0.6661108136177063,0.5416666865348816,0.7079562544822693,35
indexer,8,-1,both,mass_rope,false,0.44567403197288513,0.2708333432674408,0.5328674912452698,35
indexer,8,-1,both,mass_rope,true,0.39615729451179504,0.2291666716337204,0.48497140407562256,35
indexer,8,-1,both,mass_nope,false,0.8001611828804016,0.6875,0.846303403377533,35
indexer,8,-1,both,mass_nope,true,0.6805112361907959,0.5625,0.7187445759773254,35
indexer,8,-1,both,mass_paper,false,0.8487846851348877,0.75,0.886708676815033,35
indexer,8,-1,both,mass_paper,true,0.47825518250465393,0.3958333432674408,0.4724094867706299,35
indexer,8,-1,both,mass_rope_paper,false,0.36811089515686035,0.1875,0.45293858647346497,35
indexer,8,-1,both,mass_rope_paper,true,0.3837240934371948,0.21875,0.45297709107398987,35
indexer,8,-1,both,mass_nope_paper,false,0.8421874642372131,0.7291666865348816,0.8818537592887878,35
indexer,8,-1,both,mass_nope_paper,true,0.6005704402923584,0.4791666567325592,0.6200732588768005,35
indexer,8,-1,both,mean_score,false,0.8054976463317871,0.6770833134651184,0.8541123270988464,35
indexer,8,-1,both,mean_score,true,0.6575832366943359,0.5208333134651184,0.7192952036857605,35
indexer,8,-1,both,max_score,false,0.8542824387550354,0.7604166865348816,0.8906200528144836,35
indexer,8,-1,both,max_score,true,0.5681055784225464,0.3958333432674408,0.6528833508491516,35
native_selection,8,-1,both,top512_share,false,0.5768319368362427,0.3854166567325592,0.6728973388671875,35
indexer,9,-1,question,mass,false,0.6224661469459534,0.4270833432674408,0.7115320563316345,39
indexer,9,-1,question,mass,true,0.6843485832214355,0.5208333134651184,0.7556141018867493,39
indexer,9,-1,question,mass_rope,false,0.34095582365989685,0.1354166716337204,0.4558217525482178,39
indexer,9,-1,question,mass_rope,true,0.4425455629825592,0.21875,0.5505557060241699,39
indexer,9,-1,question,mass_nope,false,0.5175797343254089,0.3333333432674408,0.6083913445472717,39
indexer,9,-1,question,mass_nope,true,0.6362380385398865,0.46875,0.7024095058441162,39
indexer,9,-1,question,mass_paper,false,0.6125458478927612,0.4375,0.6939831376075745,39
indexer,9,-1,question,mass_paper,true,0.6105100512504578,0.4375,0.692371666431427,39
indexer,9,-1,question,mass_rope_paper,false,0.3034527003765106,0.125,0.4010900557041168,39
indexer,9,-1,question,mass_rope_paper,true,0.31345030665397644,0.125,0.38717058300971985,39
indexer,9,-1,question,mass_nope_paper,false,0.5155472755432129,0.3645833432674408,0.6019553542137146,39
indexer,9,-1,question,mass_nope_paper,true,0.5308566689491272,0.375,0.6225332617759705,39
indexer,9,-1,question,mean_score,false,0.5565728545188904,0.3541666567325592,0.6572808623313904,39
indexer,9,-1,question,mean_score,true,0.6757392883300781,0.5208333134651184,0.7509867548942566,39
indexer,9,-1,question,max_score,false,0.5732178092002869,0.3958333432674408,0.6693241000175476,39
indexer,9,-1,question,max_score,true,0.5983390808105469,0.4166666567325592,0.6860962510108948,39
native_selection,9,-1,question,top512_share,false,0.4121212065219879,0.2083333283662796,0.5264720320701599,39
indexer,9,-1,answer,mass,false,0.9552083015441895,0.9166666865348816,0.9667016863822937,39
indexer,9,-1,answer,mass,true,0.8142836093902588,0.7395833134651184,0.83834308385849,39
indexer,9,-1,answer,mass_rope,false,0.6035676598548889,0.4479166567325592,0.6887868046760559,39
indexer,9,-1,answer,mass_rope,true,0.5888218879699707,0.4375,0.6648634672164917,39
indexer,9,-1,answer,mass_nope,false,0.891592264175415,0.8229166865348816,0.9185983538627625,39
indexer,9,-1,answer,mass_nope,true,0.7826078534126282,0.6875,0.8119773268699646,39
indexer,9,-1,answer,mass_paper,false,0.9544270634651184,0.9166666865348816,0.9659581184387207,39
indexer,9,-1,answer,mass_paper,true,0.8253162503242493,0.7708333134651184,0.8320913314819336,39
indexer,9,-1,answer,mass_rope_paper,false,0.5937437415122986,0.4270833432674408,0.6817705035209656,39
indexer,9,-1,answer,mass_rope_paper,true,0.4670761823654175,0.34375,0.48786234855651855,39
indexer,9,-1,answer,mass_nope_paper,false,0.8821180462837219,0.8020833134651184,0.9117860198020935,39
indexer,9,-1,answer,mass_nope_paper,true,0.708339512348175,0.6354166865348816,0.716164767742157,39
indexer,9,-1,answer,mean_score,false,0.8953125476837158,0.8125,0.92207932472229,39
indexer,9,-1,answer,mean_score,true,0.7344822287559509,0.6041666865348816,0.792607307434082,39
indexer,9,-1,answer,max_score,false,0.9598214030265808,0.9270833134651184,0.9699886441230774,39
indexer,9,-1,answer,max_score,true,0.7540140748023987,0.625,0.8019380569458008,39
native_selection,9,-1,answer,top512_share,false,0.62453293800354,0.40625,0.717660129070282,39
indexer,9,-1,both,mass,false,0.8747685551643372,0.7916666865348816,0.9061402678489685,39
indexer,9,-1,both,mass,true,0.5760566592216492,0.4375,0.6125032901763916,39
indexer,9,-1,both,mass_rope,false,0.44537127017974854,0.25,0.5459177494049072,39
indexer,9,-1,both,mass_rope,true,0.411722868680954,0.21875,0.4936206042766571,39
indexer,9,-1,both,mass_nope,false,0.7552413940429688,0.6458333134651184,0.8108054995536804,39
indexer,9,-1,both,mass_nope,true,0.5876076221466064,0.4895833432674408,0.6277050971984863,39
indexer,9,-1,both,mass_paper,false,0.8894097208976746,0.8020833134651184,0.9174013733863831,39
indexer,9,-1,both,mass_paper,true,0.5140252709388733,0.4270833432674408,0.5057858228683472,39
indexer,9,-1,both,mass_rope_paper,false,0.41149774193763733,0.21875,0.5162085890769958,39
indexer,9,-1,both,mass_rope_paper,true,0.31180593371391296,0.15625,0.34196755290031433,39
indexer,9,-1,both,mass_nope_paper,false,0.8040840029716492,0.6979166865348816,0.8458544611930847,39
indexer,9,-1,both,mass_nope_paper,true,0.569667637348175,0.4791666567325592,0.5742625594139099,39
indexer,9,-1,both,mean_score,false,0.7275508046150208,0.5520833134651184,0.7924197316169739,39
indexer,9,-1,both,mean_score,true,0.5522217154502869,0.3854166567325592,0.6267613768577576,39
indexer,9,-1,both,max_score,false,0.80619215965271,0.6875,0.8514154553413391,39
indexer,9,-1,both,max_score,true,0.5404965877532959,0.3958333432674408,0.6205111145973206,39
native_selection,9,-1,both,top512_share,false,0.4818632900714874,0.2708333432674408,0.5934640765190125,39
indexer,10,-1,question,mass,false,0.5484168529510498,0.34375,0.6482260823249817,43
indexer,10,-1,question,mass,true,0.6646375060081482,0.5208333134651184,0.7361074090003967,43
indexer,10,-1,question,mass_rope,false,0.3017807900905609,0.1145833358168602,0.4152623116970062,43
indexer,10,-1,question,mass_rope,true,0.35953763127326965,0.1875,0.4541504383087158,43
indexer,10,-1,question,mass_nope,false,0.388240784406662,0.1666666716337204,0.5082225203514099,43
indexer,10,-1,question,mass_nope,true,0.6243042945861816,0.46875,0.6988245844841003,43
indexer,10,-1,question,mass_paper,false,0.5266122221946716,0.3541666567325592,0.6201629042625427,43
indexer,10,-1,question,mass_paper,true,0.5297493934631348,0.3541666567325592,0.6173487901687622,43
indexer,10,-1,question,mass_rope_paper,false,0.2901360094547272,0.125,0.38993263244628906,43
indexer,10,-1,question,mass_rope_paper,true,0.31464287638664246,0.15625,0.40705406665802,43
indexer,10,-1,question,mass_nope_paper,false,0.45687544345855713,0.2916666567325592,0.5385492444038391,43
indexer,10,-1,question,mass_nope_paper,true,0.4568629264831543,0.28125,0.5454881191253662,43
indexer,10,-1,question,mean_score,false,0.4651331901550293,0.25,0.5807728171348572,43
indexer,10,-1,question,mean_score,true,0.6250173449516296,0.4583333432674408,0.7033240795135498,43
indexer,10,-1,question,max_score,false,0.4720897376537323,0.2604166567325592,0.5828946232795715,43
indexer,10,-1,question,max_score,true,0.5382896661758423,0.34375,0.6310672163963318,43
native_selection,10,-1,question,top512_share,false,0.39028939604759216,0.1979166716337204,0.502488911151886,43
indexer,10,-1,answer,mass,false,0.940451443195343,0.8958333134651184,0.9555628895759583,43
indexer,10,-1,answer,mass,true,0.7721676230430603,0.7083333134651184,0.7821900248527527,43
indexer,10,-1,answer,mass_rope,false,0.5753315091133118,0.40625,0.6646372675895691,43
indexer,10,-1,answer,mass_rope,true,0.4818272590637207,0.34375,0.5597326159477234,43
indexer,10,-1,answer,mass_nope,false,0.8480159640312195,0.7291666865348816,0.8865631222724915,43
indexer,10,-1,answer,mass_nope,true,0.7172861099243164,0.625,0.7404069304466248,43
indexer,10,-1,answer,mass_paper,false,0.9367108345031738,0.8958333134651184,0.9494472146034241,43
indexer,10,-1,answer,mass_paper,true,0.5342368483543396,0.4791666567325592,0.5144278407096863,43
indexer,10,-1,answer,mass_rope_paper,false,0.5407941937446594,0.3229166567325592,0.6431263089179993,43
indexer,10,-1,answer,mass_rope_paper,true,0.4310718774795532,0.2604166567325592,0.4655395448207855,43
indexer,10,-1,answer,mass_nope_paper,false,0.8407242298126221,0.7395833134651184,0.8774175047874451,43
indexer,10,-1,answer,mass_nope_paper,true,0.42638862133026123,0.34375,0.408130407333374,43
indexer,10,-1,answer,mean_score,false,0.8727430701255798,0.78125,0.9049565196037292,43
indexer,10,-1,answer,mean_score,true,0.7236509323120117,0.6145833134651184,0.7717075347900391,43
indexer,10,-1,answer,max_score,false,0.9431344866752625,0.90625,0.9541990756988525,43
indexer,10,-1,answer,max_score,true,0.7177049517631531,0.59375,0.7700387835502625,43
native_selection,10,-1,answer,top512_share,false,0.6200892925262451,0.3958333432674408,0.7142281532287598,43
indexer,10,-1,both,mass,false,0.826417863368988,0.7291666865348816,0.8691412806510925,43
indexer,10,-1,both,mass,true,0.5052831172943115,0.40625,0.5186045169830322,43
indexer,10,-1,both,mass_rope,false,0.39893853664398193,0.1979166716337204,0.5123651027679443,43
indexer,10,-1,both,mass_rope,true,0.3233354985713959,0.1770833283662796,0.4146219491958618,43
indexer,10,-1,both,mass_nope,false,0.5602318048477173,0.3229166567325592,0.6589798927307129,43
indexer,10,-1,both,mass_nope,true,0.5088556408882141,0.3854166567325592,0.5476570129394531,43
indexer,10,-1,both,mass_paper,false,0.8898148536682129,0.8229166865348816,0.9169649481773376,43
indexer,10,-1,both,mass_paper,true,0.348950058221817,0.2708333432674408,0.3257625997066498,43
indexer,10,-1,both,mass_rope_paper,false,0.4022653102874756,0.2083333283662796,0.5143770575523376,43
indexer,10,-1,both,mass_rope_paper,true,0.284835547208786,0.1354166716337204,0.3331327736377716,43
indexer,10,-1,both,mass_nope_paper,false,0.7096350789070129,0.5833333134651184,0.770275354385376,43
indexer,10,-1,both,mass_nope_paper,true,0.31423547863960266,0.2083333283662796,0.30794790387153625,43
indexer,10,-1,both,mean_score,false,0.6051339507102966,0.3958333432674408,0.6987261176109314,43
indexer,10,-1,both,mean_score,true,0.5298805236816406,0.375,0.6020020842552185,43
indexer,10,-1,both,max_score,false,0.7075679898262024,0.5416666865348816,0.7762135863304138,43
indexer,10,-1,both,max_score,true,0.45192769169807434,0.2916666567325592,0.5197434425354004,43
native_selection,10,-1,both,top512_share,false,0.4453376829624176,0.2291666716337204,0.5647194981575012,43
indexer,11,-1,question,mass,false,0.5131312012672424,0.3125,0.6210998892784119,47
indexer,11,-1,question,mass,true,0.6631121039390564,0.5104166865348816,0.7354914546012878,47
indexer,11,-1,question,mass_rope,false,0.275863379240036,0.1041666641831398,0.3680669367313385,47
indexer,11,-1,question,mass_rope,true,0.408221572637558,0.2291666716337204,0.5095131993293762,47
indexer,11,-1,question,mass_nope,false,0.3849194049835205,0.1770833283662796,0.5060302019119263,47
indexer,11,-1,question,mass_nope,true,0.5794124007225037,0.3958333432674408,0.6627829074859619,47
indexer,11,-1,question,mass_paper,false,0.47825226187705994,0.2916666567325592,0.5809807181358337,47
indexer,11,-1,question,mass_paper,true,0.4768577814102173,0.2916666567325592,0.5797678232192993,47
indexer,11,-1,question,mass_rope_paper,false,0.2540041208267212,0.1041666641831398,0.34291577339172363,47
indexer,11,-1,question,mass_rope_paper,true,0.24294869601726532,0.0729166641831398,0.3246666193008423,47
indexer,11,-1,question,mass_nope_paper,false,0.36326146125793457,0.1666666716337204,0.4870922565460205,47
indexer,11,-1,question,mass_nope_paper,true,0.41274628043174744,0.21875,0.512272834777832,47
indexer,11,-1,question,mean_score,false,0.4563382863998413,0.2395833283662796,0.5645663142204285,47
indexer,11,-1,question,mean_score,true,0.6023348569869995,0.4479166567325592,0.687842607498169,47
indexer,11,-1,question,max_score,false,0.5004916191101074,0.3020833432674408,0.607367753982544,47
indexer,11,-1,question,max_score,true,0.5141887068748474,0.3125,0.6097218990325928,47
native_selection,11,-1,question,top512_share,false,0.3793228566646576,0.1770833283662796,0.5009590983390808,47
indexer,11,-1,answer,mass,false,0.9210069179534912,0.8541666865348816,0.9412295818328857,47
indexer,11,-1,answer,mass,true,0.7818142771720886,0.71875,0.7982230186462402,47
indexer,11,-1,answer,mass_rope,false,0.5339093804359436,0.375,0.6285253763198853,47
indexer,11,-1,answer,mass_rope,true,0.618435800075531,0.4583333432674408,0.7036587595939636,47
indexer,11,-1,answer,mass_nope,false,0.811718761920929,0.6979166865348816,0.8583142161369324,47
indexer,11,-1,answer,mass_nope,true,0.7318993210792542,0.625,0.7725289463996887,47
indexer,11,-1,answer,mass_paper,false,0.9340278506278992,0.8854166865348816,0.9476887583732605,47
indexer,11,-1,answer,mass_paper,true,0.6549044847488403,0.6041666865348816,0.6452243328094482,47
indexer,11,-1,answer,mass_rope_paper,false,0.53501957654953,0.3645833432674408,0.6238842606544495,47
indexer,11,-1,answer,mass_rope_paper,true,0.37648844718933105,0.25,0.405038446187973,47
indexer,11,-1,answer,mass_nope_paper,false,0.8355035185813904,0.71875,0.8766596913337708,47
indexer,11,-1,answer,mass_nope_paper,true,0.5512073636054993,0.4791666567325592,0.5421832203865051,47
indexer,11,-1,answer,mean_score,false,0.8448705673217773,0.75,0.8804557919502258,47
indexer,11,-1,answer,mean_score,true,0.7309606671333313,0.6041666865348816,0.7953971028327942,47
indexer,11,-1,answer,max_score,false,0.9262153506278992,0.875,0.9417582154273987,47
indexer,11,-1,answer,max_score,true,0.744407594203949,0.6145833134651184,0.8035140633583069,47
native_selection,11,-1,answer,top512_share,false,0.5920552611351013,0.3854166567325592,0.6886062622070312,47
indexer,11,-1,both,mass,false,0.758680522441864,0.6041666865348816,0.8159334063529968,47
indexer,11,-1,both,mass,true,0.5050809383392334,0.3854166567325592,0.530345618724823,47
indexer,11,-1,both,mass_rope,false,0.3518714904785156,0.1770833283662796,0.4512820243835449,47
indexer,11,-1,both,mass_rope,true,0.3844720125198364,0.2083333283662796,0.47676369547843933,47
indexer,11,-1,both,mass_nope,false,0.5091063380241394,0.2708333432674408,0.6220412850379944,47
indexer,11,-1,both,mass_nope,true,0.48306354880332947,0.3229166567325592,0.5407387018203735,47
indexer,11,-1,both,mass_paper,false,0.7862593531608582,0.6666666865348816,0.8359444737434387,47
indexer,11,-1,both,mass_paper,true,0.577795684337616,0.4791666567325592,0.5928868651390076,47
indexer,11,-1,both,mass_rope_paper,false,0.3410007655620575,0.1666666716337204,0.43308958411216736,47
indexer,11,-1,both,mass_rope_paper,true,0.21548716723918915,0.0833333358168602,0.25896307826042175,47
indexer,11,-1,both,mass_nope_paper,false,0.6304711699485779,0.4270833432674408,0.7151258587837219,47
indexer,11,-1,both,mass_nope_paper,true,0.45286306738853455,0.3125,0.47940874099731445,47
indexer,11,-1,both,mean_score,false,0.5914835333824158,0.375,0.6855204701423645,47
indexer,11,-1,both,mean_score,true,0.5630543828010559,0.4375,0.6315703988075256,47
indexer,11,-1,both,max_score,false,0.7123463749885559,0.5416666865348816,0.7809717059135437,47
indexer,11,-1,both,max_score,true,0.4454360008239746,0.28125,0.5218052864074707,47
native_selection,11,-1,both,top512_share,false,0.4147813022136688,0.1979166716337204,0.5355680584907532,47
indexer_layer_mean,-1,-1,question,mass,false,0.6042121052742004,0.3958333432674408,0.6982420086860657,-1
indexer_layer_mean,-1,-1,question,mass_paper,false,0.6493917107582092,0.4791666567325592,0.727916419506073,-1
indexer_layer_mean,-1,-1,question,mass,true,0.7197093963623047,0.5520833134651184,0.78639817237854,-1
indexer_layer_mean,-1,-1,question,mass_paper,true,0.66786789894104,0.5104166865348816,0.7363681793212891,-1
indexer_layer_mean,-1,-1,answer,mass,false,0.9246528148651123,0.8645833134651184,0.9437329173088074,-1
indexer_layer_mean,-1,-1,answer,mass_paper,false,0.9472222328186035,0.90625,0.9604747295379639,-1
indexer_layer_mean,-1,-1,answer,mass,true,0.8382354378700256,0.7604166865348816,0.8625192642211914,-1
indexer_layer_mean,-1,-1,answer,mass_paper,true,0.7173005938529968,0.6666666865348816,0.7105860114097595,-1
indexer_layer_mean,-1,-1,both,mass,false,0.814872682094574,0.6979166865348816,0.8578805327415466,-1
indexer_layer_mean,-1,-1,both,mass_paper,false,0.8837963938713074,0.8125,0.9125165939331055,-1
indexer_layer_mean,-1,-1,both,mass,true,0.5701879858970642,0.4375,0.6102306842803955,-1
indexer_layer_mean,-1,-1,both,mass_paper,true,0.47464942932128906,0.3958333432674408,0.4742828905582428,-1
dense_head,0,0,question,mass,false,0.21150092780590057,0.0625,0.2809738218784332,3
dense_head,0,1,question,mass,false,0.21882931888103485,0.0520833320915699,0.3000505864620209,3
dense_head,0,2,question,mass,false,0.19866067171096802,0.0416666679084301,0.27445274591445923,3
dense_head,0,3,question,mass,false,0.20304733514785767,0.0625,0.2608420252799988,3
dense_head,0,4,question,mass,false,0.21225996315479279,0.03125,0.27519866824150085,3
dense_head,0,5,question,mass,false,0.22955496609210968,0.0625,0.3142273724079132,3
dense_head,0,6,question,mass,false,0.2960180342197418,0.1145833358168602,0.38364991545677185,3
dense_head,0,7,question,mass,false,0.17520534992218018,0.03125,0.22380812466144562,3
dense_head,0,8,question,mass,false,0.22354380786418915,0.0729166641831398,0.30532723665237427,3
dense_head,0,9,question,mass,false,0.2961709499359131,0.125,0.37227317690849304,3
dense_head,0,10,question,mass,false,0.19398808479309082,0.0625,0.23518653213977814,3
dense_head,0,11,question,mass,false,0.16619227826595306,0.0416666679084301,0.2048187106847763,3
dense_head,0,12,question,mass,false,0.21616864204406738,0.0625,0.2907736599445343,3
dense_head,0,13,question,mass,false,0.18602412939071655,0.0625,0.23146355152130127,3
dense_head,0,14,question,mass,false,0.2014947384595871,0.0625,0.23804312944412231,3
dense_head,0,15,question,mass,false,0.23924541473388672,0.0833333358168602,0.3263659179210663,3
dense_head,0,16,question,mass,false,0.2472478300333023,0.09375,0.3387892246246338,3
dense_head,0,17,question,mass,false,0.21027934551239014,0.0729166641831398,0.2771843373775482,3
dense_head,0,18,question,mass,false,0.19407027959823608,0.0520833320915699,0.2555209994316101,3
dense_head,0,19,question,mass,false,0.19289036095142365,0.03125,0.25628381967544556,3
dense_head,0,20,question,mass,false,0.3103296160697937,0.15625,0.3908489942550659,3
dense_head,0,21,question,mass,false,0.22735269367694855,0.0729166641831398,0.31605812907218933,3
dense_head,0,22,question,mass,false,0.29498741030693054,0.125,0.3801039457321167,3
dense_head,0,23,question,mass,false,0.23434682190418243,0.0625,0.31726014614105225,3
dense_head,1,0,question,mass,false,0.3307347297668457,0.15625,0.42844006419181824,7
dense_head,1,1,question,mass,false,0.3575957119464874,0.1770833283662796,0.45839694142341614,7
dense_head,1,2,question,mass,false,0.34365102648735046,0.1770833283662796,0.44441506266593933,7
dense_head,1,3,question,mass,false,0.39369919896125793,0.1875,0.4999449551105499,7
dense_head,1,4,question,mass,false,0.3433937132358551,0.1354166716337204,0.4484974443912506,7
dense_head,1,5,question,mass,false,0.4737772047519684,0.3020833432674408,0.5817676782608032,7
dense_head,1,6,question,mass,false,0.3872394561767578,0.15625,0.5021724700927734,7
dense_head,1,7,question,mass,false,0.28359219431877136,0.1041666641831398,0.3707487881183624,7
dense_head,1,8,question,mass,false,0.27658501267433167,0.1354166716337204,0.3452405631542206,7
dense_head,1,9,question,mass,false,0.28730180859565735,0.0729166641831398,0.4079922139644623,7
dense_head,1,10,question,mass,false,0.4438451826572418,0.2291666716337204,0.5551577210426331,7
dense_head,1,11,question,mass,false,0.2820780575275421,0.0833333358168602,0.4022951126098633,7
dense_head,1,12,question,mass,false,0.25372928380966187,0.0416666679084301,0.3527909517288208,7
dense_head,1,13,question,mass,false,0.27349117398262024,0.0625,0.3810347616672516,7
dense_head,1,14,question,mass,false,0.3531610071659088,0.1666666716337204,0.47075143456459045,7
dense_head,1,15,question,mass,false,0.2947552800178528,0.1041666641831398,0.3927404582500458,7
dense_head,1,16,question,mass,false,0.19939763844013214,0.0520833320915699,0.26375630497932434,7
dense_head,1,17,question,mass,false,0.4000228941440582,0.2083333283662796,0.5138922333717346,7
dense_head,1,18,question,mass,false,0.2760305106639862,0.09375,0.39128080010414124,7
dense_head,1,19,question,mass,false,0.29815804958343506,0.09375,0.42756685614585876,7
dense_head,1,20,question,mass,false,0.3624742329120636,0.1458333283662796,0.4879407584667206,7
dense_head,1,21,question,mass,false,0.4830061197280884,0.28125,0.5910617113113403,7
dense_head,1,22,question,mass,false,0.2671413719654083,0.09375,0.3688262403011322,7
dense_head,1,23,question,mass,false,0.2791231572628021,0.0729166641831398,0.39304089546203613,7
dense_head,2,0,question,mass,false,0.5314609408378601,0.34375,0.6283600926399231,11
dense_head,2,1,question,mass,false,0.36447158455848694,0.1458333283662796,0.4932538568973541,11
dense_head,2,2,question,mass,false,0.5165999531745911,0.3125,0.626023530960083,11
dense_head,2,3,question,mass,false,0.5343299508094788,0.3229166567325592,0.6340178847312927,11
dense_head,2,4,question,mass,false,0.29614928364753723,0.09375,0.432140588760376,11
dense_head,2,5,question,mass,false,0.5085855722427368,0.3125,0.6047791242599487,11
dense_head,2,6,question,mass,false,0.3665417730808258,0.1770833283662796,0.47855329513549805,11
dense_head,2,7,question,mass,false,0.3396984338760376,0.1145833358168602,0.4806978702545166,11
dense_head,2,8,question,mass,false,0.4874071776866913,0.3020833432674408,0.5930256247520447,11
dense_head,2,9,question,mass,false,0.4143977165222168,0.21875,0.5335000157356262,11
dense_head,2,10,question,mass,false,0.2825774848461151,0.0729166641831398,0.4037250280380249,11
dense_head,2,11,question,mass,false,0.3929285705089569,0.2083333283662796,0.5041806101799011,11
dense_head,2,12,question,mass,false,0.3684025704860687,0.1145833358168602,0.4977622926235199,11
dense_head,2,13,question,mass,false,0.3199223577976227,0.1458333283662796,0.4402482509613037,11
dense_head,2,14,question,mass,false,0.43748530745506287,0.28125,0.5377845168113708,11
dense_head,2,15,question,mass,false,0.26389679312705994,0.09375,0.37031689286231995,11
dense_head,2,16,question,mass,false,0.3784157931804657,0.1666666716337204,0.5072526335716248,11
dense_head,2,17,question,mass,false,0.29144808650016785,0.125,0.3882233202457428,11
dense_head,2,18,question,mass,false,0.5120705962181091,0.3229166567325592,0.6154940724372864,11
dense_head,2,19,question,mass,false,0.4758969843387604,0.25,0.5894033908843994,11
dense_head,2,20,question,mass,false,0.37234464287757874,0.1770833283662796,0.48919224739074707,11
dense_head,2,21,question,mass,false,0.22053419053554535,0.0625,0.2921806275844574,11
dense_head,2,22,question,mass,false,0.2118382453918457,0.0729166641831398,0.26158443093299866,11
dense_head,2,23,question,mass,false,0.5378146767616272,0.3229166567325592,0.6366707682609558,11
dense_head,3,0,question,mass,false,0.4270423650741577,0.2291666716337204,0.5443311333656311,15
dense_head,3,1,question,mass,false,0.46030890941619873,0.2395833283662796,0.5740824937820435,15
dense_head,3,2,question,mass,false,0.5871734619140625,0.3958333432674408,0.6779777407646179,15
dense_head,3,3,question,mass,false,0.701798141002655,0.53125,0.7694029808044434,15
dense_head,3,4,question,mass,false,0.5834783911705017,0.4270833432674408,0.6704533100128174,15
dense_head,3,5,question,mass,false,0.5879877209663391,0.3958333432674408,0.6846217513084412,15
dense_head,3,6,question,mass,false,0.48423799872398376,0.25,0.6060070395469666,15
dense_head,3,7,question,mass,false,0.6682739853858948,0.4895833432674408,0.7469876408576965,15
dense_head,3,8,question,mass,false,0.4333624541759491,0.2291666716337204,0.5355134010314941,15
dense_head,3,9,question,mass,false,0.6276896595954895,0.46875,0.7054312229156494,15
dense_head,3,10,question,mass,false,0.5000572204589844,0.2916666567325592,0.6132333278656006,15
dense_head,3,11,question,mass,false,0.6126288771629333,0.4375,0.6966025233268738,15
dense_head,3,12,question,mass,false,0.7074195742607117,0.53125,0.7710278630256653,15
dense_head,3,13,question,mass,false,0.4459123909473419,0.1979166716337204,0.5679503083229065,15
dense_head,3,14,question,mass,false,0.592885434627533,0.4166666567325592,0.6874948143959045,15
dense_head,3,15,question,mass,false,0.6207913756370544,0.4166666567325592,0.7110188603401184,15
dense_head,3,16,question,mass,false,0.7102599740028381,0.5625,0.7749747633934021,15
dense_head,3,17,question,mass,false,0.5236604809761047,0.3125,0.6324577927589417,15
dense_head,3,18,question,mass,false,0.4820142090320587,0.2708333432674408,0.5932676792144775,15
dense_head,3,19,question,mass,false,0.44189372658729553,0.2395833283662796,0.5641633868217468,15
dense_head,3,20,question,mass,false,0.5992935299873352,0.4166666567325592,0.6892991662025452,15
dense_head,3,21,question,mass,false,0.4510331451892853,0.21875,0.573500394821167,15
dense_head,3,22,question,mass,false,0.43609845638275146,0.21875,0.5581361055374146,15
dense_head,3,23,question,mass,false,0.5764268040657043,0.3854166567325592,0.6688316464424133,15
dense_head,4,0,question,mass,false,0.25811514258384705,0.0520833320915699,0.38848304748535156,19
dense_head,4,1,question,mass,false,0.6673321723937988,0.5,0.7421777844429016,19
dense_head,4,2,question,mass,false,0.682386577129364,0.5416666865348816,0.7525016665458679,19
dense_head,4,3,question,mass,false,0.46622994542121887,0.1979166716337204,0.5807983875274658,19
dense_head,4,4,question,mass,false,0.47934067249298096,0.2604166567325592,0.5891454219818115,19
dense_head,4,5,question,mass,false,0.5821763277053833,0.3541666567325592,0.6783318519592285,19
dense_head,4,6,question,mass,false,0.7321801781654358,0.59375,0.7881722450256348,19
dense_head,4,7,question,mass,false,0.6042580008506775,0.4166666567325592,0.6939723491668701,19
dense_head,4,8,question,mass,false,0.6038728952407837,0.40625,0.6941030025482178,19
dense_head,4,9,question,mass,false,0.3858613967895508,0.2083333283662796,0.5021302700042725,19
dense_head,4,10,question,mass,false,0.659957230091095,0.4791666567325592,0.7401173710823059,19
dense_head,4,11,question,mass,false,0.5831770300865173,0.40625,0.6740097403526306,19
dense_head,4,12,question,mass,false,0.745398759841919,0.6145833134651184,0.8045620322227478,19
dense_head,4,13,question,mass,false,0.68217533826828,0.4895833432674408,0.7580634951591492,19
dense_head,4,14,question,mass,false,0.5575770139694214,0.3854166567325592,0.6476982831954956,19
dense_head,4,15,question,mass,false,0.6811673045158386,0.5104166865348816,0.7566329836845398,19
dense_head,4,16,question,mass,false,0.458067923784256,0.2395833283662796,0.575739324092865,19
dense_head,4,17,question,mass,false,0.6376160979270935,0.4479166567325592,0.7169674038887024,19
dense_head,4,18,question,mass,false,0.4940067529678345,0.2916666567325592,0.5967345833778381,19
dense_head,4,19,question,mass,false,0.695225715637207,0.5416666865348816,0.7662644386291504,19
dense_head,4,20,question,mass,false,0.6819985508918762,0.53125,0.7529899477958679,19
dense_head,4,21,question,mass,false,0.694749653339386,0.5208333134651184,0.7637148499488831,19
dense_head,4,22,question,mass,false,0.53956139087677,0.34375,0.6378889679908752,19
dense_head,4,23,question,mass,false,0.7339782118797302,0.6041666865348816,0.7955954074859619,19
dense_head,5,0,question,mass,false,0.5925950407981873,0.3958333432674408,0.6845884323120117,23
dense_head,5,1,question,mass,false,0.6024999022483826,0.4270833432674408,0.6857612729072571,23
dense_head,5,2,question,mass,false,0.6603588461875916,0.4895833432674408,0.7401854395866394,23
dense_head,5,3,question,mass,false,0.6434765458106995,0.46875,0.7269877791404724,23
dense_head,5,4,question,mass,false,0.6775507926940918,0.53125,0.7494977116584778,23
dense_head,5,5,question,mass,false,0.437039852142334,0.2083333283662796,0.5593096017837524,23
dense_head,5,6,question,mass,false,0.5229201912879944,0.3541666567325592,0.6206198334693909,23
dense_head,5,7,question,mass,false,0.5470737814903259,0.3541666567325592,0.6496953964233398,23
dense_head,5,8,question,mass,false,0.5778857469558716,0.3645833432674408,0.6682741045951843,23
dense_head,5,9,question,mass,false,0.6452257037162781,0.4583333432674408,0.7284753322601318,23
dense_head,5,10,question,mass,false,0.5893181562423706,0.4270833432674408,0.672389805316925,23
dense_head,5,11,question,mass,false,0.6708622574806213,0.5104166865348816,0.7477204203605652,23
dense_head,5,12,question,mass,false,0.5895476341247559,0.4166666567325592,0.6755053400993347,23
dense_head,5,13,question,mass,false,0.489784836769104,0.3333333432674408,0.5819737315177917,23
dense_head,5,14,question,mass,false,0.5500611662864685,0.375,0.6391744017601013,23
dense_head,5,15,question,mass,false,0.6187561750411987,0.4479166567325592,0.7071948647499084,23
dense_head,5,16,question,mass,false,0.5524375438690186,0.3645833432674408,0.6476678848266602,23
dense_head,5,17,question,mass,false,0.45053231716156006,0.28125,0.5553568601608276,23
dense_head,5,18,question,mass,false,0.6464822888374329,0.4791666567325592,0.7260568737983704,23
dense_head,5,19,question,mass,false,0.5893843770027161,0.3958333432674408,0.6822681427001953,23
dense_head,5,20,question,mass,false,0.4466897249221802,0.2604166567325592,0.5550845265388489,23
dense_head,5,21,question,mass,false,0.6641656160354614,0.5104166865348816,0.7325721383094788,23
dense_head,5,22,question,mass,false,0.5963959097862244,0.4166666567325592,0.6875578761100769,23
dense_head,5,23,question,mass,false,0.44211360812187195,0.28125,0.529731810092926,23
dense_head,6,0,question,mass,false,0.7228209376335144,0.5729166865348816,0.7878230214118958,27
dense_head,6,1,question,mass,false,0.6655674576759338,0.5,0.7408490777015686,27
dense_head,6,2,question,mass,false,0.7256565690040588,0.5625,0.7901914119720459,27
dense_head,6,3,question,mass,false,0.76163649559021,0.6145833134651184,0.8177476525306702,27
dense_head,6,4,question,mass,false,0.603594958782196,0.40625,0.694042980670929,27
dense_head,6,5,question,mass,false,0.7374711036682129,0.59375,0.7986531853675842,27
dense_head,6,6,question,mass,false,0.5966298580169678,0.4166666567325592,0.684776246547699,27
dense_head,6,7,question,mass,false,0.6117884516716003,0.4375,0.7020053863525391,27
dense_head,6,8,question,mass,false,0.6414148807525635,0.46875,0.7221214175224304,27
dense_head,6,9,question,mass,false,0.5296897292137146,0.3125,0.6338648200035095,27
dense_head,6,10,question,mass,false,0.5848779678344727,0.3958333432674408,0.6785795092582703,27
dense_head,6,11,question,mass,false,0.5786659121513367,0.375,0.671882688999176,27
dense_head,6,12,question,mass,false,0.6957430839538574,0.53125,0.7610978484153748,27
dense_head,6,13,question,mass,false,0.5623918771743774,0.3645833432674408,0.6624069809913635,27
dense_head,6,14,question,mass,false,0.6478195190429688,0.4895833432674408,0.7262378334999084,27
dense_head,6,15,question,mass,false,0.5060027241706848,0.3333333432674408,0.6049365997314453,27
dense_head,6,16,question,mass,false,0.6402609944343567,0.4583333432674408,0.718677818775177,27
dense_head,6,17,question,mass,false,0.4350168704986572,0.2395833283662796,0.5387685894966125,27
dense_head,6,18,question,mass,false,0.6823582649230957,0.5208333134651184,0.7479812502861023,27
dense_head,6,19,question,mass,false,0.7335317134857178,0.5729166865348816,0.7965154051780701,27
dense_head,6,20,question,mass,false,0.6093199849128723,0.4166666567325592,0.6952774524688721,27
dense_head,6,21,question,mass,false,0.2886383533477783,0.1041666641831398,0.3953676223754883,27
dense_head,6,22,question,mass,false,0.5155251622200012,0.3333333432674408,0.6119668483734131,27
dense_head,6,23,question,mass,false,0.7222763895988464,0.5625,0.7849251627922058,27
dense_head,7,0,question,mass,false,0.6457216739654541,0.4583333432674408,0.7267646789550781,31
dense_head,7,1,question,mass,false,0.8101597428321838,0.7083333134651184,0.8533908724784851,31
dense_head,7,2,question,mass,false,0.7521622180938721,0.6041666865348816,0.8074069023132324,31
dense_head,7,3,question,mass,false,0.7879629731178284,0.6458333134651184,0.8378019332885742,31
dense_head,7,4,question,mass,false,0.7460772395133972,0.59375,0.8052285313606262,31
dense_head,7,5,question,mass,false,0.7849371433258057,0.65625,0.8381621241569519,31
dense_head,7,6,question,mass,false,0.7574033141136169,0.6041666865348816,0.8174872398376465,31
dense_head,7,7,question,mass,false,0.7947961688041687,0.6666666865348816,0.8427772521972656,31
dense_head,7,8,question,mass,false,0.642150342464447,0.4791666567325592,0.7191318869590759,31
dense_head,7,9,question,mass,false,0.7833912372589111,0.6458333134651184,0.8373529314994812,31
dense_head,7,10,question,mass,false,0.725731372833252,0.5729166865348816,0.7873494029045105,31
dense_head,7,11,question,mass,false,0.728943407535553,0.5833333134651184,0.7921797633171082,31
dense_head,7,12,question,mass,false,0.8084990978240967,0.6770833134651184,0.8533352017402649,31
dense_head,7,13,question,mass,false,0.7627148628234863,0.6145833134651184,0.821739673614502,31
dense_head,7,14,question,mass,false,0.7604414820671082,0.6041666865348816,0.8201835751533508,31
dense_head,7,15,question,mass,false,0.7375289797782898,0.5729166865348816,0.7995335459709167,31
dense_head,7,16,question,mass,false,0.7678151726722717,0.6354166865348816,0.8217769265174866,31
dense_head,7,17,question,mass,false,0.6984543800354004,0.5208333134651184,0.7671446800231934,31
dense_head,7,18,question,mass,false,0.75123530626297,0.6041666865348816,0.8069564700126648,31
dense_head,7,19,question,mass,false,0.6680886149406433,0.5208333134651184,0.7356194853782654,31
dense_head,7,20,question,mass,false,0.7236773371696472,0.5520833134651184,0.7890043258666992,31
dense_head,7,21,question,mass,false,0.6766741275787354,0.4791666567325592,0.7537617087364197,31
dense_head,7,22,question,mass,false,0.7643271088600159,0.625,0.8196000456809998,31
dense_head,7,23,question,mass,false,0.7413194179534912,0.5833333134651184,0.8022603988647461,31
dense_head,8,0,question,mass,false,0.3501664102077484,0.1666666716337204,0.44451260566711426,35
dense_head,8,1,question,mass,false,0.6759169697761536,0.5104166865348816,0.7516102194786072,35
dense_head,8,2,question,mass,false,0.7949321866035461,0.6666666865348816,0.8456974029541016,35
dense_head,8,3,question,mass,false,0.6184400320053101,0.4270833432674408,0.7076019644737244,35
dense_head,8,4,question,mass,false,0.6898189187049866,0.5104166865348816,0.7633207440376282,35
dense_head,8,5,question,mass,false,0.6963534951210022,0.53125,0.7677924036979675,35
dense_head,8,6,question,mass,false,0.7511898875236511,0.6041666865348816,0.8090818524360657,35
dense_head,8,7,question,mass,false,0.7317129969596863,0.59375,0.7943194508552551,35
dense_head,8,8,question,mass,false,0.6542786955833435,0.4895833432674408,0.7255074977874756,35
dense_head,8,9,question,mass,false,0.533471941947937,0.3541666567325592,0.6174318194389343,35
dense_head,8,10,question,mass,false,0.7758023142814636,0.6458333134651184,0.8282838463783264,35
dense_head,8,11,question,mass,false,0.7322630882263184,0.59375,0.7943927645683289,35
dense_head,8,12,question,mass,false,0.7856315970420837,0.65625,0.8386145234107971,35
dense_head,8,13,question,mass,false,0.7918446660041809,0.6458333134651184,0.8410806059837341,35
dense_head,8,14,question,mass,false,0.7283481955528259,0.5833333134651184,0.7887172698974609,35
dense_head,8,15,question,mass,false,0.7660708427429199,0.65625,0.8167648315429688,35
dense_head,8,16,question,mass,false,0.7091145515441895,0.53125,0.7778510451316833,35
dense_head,8,17,question,mass,false,0.7574651837348938,0.6041666865348816,0.8177001476287842,35
dense_head,8,18,question,mass,false,0.7711060643196106,0.6354166865348816,0.8249022364616394,35
dense_head,8,19,question,mass,false,0.7108211517333984,0.5625,0.7756749987602234,35
dense_head,8,20,question,mass,false,0.7934317588806152,0.6770833134651184,0.8444083333015442,35
dense_head,8,21,question,mass,false,0.7498388290405273,0.6145833134651184,0.8083376884460449,35
dense_head,8,22,question,mass,false,0.703683078289032,0.5520833134651184,0.7727317810058594,35
dense_head,8,23,question,mass,false,0.7654559016227722,0.625,0.8174536228179932,35
dense_head,9,0,question,mass,false,0.6159188747406006,0.4166666567325592,0.7033548951148987,39
dense_head,9,1,question,mass,false,0.5713131427764893,0.3645833432674408,0.6687185764312744,39
dense_head,9,2,question,mass,false,0.7012441754341125,0.5416666865348816,0.7742683291435242,39
dense_head,9,3,question,mass,false,0.6353546380996704,0.4375,0.7216741442680359,39
dense_head,9,4,question,mass,false,0.6210651993751526,0.4375,0.7097870707511902,39
dense_head,9,5,question,mass,false,0.6264099478721619,0.4375,0.714547336101532,39
dense_head,9,6,question,mass,false,0.6726390719413757,0.4895833432674408,0.7499620318412781,39
dense_head,9,7,question,mass,false,0.6124098896980286,0.4166666567325592,0.6977806091308594,39
dense_head,9,8,question,mass,false,0.7138020992279053,0.5625,0.7808195948600769,39
dense_head,9,9,question,mass,false,0.6739417910575867,0.5,0.7503259778022766,39
dense_head,9,10,question,mass,false,0.6401000618934631,0.4270833432674408,0.7229436039924622,39
dense_head,9,11,question,mass,false,0.6202505230903625,0.4479166567325592,0.7082242965698242,39
dense_head,9,12,question,mass,false,0.559180498123169,0.3541666567325592,0.6508877873420715,39
dense_head,9,13,question,mass,false,0.5784633159637451,0.375,0.6686256527900696,39
dense_head,9,14,question,mass,false,0.46070513129234314,0.25,0.5740029215812683,39
dense_head,9,15,question,mass,false,0.6060019135475159,0.40625,0.7021833062171936,39
dense_head,9,16,question,mass,false,0.5746362209320068,0.3854166567325592,0.6715266108512878,39
dense_head,9,17,question,mass,false,0.46442198753356934,0.28125,0.5688925385475159,39
dense_head,9,18,question,mass,false,0.6327636241912842,0.4375,0.7163543701171875,39
dense_head,9,19,question,mass,false,0.6406539678573608,0.4583333432674408,0.7252495884895325,39
dense_head,9,20,question,mass,false,0.5600005984306335,0.3854166567325592,0.6525231599807739,39
dense_head,9,21,question,mass,false,0.6658403277397156,0.4791666567325592,0.7445082068443298,39
dense_head,9,22,question,mass,false,0.5662530660629272,0.3541666567325592,0.6654338836669922,39
dense_head,9,23,question,mass,false,0.33071374893188477,0.1354166716337204,0.43844619393348694,39
dense_head,10,0,question,mass,false,0.5492594838142395,0.3333333432674408,0.6523964405059814,43
dense_head,10,1,question,mass,false,0.5199277997016907,0.2916666567325592,0.6272035241127014,43
dense_head,10,2,question,mass,false,0.5715695023536682,0.375,0.6654979586601257,43
dense_head,10,3,question,mass,false,0.5763393044471741,0.375,0.6759054660797119,43
dense_head,10,4,question,mass,false,0.5421010851860046,0.3229166567325592,0.6437707543373108,43
dense_head,10,5,question,mass,false,0.525173008441925,0.3020833432674408,0.631092369556427,43
dense_head,10,6,question,mass,false,0.31365635991096497,0.125,0.4277808368206024,43
dense_head,10,7,question,mass,false,0.6017236709594727,0.40625,0.6924424767494202,43
dense_head,10,8,question,mass,false,0.45771339535713196,0.2291666716337204,0.575290322303772,43
dense_head,10,9,question,mass,false,0.5461433529853821,0.3125,0.650773823261261,43
dense_head,10,10,question,mass,false,0.5541457533836365,0.3229166567325592,0.6569777131080627,43
dense_head,10,11,question,mass,false,0.5909591913223267,0.3958333432674408,0.6816003322601318,43
dense_head,10,12,question,mass,false,0.6145282983779907,0.4479166567325592,0.6979801654815674,43
dense_head,10,13,question,mass,false,0.5457510352134705,0.3125,0.6504497528076172,43
dense_head,10,14,question,mass,false,0.5770713090896606,0.3541666567325592,0.671307384967804,43
dense_head,10,15,question,mass,false,0.5284103751182556,0.3020833432674408,0.6326436400413513,43
dense_head,10,16,question,mass,false,0.6209316849708557,0.4375,0.7036617398262024,43
dense_head,10,17,question,mass,false,0.6085073351860046,0.4166666567325592,0.6975423693656921,43
dense_head,10,18,question,mass,false,0.6604780554771423,0.4791666567325592,0.73762446641922,43
dense_head,10,19,question,mass,false,0.5696101784706116,0.3645833432674408,0.6649481058120728,43
dense_head,10,20,question,mass,false,0.5706353783607483,0.375,0.6684250235557556,43
dense_head,10,21,question,mass,false,0.6147531867027283,0.4479166567325592,0.6953935027122498,43
dense_head,10,22,question,mass,false,0.5394440293312073,0.3333333432674408,0.6323730945587158,43
dense_head,10,23,question,mass,false,0.5434152483940125,0.34375,0.6477094888687134,43
dense_head,11,0,question,mass,false,0.5868921279907227,0.40625,0.6772978901863098,47
dense_head,11,1,question,mass,false,0.538390576839447,0.3645833432674408,0.6333363652229309,47
dense_head,11,2,question,mass,false,0.5404729247093201,0.3958333432674408,0.6266749501228333,47
dense_head,11,3,question,mass,false,0.4986394941806793,0.34375,0.5939044952392578,47
dense_head,11,4,question,mass,false,0.4675265848636627,0.28125,0.5724310278892517,47
dense_head,11,5,question,mass,false,0.574537456035614,0.4270833432674408,0.663165271282196,47
dense_head,11,6,question,mass,false,0.5314739346504211,0.3645833432674408,0.6265652179718018,47
dense_head,11,7,question,mass,false,0.5557729601860046,0.375,0.6496059894561768,47
dense_head,11,8,question,mass,false,0.5089514255523682,0.3229166567325592,0.6013675928115845,47
dense_head,11,9,question,mass,false,0.5159197449684143,0.3333333432674408,0.6004599928855896,47
dense_head,11,10,question,mass,false,0.5127988457679749,0.3333333432674408,0.6042940020561218,47
dense_head,11,11,question,mass,false,0.5705891847610474,0.3541666567325592,0.6626296639442444,47
dense_head,11,12,question,mass,false,0.46825018525123596,0.2604166567325592,0.5835856795310974,47
dense_head,11,13,question,mass,false,0.4142943322658539,0.15625,0.5431918501853943,47
dense_head,11,14,question,mass,false,0.49298402667045593,0.2708333432674408,0.6057643294334412,47
dense_head,11,15,question,mass,false,0.433548241853714,0.1666666716337204,0.5619574785232544,47
dense_head,11,16,question,mass,false,0.4690273106098175,0.2604166567325592,0.5839784145355225,47
dense_head,11,17,question,mass,false,0.47280994057655334,0.2708333432674408,0.5859746336936951,47
dense_head,11,18,question,mass,false,0.38363590836524963,0.1875,0.48896709084510803,47
dense_head,11,19,question,mass,false,0.25912538170814514,0.0625,0.3584044873714447,47
dense_head,11,20,question,mass,false,0.5127901434898376,0.2916666567325592,0.6213681697845459,47
dense_head,11,21,question,mass,false,0.472201943397522,0.25,0.584484338760376,47
dense_head,11,22,question,mass,false,0.3803940713405609,0.15625,0.5112459063529968,47
dense_head,11,23,question,mass,false,0.4683990180492401,0.25,0.5834226012229919,47
dense_head_top16_cv,-1,-1,question,mass,false,0.8102352023124695,0.6770833134651184,0.8548867106437683,-1
dense_head_top16_cv_gated,-1,-1,question,mass,false,0.8035635948181152,0.6666666865348816,0.8498428463935852,-1
dense_head_all_mean,-1,-1,question,mass,false,0.6576761603355408,0.46875,0.7388997077941895,-1
dense_head,0,0,question,mass,true,0.23645710945129395,0.0625,0.3164151608943939,3
dense_head,0,1,question,mass,true,0.24471016228199005,0.0729166641831398,0.32640597224235535,3
dense_head,0,2,question,mass,true,0.19951997697353363,0.03125,0.2758326232433319,3
dense_head,0,3,question,mass,true,0.2632271945476532,0.09375,0.35779762268066406,3
dense_head,0,4,question,mass,true,0.2843785583972931,0.1354166716337204,0.3467769920825958,3
dense_head,0,5,question,mass,true,0.30733028054237366,0.125,0.3931068480014801,3
dense_head,0,6,question,mass,true,0.3579351603984833,0.1770833283662796,0.4519897997379303,3
dense_head,0,7,question,mass,true,0.18926624953746796,0.0416666679084301,0.2556895613670349,3
dense_head,0,8,question,mass,true,0.2490624636411667,0.09375,0.34004664421081543,3
dense_head,0,9,question,mass,true,0.3309093117713928,0.1666666716337204,0.4128890931606293,3
dense_head,0,10,question,mass,true,0.17897121608257294,0.0520833320915699,0.23893295228481293,3
dense_head,0,11,question,mass,true,0.18752197921276093,0.0416666679084301,0.26115384697914124,3
dense_head,0,12,question,mass,true,0.23528911173343658,0.0625,0.3387792110443115,3
dense_head,0,13,question,mass,true,0.20585007965564728,0.0625,0.2704530656337738,3
dense_head,0,14,question,mass,true,0.2023511379957199,0.0625,0.27394983172416687,3
dense_head,0,15,question,mass,true,0.2628641724586487,0.1041666641831398,0.36231112480163574,3
dense_head,0,16,question,mass,true,0.27358707785606384,0.1041666641831398,0.38320043683052063,3
dense_head,0,17,question,mass,true,0.22281022369861603,0.0625,0.3257506787776947,3
dense_head,0,18,question,mass,true,0.2055143564939499,0.0729166641831398,0.27570146322250366,3
dense_head,0,19,question,mass,true,0.2522086203098297,0.0833333358168602,0.3504294455051422,3
dense_head,0,20,question,mass,true,0.3318425714969635,0.1666666716337204,0.4228092133998871,3
dense_head,0,21,question,mass,true,0.27974435687065125,0.1041666641831398,0.3771630823612213,3
dense_head,0,22,question,mass,true,0.31703728437423706,0.1458333283662796,0.4035310447216034,3
dense_head,0,23,question,mass,true,0.2793292701244354,0.125,0.3645545542240143,3
dense_head,1,0,question,mass,true,0.3438659906387329,0.1666666716337204,0.4418415129184723,7
dense_head,1,1,question,mass,true,0.3987167179584503,0.21875,0.49345505237579346,7
dense_head,1,2,question,mass,true,0.37801387906074524,0.2291666716337204,0.46820059418678284,7
dense_head,1,3,question,mass,true,0.4244173765182495,0.21875,0.5300125479698181,7
dense_head,1,4,question,mass,true,0.3465214669704437,0.1458333283662796,0.454007625579834,7
dense_head,1,5,question,mass,true,0.45440444350242615,0.28125,0.5667774677276611,7
dense_head,1,6,question,mass,true,0.44276848435401917,0.25,0.5438324809074402,7
dense_head,1,7,question,mass,true,0.30049368739128113,0.1354166716337204,0.38348498940467834,7
dense_head,1,8,question,mass,true,0.2769704759120941,0.1041666641831398,0.37469014525413513,7
dense_head,1,9,question,mass,true,0.4119345247745514,0.2083333283662796,0.5202538371086121,7
dense_head,1,10,question,mass,true,0.4676690995693207,0.2708333432674408,0.5759872794151306,7
dense_head,1,11,question,mass,true,0.3364271819591522,0.1145833358168602,0.45392680168151855,7
dense_head,1,12,question,mass,true,0.30997464060783386,0.1458333283662796,0.4070436954498291,7
dense_head,1,13,question,mass,true,0.38440486788749695,0.21875,0.4619927704334259,7
dense_head,1,14,question,mass,true,0.42165255546569824,0.2291666716337204,0.5389277338981628,7
dense_head,1,15,question,mass,true,0.27774274349212646,0.1041666641831398,0.36288848519325256,7
dense_head,1,16,question,mass,true,0.20310209691524506,0.0729166641831398,0.2618590295314789,7
dense_head,1,17,question,mass,true,0.45394834876060486,0.2604166567325592,0.562044620513916,7
dense_head,1,18,question,mass,true,0.3098991811275482,0.09375,0.44364047050476074,7
dense_head,1,19,question,mass,true,0.37517309188842773,0.1979166716337204,0.4738111197948456,7
dense_head,1,20,question,mass,true,0.4468730688095093,0.25,0.5503088235855103,7
dense_head,1,21,question,mass,true,0.5238134860992432,0.3229166567325592,0.610184371471405,7
dense_head,1,22,question,mass,true,0.3250843286514282,0.1666666716337204,0.4321196973323822,7
dense_head,1,23,question,mass,true,0.33964458107948303,0.1458333283662796,0.445153146982193,7
dense_head,2,0,question,mass,true,0.6254816651344299,0.4583333432674408,0.7002773284912109,11
dense_head,2,1,question,mass,true,0.5573788285255432,0.3645833432674408,0.6456881165504456,11
dense_head,2,2,question,mass,true,0.6104903817176819,0.4166666567325592,0.6958005428314209,11
dense_head,2,3,question,mass,true,0.6218687891960144,0.4375,0.7078259587287903,11
dense_head,2,4,question,mass,true,0.43328285217285156,0.2291666716337204,0.5405846238136292,11
dense_head,2,5,question,mass,true,0.6658924221992493,0.5208333134651184,0.7372949719429016,11
dense_head,2,6,question,mass,true,0.4672130346298218,0.3125,0.5288771986961365,11
dense_head,2,7,question,mass,true,0.5001864433288574,0.3125,0.5869829654693604,11
dense_head,2,8,question,mass,true,0.5301415324211121,0.3645833432674408,0.6233428716659546,11
dense_head,2,9,question,mass,true,0.48005104064941406,0.2916666567325592,0.5906650424003601,11
dense_head,2,10,question,mass,true,0.31513649225234985,0.125,0.40999698638916016,11
dense_head,2,11,question,mass,true,0.45946240425109863,0.2604166567325592,0.5662636160850525,11
dense_head,2,12,question,mass,true,0.46141257882118225,0.25,0.5692489147186279,11
dense_head,2,13,question,mass,true,0.3871123492717743,0.1875,0.4841819703578949,11
dense_head,2,14,question,mass,true,0.46297505497932434,0.2708333432674408,0.5657053589820862,11
dense_head,2,15,question,mass,true,0.29973462224006653,0.125,0.37634825706481934,11
dense_head,2,16,question,mass,true,0.5661342740058899,0.3541666567325592,0.6543478965759277,11
dense_head,2,17,question,mass,true,0.3388986885547638,0.15625,0.4362877905368805,11
dense_head,2,18,question,mass,true,0.5763992667198181,0.375,0.6736384034156799,11
dense_head,2,19,question,mass,true,0.5094887018203735,0.3020833432674408,0.6057643890380859,11
dense_head,2,20,question,mass,true,0.5125790238380432,0.3229166567325592,0.5951555371284485,11
dense_head,2,21,question,mass,true,0.25675126910209656,0.1145833358168602,0.3252577781677246,11
dense_head,2,22,question,mass,true,0.2195541113615036,0.0833333358168602,0.2701645791530609,11
dense_head,2,23,question,mass,true,0.6321697235107422,0.4583333432674408,0.7066767811775208,11
dense_head,3,0,question,mass,true,0.5072171092033386,0.34375,0.5845680832862854,15
dense_head,3,1,question,mass,true,0.5997492671012878,0.4583333432674408,0.6737498641014099,15
dense_head,3,2,question,mass,true,0.6595051884651184,0.4791666567325592,0.7366948127746582,15
dense_head,3,3,question,mass,true,0.7450115084648132,0.6041666865348816,0.7985498905181885,15
dense_head,3,4,question,mass,true,0.6006948351860046,0.4375,0.6759533286094666,15
dense_head,3,5,question,mass,true,0.6041794419288635,0.4166666567325592,0.6937734484672546,15
dense_head,3,6,question,mass,true,0.6712508201599121,0.5104166865348816,0.748173713684082,15
dense_head,3,7,question,mass,true,0.7272548675537109,0.5833333134651184,0.7908833622932434,15
dense_head,3,8,question,mass,true,0.5135659575462341,0.3333333432674408,0.6021347641944885,15
dense_head,3,9,question,mass,true,0.6634159684181213,0.5,0.7359640002250671,15
dense_head,3,10,question,mass,true,0.6030550599098206,0.4270833432674408,0.6952640414237976,15
dense_head,3,11,question,mass,true,0.6812810301780701,0.5208333134651184,0.7529389262199402,15
dense_head,3,12,question,mass,true,0.7536048889160156,0.6145833134651184,0.8078554272651672,15
dense_head,3,13,question,mass,true,0.7090436816215515,0.5625,0.776701033115387,15
dense_head,3,14,question,mass,true,0.6798858642578125,0.5104166865348816,0.7583600878715515,15
dense_head,3,15,question,mass,true,0.7231196761131287,0.5833333134651184,0.7875359058380127,15
dense_head,3,16,question,mass,true,0.7666876912117004,0.65625,0.8202303051948547,15
dense_head,3,17,question,mass,true,0.6702547073364258,0.5104166865348816,0.7471383213996887,15
dense_head,3,18,question,mass,true,0.6285123229026794,0.4479166567325592,0.7067511081695557,15
dense_head,3,19,question,mass,true,0.5092923045158386,0.3020833432674408,0.6237031817436218,15
dense_head,3,20,question,mass,true,0.6720945239067078,0.5208333134651184,0.7426349520683289,15
dense_head,3,21,question,mass,true,0.5494212508201599,0.3333333432674408,0.655033528804779,15
dense_head,3,22,question,mass,true,0.513818621635437,0.3020833432674408,0.6221445798873901,15
dense_head,3,23,question,mass,true,0.616555392742157,0.4166666567325592,0.706622302532196,15
dense_head,4,0,question,mass,true,0.38237419724464417,0.21875,0.4545997083187103,19
dense_head,4,1,question,mass,true,0.7121986746788025,0.5729166865348816,0.7785901427268982,19
dense_head,4,2,question,mass,true,0.6940986514091492,0.5416666865348816,0.7569279670715332,19
dense_head,4,3,question,mass,true,0.6330151557922363,0.53125,0.6713843941688538,19
dense_head,4,4,question,mass,true,0.5679054260253906,0.3958333432674408,0.6471475958824158,19
dense_head,4,5,question,mass,true,0.6892051696777344,0.53125,0.7580774426460266,19
dense_head,4,6,question,mass,true,0.7478546500205994,0.59375,0.8101392388343811,19
dense_head,4,7,question,mass,true,0.718696653842926,0.5625,0.7758073210716248,19
dense_head,4,8,question,mass,true,0.6573412418365479,0.4791666567325592,0.7351219058036804,19
dense_head,4,9,question,mass,true,0.4639045298099518,0.25,0.5624226927757263,19
dense_head,4,10,question,mass,true,0.6900622248649597,0.5208333134651184,0.7631258368492126,19
dense_head,4,11,question,mass,true,0.6365363001823425,0.4479166567325592,0.7192268967628479,19
dense_head,4,12,question,mass,true,0.7791256904602051,0.6458333134651184,0.8304522037506104,19
dense_head,4,13,question,mass,true,0.6993744969367981,0.5416666865348816,0.752092182636261,19
dense_head,4,14,question,mass,true,0.6122279763221741,0.4270833432674408,0.6909887194633484,19
dense_head,4,15,question,mass,true,0.7287826538085938,0.5833333134651184,0.792248547077179,19
dense_head,4,16,question,mass,true,0.6073846817016602,0.4479166567325592,0.6895544528961182,19
dense_head,4,17,question,mass,true,0.6738161444664001,0.5520833134651184,0.7391715049743652,19
dense_head,4,18,question,mass,true,0.5775364637374878,0.4166666567325592,0.6398800611495972,19
dense_head,4,19,question,mass,true,0.6917658448219299,0.5520833134651184,0.757502019405365,19
dense_head,4,20,question,mass,true,0.7228711247444153,0.5729166865348816,0.7908287048339844,19
dense_head,4,21,question,mass,true,0.7274388670921326,0.5625,0.7945671677589417,19
dense_head,4,22,question,mass,true,0.6123161911964417,0.4479166567325592,0.690671980381012,19
dense_head,4,23,question,mass,true,0.7391816973686218,0.6145833134651184,0.7910478711128235,19
dense_head,5,0,question,mass,true,0.648553192615509,0.4791666567325592,0.7276551723480225,23
dense_head,5,1,question,mass,true,0.6457142233848572,0.4479166567325592,0.7203202247619629,23
dense_head,5,2,question,mass,true,0.7440476417541504,0.59375,0.8041350841522217,23
dense_head,5,3,question,mass,true,0.6535428762435913,0.46875,0.735001266002655,23
dense_head,5,4,question,mass,true,0.6976897120475769,0.5208333134651184,0.7662391662597656,23
dense_head,5,5,question,mass,true,0.5761857628822327,0.3854166567325592,0.6631863117218018,23
dense_head,5,6,question,mass,true,0.5637859106063843,0.3854166567325592,0.6591368317604065,23
dense_head,5,7,question,mass,true,0.6421754956245422,0.4479166567325592,0.7265885472297668,23
dense_head,5,8,question,mass,true,0.6743300557136536,0.5104166865348816,0.7477214336395264,23
dense_head,5,9,question,mass,true,0.6556506156921387,0.4583333432674408,0.7401831746101379,23
dense_head,5,10,question,mass,true,0.6018251776695251,0.4270833432674408,0.6827117800712585,23
dense_head,5,11,question,mass,true,0.7169973850250244,0.5625,0.7860913872718811,23
dense_head,5,12,question,mass,true,0.6177989840507507,0.4270833432674408,0.7045900225639343,23
dense_head,5,13,question,mass,true,0.49034127593040466,0.3125,0.592179000377655,23
dense_head,5,14,question,mass,true,0.622763454914093,0.4479166567325592,0.7018161416053772,23
dense_head,5,15,question,mass,true,0.6389568448066711,0.4583333432674408,0.7183279991149902,23
dense_head,5,16,question,mass,true,0.6404305100440979,0.4583333432674408,0.7163362503051758,23
dense_head,5,17,question,mass,true,0.5213817954063416,0.3333333432674408,0.611043393611908,23
dense_head,5,18,question,mass,true,0.6859171986579895,0.5208333134651184,0.7568370699882507,23
dense_head,5,19,question,mass,true,0.6603012681007385,0.4895833432674408,0.7370365262031555,23
dense_head,5,20,question,mass,true,0.5605604648590088,0.3645833432674408,0.6514711380004883,23
dense_head,5,21,question,mass,true,0.6428120732307434,0.4895833432674408,0.7219188213348389,23
dense_head,5,22,question,mass,true,0.6617398262023926,0.5,0.7377691268920898,23
dense_head,5,23,question,mass,true,0.45419931411743164,0.28125,0.5403811931610107,23
dense_head,6,0,question,mass,true,0.7327380776405334,0.5833333134651184,0.7930994033813477,27
dense_head,6,1,question,mass,true,0.7180011868476868,0.5729166865348816,0.7724460959434509,27
dense_head,6,2,question,mass,true,0.7452815175056458,0.59375,0.8024773597717285,27
dense_head,6,3,question,mass,true,0.7415220141410828,0.6145833134651184,0.7986562848091125,27
dense_head,6,4,question,mass,true,0.6495147347450256,0.4791666567325592,0.7227651476860046,27
dense_head,6,5,question,mass,true,0.7224661707878113,0.5729166865348816,0.7843222618103027,27
dense_head,6,6,question,mass,true,0.5999172329902649,0.4479166567325592,0.6680834293365479,27
dense_head,6,7,question,mass,true,0.6293131709098816,0.46875,0.6950153708457947,27
dense_head,6,8,question,mass,true,0.6664955019950867,0.4895833432674408,0.7422472834587097,27
dense_head,6,9,question,mass,true,0.5873990654945374,0.3958333432674408,0.6805398464202881,27
dense_head,6,10,question,mass,true,0.5969178080558777,0.4479166567325592,0.6638702750205994,27
dense_head,6,11,question,mass,true,0.6269779801368713,0.4270833432674408,0.7036662101745605,27
dense_head,6,12,question,mass,true,0.7004587650299072,0.5520833134651184,0.7672958374023438,27
dense_head,6,13,question,mass,true,0.6413095593452454,0.4791666567325592,0.7100569605827332,27
dense_head,6,14,question,mass,true,0.6516352295875549,0.46875,0.7306795120239258,27
dense_head,6,15,question,mass,true,0.5245823860168457,0.3541666567325592,0.592531144618988,27
dense_head,6,16,question,mass,true,0.7075590491294861,0.5729166865348816,0.7662866115570068,27
dense_head,6,17,question,mass,true,0.49599239230155945,0.3229166567325592,0.5706465244293213,27
dense_head,6,18,question,mass,true,0.7032721638679504,0.53125,0.7703409194946289,27
dense_head,6,19,question,mass,true,0.7113757133483887,0.5520833134651184,0.7768139839172363,27
dense_head,6,20,question,mass,true,0.6584243178367615,0.5,0.7209665775299072,27
dense_head,6,21,question,mass,true,0.3414202034473419,0.1875,0.42767223715782166,27
dense_head,6,22,question,mass,true,0.5286641716957092,0.375,0.5955207943916321,27
dense_head,6,23,question,mass,true,0.731436014175415,0.5833333134651184,0.7887387275695801,27
dense_head,7,0,question,mass,true,0.6647970080375671,0.4895833432674408,0.729281485080719,31
dense_head,7,1,question,mass,true,0.7934461236000061,0.6666666865348816,0.8417885303497314,31
dense_head,7,2,question,mass,true,0.7940149903297424,0.6666666865348816,0.8420335650444031,31
dense_head,7,3,question,mass,true,0.8251157402992249,0.7083333134651184,0.8658165335655212,31
dense_head,7,4,question,mass,true,0.7551586627960205,0.6041666865348816,0.8126616477966309,31
dense_head,7,5,question,mass,true,0.7557291984558105,0.59375,0.8170316219329834,31
dense_head,7,6,question,mass,true,0.7911286354064941,0.6666666865348816,0.8369225859642029,31
dense_head,7,7,question,mass,true,0.7914931178092957,0.6666666865348816,0.8402146697044373,31
dense_head,7,8,question,mass,true,0.6737578511238098,0.53125,0.7401222586631775,31
dense_head,7,9,question,mass,true,0.787351131439209,0.65625,0.8401296734809875,31
dense_head,7,10,question,mass,true,0.7355648875236511,0.5729166865348816,0.7954428791999817,31
dense_head,7,11,question,mass,true,0.7603216171264648,0.6145833134651184,0.8139505386352539,31
dense_head,7,12,question,mass,true,0.8173232674598694,0.6979166865348816,0.8598613142967224,31
dense_head,7,13,question,mass,true,0.7872747778892517,0.6770833134651184,0.8307859897613525,31
dense_head,7,14,question,mass,true,0.8040922284126282,0.6770833134651184,0.8502590656280518,31
dense_head,7,15,question,mass,true,0.7915363907814026,0.6666666865348816,0.8402621746063232,31
dense_head,7,16,question,mass,true,0.7573413252830505,0.625,0.808102548122406,31
dense_head,7,17,question,mass,true,0.7853385806083679,0.65625,0.8263794779777527,31
dense_head,7,18,question,mass,true,0.7762876152992249,0.65625,0.8253095746040344,31
dense_head,7,19,question,mass,true,0.6844518184661865,0.53125,0.7489228248596191,31
dense_head,7,20,question,mass,true,0.7766618132591248,0.6458333134651184,0.8263306021690369,31
dense_head,7,21,question,mass,true,0.7223649024963379,0.5625,0.7849743366241455,31
dense_head,7,22,question,mass,true,0.7722263932228088,0.6458333134651184,0.825129508972168,31
dense_head,7,23,question,mass,true,0.7586581707000732,0.6041666865348816,0.8128016591072083,31
dense_head,8,0,question,mass,true,0.394603967666626,0.25,0.4928164482116699,35
dense_head,8,1,question,mass,true,0.7271435856819153,0.5625,0.7889391779899597,35
dense_head,8,2,question,mass,true,0.7967076301574707,0.6770833134651184,0.8414363861083984,35
dense_head,8,3,question,mass,true,0.6825976371765137,0.53125,0.7322853207588196,35
dense_head,8,4,question,mass,true,0.7234558463096619,0.5625,0.7801476120948792,35
dense_head,8,5,question,mass,true,0.7415489554405212,0.6041666865348816,0.798779308795929,35
dense_head,8,6,question,mass,true,0.7908420562744141,0.6666666865348816,0.839836597442627,35
dense_head,8,7,question,mass,true,0.7901289463043213,0.65625,0.8395505547523499,35
dense_head,8,8,question,mass,true,0.6574752926826477,0.46875,0.7291002869606018,35
dense_head,8,9,question,mass,true,0.5350175499916077,0.3333333432674408,0.6288458704948425,35
dense_head,8,10,question,mass,true,0.8026087284088135,0.6770833134651184,0.8488149642944336,35
dense_head,8,11,question,mass,true,0.7636454105377197,0.625,0.8162851929664612,35
dense_head,8,12,question,mass,true,0.7685825824737549,0.6145833134651184,0.8209118843078613,35
dense_head,8,13,question,mass,true,0.8052439093589783,0.6666666865348816,0.8483977913856506,35
dense_head,8,14,question,mass,true,0.7753162384033203,0.6458333134651184,0.8251788020133972,35
dense_head,8,15,question,mass,true,0.7576823234558105,0.625,0.8116018176078796,35
dense_head,8,16,question,mass,true,0.7247024178504944,0.5729166865348816,0.7894676327705383,35
dense_head,8,17,question,mass,true,0.7762362957000732,0.625,0.8292023539543152,35
dense_head,8,18,question,mass,true,0.7679460048675537,0.625,0.8195162415504456,35
dense_head,8,19,question,mass,true,0.7379757761955261,0.5833333134651184,0.7969674468040466,35
dense_head,8,20,question,mass,true,0.7777388691902161,0.6458333134651184,0.8270741105079651,35
dense_head,8,21,question,mass,true,0.7732700705528259,0.625,0.8243803381919861,35
dense_head,8,22,question,mass,true,0.7555374503135681,0.6354166865348816,0.799831211566925,35
dense_head,8,23,question,mass,true,0.7904403805732727,0.6666666865348816,0.8335392475128174,35
dense_head,9,0,question,mass,true,0.6934741139411926,0.5520833134651184,0.7580817341804504,39
dense_head,9,1,question,mass,true,0.6813492178916931,0.5104166865348816,0.7505946159362793,39
dense_head,9,2,question,mass,true,0.7149774432182312,0.5416666865348816,0.7795308232307434,39
dense_head,9,3,question,mass,true,0.6985883712768555,0.5416666865348816,0.763251543045044,39
dense_head,9,4,question,mass,true,0.6737723350524902,0.4895833432674408,0.7427002787590027,39
dense_head,9,5,question,mass,true,0.7167037129402161,0.5625,0.7802703976631165,39
dense_head,9,6,question,mass,true,0.6918871402740479,0.53125,0.7611625790596008,39
dense_head,9,7,question,mass,true,0.6385263204574585,0.4479166567325592,0.7121161818504333,39
dense_head,9,8,question,mass,true,0.7307305335998535,0.5729166865348816,0.7884612083435059,39
dense_head,9,9,question,mass,true,0.7121837139129639,0.5625,0.7765023112297058,39
dense_head,9,10,question,mass,true,0.7044208645820618,0.53125,0.7746145129203796,39
dense_head,9,11,question,mass,true,0.6660893559455872,0.5104166865348816,0.7353434562683105,39
dense_head,9,12,question,mass,true,0.5799465775489807,0.3854166567325592,0.669592559337616,39
dense_head,9,13,question,mass,true,0.5945134162902832,0.4166666567325592,0.6742106080055237,39
dense_head,9,14,question,mass,true,0.5361704230308533,0.3333333432674408,0.6292819380760193,39
dense_head,9,15,question,mass,true,0.6857047080993652,0.53125,0.7533397674560547,39
dense_head,9,16,question,mass,true,0.6378369927406311,0.4479166567325592,0.7113553881645203,39
dense_head,9,17,question,mass,true,0.5290876030921936,0.3541666567325592,0.6107804775238037,39
dense_head,9,18,question,mass,true,0.6634383797645569,0.4791666567325592,0.7400199770927429,39
dense_head,9,19,question,mass,true,0.6818311810493469,0.5104166865348816,0.750740110874176,39
dense_head,9,20,question,mass,true,0.6708533763885498,0.5104166865348816,0.7392430901527405,39
dense_head,9,21,question,mass,true,0.7346912026405334,0.59375,0.7964215278625488,39
dense_head,9,22,question,mass,true,0.620409369468689,0.4166666567325592,0.704287052154541,39
dense_head,9,23,question,mass,true,0.37723204493522644,0.21875,0.46528664231300354,39
dense_head,10,0,question,mass,true,0.6462631821632385,0.4791666567325592,0.7226772308349609,43
dense_head,10,1,question,mass,true,0.6504509449005127,0.4791666567325592,0.7289466261863708,43
dense_head,10,2,question,mass,true,0.6781088709831238,0.53125,0.743386447429657,43
dense_head,10,3,question,mass,true,0.6991691589355469,0.5520833134651184,0.7631871104240417,43
dense_head,10,4,question,mass,true,0.6460940837860107,0.46875,0.7226292490959167,43
dense_head,10,5,question,mass,true,0.6039041876792908,0.4375,0.6924786567687988,43
dense_head,10,6,question,mass,true,0.4063504934310913,0.21875,0.4856325685977936,43
dense_head,10,7,question,mass,true,0.6462144255638123,0.4895833432674408,0.716728687286377,43
dense_head,10,8,question,mass,true,0.49091967940330505,0.3020833432674408,0.5934951901435852,43
dense_head,10,9,question,mass,true,0.659434974193573,0.5,0.7327878475189209,43
dense_head,10,10,question,mass,true,0.6358326077461243,0.4583333432674408,0.70904940366745,43
dense_head,10,11,question,mass,true,0.636695384979248,0.4583333432674408,0.7160889506340027,43
dense_head,10,12,question,mass,true,0.6918262839317322,0.5625,0.7599775195121765,43
dense_head,10,13,question,mass,true,0.7159225940704346,0.5625,0.7823870778083801,43
dense_head,10,14,question,mass,true,0.6579427123069763,0.4791666567325592,0.7327747344970703,43
dense_head,10,15,question,mass,true,0.6540076732635498,0.5,0.7193594574928284,43
dense_head,10,16,question,mass,true,0.6843395829200745,0.53125,0.751502275466919,43
dense_head,10,17,question,mass,true,0.6943742632865906,0.5520833134651184,0.759840190410614,43
dense_head,10,18,question,mass,true,0.6911038756370544,0.5208333134651184,0.7550498843193054,43
dense_head,10,19,question,mass,true,0.6731836795806885,0.5208333134651184,0.743290901184082,43
dense_head,10,20,question,mass,true,0.6691806316375732,0.5104166865348816,0.7374405860900879,43
dense_head,10,21,question,mass,true,0.6712532639503479,0.53125,0.7410707473754883,43
dense_head,10,22,question,mass,true,0.6380154490470886,0.4583333432674408,0.7138327956199646,43
dense_head,10,23,question,mass,true,0.6563703417778015,0.5,0.7332350611686707,43
dense_head,11,0,question,mass,true,0.6145192980766296,0.4479166567325592,0.7007327079772949,47
dense_head,11,1,question,mass,true,0.5272560715675354,0.3541666567325592,0.6180762052536011,47
dense_head,11,2,question,mass,true,0.5503690242767334,0.3854166567325592,0.6301162242889404,47
dense_head,11,3,question,mass,true,0.5323076844215393,0.3541666567325592,0.6100375652313232,47
dense_head,11,4,question,mass,true,0.49855270981788635,0.3125,0.5941776633262634,47
dense_head,11,5,question,mass,true,0.6368177533149719,0.4791666567325592,0.7065379023551941,47
dense_head,11,6,question,mass,true,0.5434786677360535,0.3854166567325592,0.6276199817657471,47
dense_head,11,7,question,mass,true,0.5981369018554688,0.4375,0.6702355742454529,47
dense_head,11,8,question,mass,true,0.5229858160018921,0.34375,0.6089227199554443,47
dense_head,11,9,question,mass,true,0.5494682192802429,0.3541666567325592,0.6483332514762878,47
dense_head,11,10,question,mass,true,0.5285556316375732,0.3333333432674408,0.6296398043632507,47
dense_head,11,11,question,mass,true,0.6358097195625305,0.4895833432674408,0.7019035220146179,47
dense_head,11,12,question,mass,true,0.5398496985435486,0.34375,0.6182300448417664,47
dense_head,11,13,question,mass,true,0.5761057138442993,0.375,0.6694442629814148,47
dense_head,11,14,question,mass,true,0.5621277689933777,0.3645833432674408,0.6526603102684021,47
dense_head,11,15,question,mass,true,0.6448585391044617,0.4791666567325592,0.7209429740905762,47
dense_head,11,16,question,mass,true,0.49920985102653503,0.3125,0.592190682888031,47
dense_head,11,17,question,mass,true,0.5826056003570557,0.4375,0.6462820172309875,47
dense_head,11,18,question,mass,true,0.45932865142822266,0.28125,0.5653310418128967,47
dense_head,11,19,question,mass,true,0.3522522747516632,0.1458333283662796,0.4527496099472046,47
dense_head,11,20,question,mass,true,0.564491868019104,0.375,0.6482186317443848,47
dense_head,11,21,question,mass,true,0.508057177066803,0.3020833432674408,0.5994812250137329,47
dense_head,11,22,question,mass,true,0.3493387699127197,0.2083333283662796,0.4151180684566498,47
dense_head,11,23,question,mass,true,0.537376344203949,0.3541666567325592,0.6326398849487305,47
dense_head_top16_cv,-1,-1,question,mass,true,0.8034144043922424,0.6666666865348816,0.8499040603637695,-1
dense_head_top16_cv_gated,-1,-1,question,mass,true,0.8070313334465027,0.6770833134651184,0.8525350689888,-1
dense_head_all_mean,-1,-1,question,mass,true,0.7526242136955261,0.6041666865348816,0.8110430240631104,-1
dense_head,0,0,answer,mass,false,0.2573511004447937,0.0729166641831398,0.34556710720062256,3
dense_head,0,1,answer,mass,false,0.3651742935180664,0.2083333283662796,0.4518235921859741,3
dense_head,0,2,answer,mass,false,0.2795529067516327,0.1145833358168602,0.35331425070762634,3
dense_head,0,3,answer,mass,false,0.20669437944889069,0.0625,0.27724453806877136,3
dense_head,0,4,answer,mass,false,0.3008383810520172,0.1354166716337204,0.3971504271030426,3
dense_head,0,5,answer,mass,false,0.45691370964050293,0.3229166567325592,0.5316153764724731,3
dense_head,0,6,answer,mass,false,0.6622849106788635,0.5104166865348816,0.7193743586540222,3
dense_head,0,7,answer,mass,false,0.25725796818733215,0.1145833358168602,0.3224349021911621,3
dense_head,0,8,answer,mass,false,0.3069423735141754,0.1145833358168602,0.4025278389453888,3
dense_head,0,9,answer,mass,false,0.5622252821922302,0.40625,0.6413139700889587,3
dense_head,0,10,answer,mass,false,0.20719455182552338,0.0520833320915699,0.26164790987968445,3
dense_head,0,11,answer,mass,false,0.1916927844285965,0.0520833320915699,0.25397923588752747,3
dense_head,0,12,answer,mass,false,0.2255755066871643,0.0729166641831398,0.3013078570365906,3
dense_head,0,13,answer,mass,false,0.20618748664855957,0.0625,0.2716500163078308,3
dense_head,0,14,answer,mass,false,0.22345183789730072,0.0416666679084301,0.3092462122440338,3
dense_head,0,15,answer,mass,false,0.313242107629776,0.1041666641831398,0.4340841770172119,3
dense_head,0,16,answer,mass,false,0.5192856788635254,0.3541666567325592,0.6141538619995117,3
dense_head,0,17,answer,mass,false,0.2263507843017578,0.0729166641831398,0.30435243248939514,3
dense_head,0,18,answer,mass,false,0.23571425676345825,0.0833333358168602,0.3156661093235016,3
dense_head,0,19,answer,mass,false,0.21650855243206024,0.0625,0.30947473645210266,3
dense_head,0,20,answer,mass,false,0.7401944994926453,0.6145833134651184,0.7936596870422363,3
dense_head,0,21,answer,mass,false,0.29868748784065247,0.1041666641831398,0.41011807322502136,3
dense_head,0,22,answer,mass,false,0.7809651494026184,0.6979166865348816,0.8238529562950134,3
dense_head,0,23,answer,mass,false,0.40960371494293213,0.25,0.5032088160514832,3
dense_head,1,0,answer,mass,false,0.7393929362297058,0.6145833134651184,0.7904942035675049,7
dense_head,1,1,answer,mass,false,0.7553351521492004,0.6354166865348816,0.8056880831718445,7
dense_head,1,2,answer,mass,false,0.7665777802467346,0.6458333134651184,0.8201543688774109,7
dense_head,1,3,answer,mass,false,0.7556816935539246,0.6458333134651184,0.8081479668617249,7
dense_head,1,4,answer,mass,false,0.7798032760620117,0.6666666865348816,0.8275986313819885,7
dense_head,1,5,answer,mass,false,0.79804927110672,0.7083333134651184,0.8372165560722351,7
dense_head,1,6,answer,mass,false,0.8087301254272461,0.7083333134651184,0.846555233001709,7
dense_head,1,7,answer,mass,false,0.7828728556632996,0.6666666865348816,0.8269138336181641,7
dense_head,1,8,answer,mass,false,0.4426458179950714,0.28125,0.5308313369750977,7
dense_head,1,9,answer,mass,false,0.5773255228996277,0.3958333432674408,0.666650652885437,7
dense_head,1,10,answer,mass,false,0.7807395458221436,0.6770833134651184,0.8247963786125183,7
dense_head,1,11,answer,mass,false,0.44786444306373596,0.2395833283662796,0.548488438129425,7
dense_head,1,12,answer,mass,false,0.31903210282325745,0.1354166716337204,0.43167904019355774,7
dense_head,1,13,answer,mass,false,0.3798157870769501,0.125,0.49983420968055725,7
dense_head,1,14,answer,mass,false,0.5637834668159485,0.40625,0.6515555381774902,7
dense_head,1,15,answer,mass,false,0.34869059920310974,0.15625,0.46110084652900696,7
dense_head,1,16,answer,mass,false,0.26211532950401306,0.1145833358168602,0.3471616208553314,7
dense_head,1,17,answer,mass,false,0.7682740092277527,0.6354166865348816,0.81924968957901,7
dense_head,1,18,answer,mass,false,0.36588141322135925,0.1041666641831398,0.49315449595451355,7
dense_head,1,19,answer,mass,false,0.373588889837265,0.1770833283662796,0.4809351861476898,7
dense_head,1,20,answer,mass,false,0.4328530728816986,0.2395833283662796,0.5300788283348083,7
dense_head,1,21,answer,mass,false,0.7642572522163391,0.65625,0.8150163292884827,7
dense_head,1,22,answer,mass,false,0.2976694107055664,0.125,0.40515628457069397,7
dense_head,1,23,answer,mass,false,0.33951547741889954,0.1770833283662796,0.4317069351673126,7
dense_head,2,0,answer,mass,false,0.742713212966919,0.625,0.7926023602485657,11
dense_head,2,1,answer,mass,false,0.6517432332038879,0.4895833432674408,0.721261739730835,11
dense_head,2,2,answer,mass,false,0.7751405239105225,0.6354166865348816,0.8276965618133545,11
dense_head,2,3,answer,mass,false,0.7878797054290771,0.6875,0.8303750157356262,11
dense_head,2,4,answer,mass,false,0.5524454116821289,0.34375,0.6485933661460876,11
dense_head,2,5,answer,mass,false,0.7421998977661133,0.6145833134651184,0.8022170662879944,11
dense_head,2,6,answer,mass,false,0.5123922228813171,0.3541666567325592,0.5993037223815918,11
dense_head,2,7,answer,mass,false,0.4103258550167084,0.1875,0.5313383936882019,11
dense_head,2,8,answer,mass,false,0.822265625,0.71875,0.8625779151916504,11
dense_head,2,9,answer,mass,false,0.6437286734580994,0.46875,0.7182989716529846,11
dense_head,2,10,answer,mass,false,0.4683997631072998,0.25,0.5797672271728516,11
dense_head,2,11,answer,mass,false,0.7265498638153076,0.59375,0.7838608622550964,11
dense_head,2,12,answer,mass,false,0.776024580001831,0.6666666865348816,0.8184381127357483,11
dense_head,2,13,answer,mass,false,0.5358597636222839,0.3541666567325592,0.6286946535110474,11
dense_head,2,14,answer,mass,false,0.8153934478759766,0.71875,0.8544394373893738,11
dense_head,2,15,answer,mass,false,0.42377468943595886,0.2083333283662796,0.5243231654167175,11
dense_head,2,16,answer,mass,false,0.6838499903678894,0.53125,0.7508718967437744,11
dense_head,2,17,answer,mass,false,0.6570155024528503,0.5104166865348816,0.7296631336212158,11
dense_head,2,18,answer,mass,false,0.8379306793212891,0.75,0.868462860584259,11
dense_head,2,19,answer,mass,false,0.7082982063293457,0.5625,0.7763579487800598,11
dense_head,2,20,answer,mass,false,0.7535274028778076,0.6354166865348816,0.8044763207435608,11
dense_head,2,21,answer,mass,false,0.311579167842865,0.1666666716337204,0.40925800800323486,11
dense_head,2,22,answer,mass,false,0.21898287534713745,0.0625,0.2888198792934418,11
dense_head,2,23,answer,mass,false,0.7921255230903625,0.7083333134651184,0.8296849727630615,11
dense_head,3,0,answer,mass,false,0.7007035613059998,0.5625,0.7610607147216797,15
dense_head,3,1,answer,mass,false,0.7437524795532227,0.625,0.7969662547111511,15
dense_head,3,2,answer,mass,false,0.8737511038780212,0.8020833134651184,0.8985674381256104,15
dense_head,3,3,answer,mass,false,0.8457555770874023,0.7604166865348816,0.8749611377716064,15
dense_head,3,4,answer,mass,false,0.862419843673706,0.7916666865348816,0.8898282647132874,15
dense_head,3,5,answer,mass,false,0.7604703903198242,0.6354166865348816,0.8158277869224548,15
dense_head,3,6,answer,mass,false,0.7764068245887756,0.6666666865348816,0.8247736096382141,15
dense_head,3,7,answer,mass,false,0.8199899792671204,0.7291666865348816,0.8606265187263489,15
dense_head,3,8,answer,mass,false,0.6210999488830566,0.4583333432674408,0.7061099410057068,15
dense_head,3,9,answer,mass,false,0.8619978427886963,0.7916666865348816,0.8865470290184021,15
dense_head,3,10,answer,mass,false,0.7906026840209961,0.6875,0.8296876549720764,15
dense_head,3,11,answer,mass,false,0.8040054440498352,0.7083333134651184,0.8484821319580078,15
dense_head,3,12,answer,mass,false,0.83479243516922,0.75,0.8719623684883118,15
dense_head,3,13,answer,mass,false,0.7665619850158691,0.65625,0.8107755780220032,15
dense_head,3,14,answer,mass,false,0.8113791346549988,0.7083333134651184,0.8516189455986023,15
dense_head,3,15,answer,mass,false,0.8448963761329651,0.7708333134651184,0.8765063285827637,15
dense_head,3,16,answer,mass,false,0.8354270458221436,0.75,0.8722103238105774,15
dense_head,3,17,answer,mass,false,0.8007566332817078,0.6979166865348816,0.8399354815483093,15
dense_head,3,18,answer,mass,false,0.7988201975822449,0.71875,0.8352711796760559,15
dense_head,3,19,answer,mass,false,0.7045443058013916,0.5416666865348816,0.7653111815452576,15
dense_head,3,20,answer,mass,false,0.8238756656646729,0.7395833134651184,0.8574933409690857,15
dense_head,3,21,answer,mass,false,0.6213495135307312,0.4375,0.6976931691169739,15
dense_head,3,22,answer,mass,false,0.7585961818695068,0.6354166865348816,0.8082192540168762,15
dense_head,3,23,answer,mass,false,0.7948392033576965,0.6979166865348816,0.8385745882987976,15
dense_head,4,0,answer,mass,false,0.3450542688369751,0.0833333358168602,0.46540141105651855,19
dense_head,4,1,answer,mass,false,0.8270336985588074,0.7395833134651184,0.868701159954071,19
dense_head,4,2,answer,mass,false,0.8666587471961975,0.8020833134651184,0.8955309987068176,19
dense_head,4,3,answer,mass,false,0.7128928303718567,0.5729166865348816,0.7707465291023254,19
dense_head,4,4,answer,mass,false,0.7226997017860413,0.5729166865348816,0.7842392921447754,19
dense_head,4,5,answer,mass,false,0.7677661776542664,0.65625,0.817744255065918,19
dense_head,4,6,answer,mass,false,0.861760139465332,0.8020833134651184,0.8945099711418152,19
dense_head,4,7,answer,mass,false,0.8595231175422668,0.7916666865348816,0.8901071548461914,19
dense_head,4,8,answer,mass,false,0.8446515202522278,0.7604166865348816,0.8793749809265137,19
dense_head,4,9,answer,mass,false,0.653729259967804,0.5104166865348816,0.7209274172782898,19
dense_head,4,10,answer,mass,false,0.8073830008506775,0.7083333134651184,0.848350465297699,19
dense_head,4,11,answer,mass,false,0.8626160621643066,0.78125,0.893074095249176,19
dense_head,4,12,answer,mass,false,0.81367427110672,0.71875,0.855435311794281,19
dense_head,4,13,answer,mass,false,0.8225284218788147,0.75,0.8587710857391357,19
dense_head,4,14,answer,mass,false,0.812231719493866,0.7291666865348816,0.8508562445640564,19
dense_head,4,15,answer,mass,false,0.7993758320808411,0.6979166865348816,0.8475306630134583,19
dense_head,4,16,answer,mass,false,0.7542782425880432,0.625,0.8111820220947266,19
dense_head,4,17,answer,mass,false,0.8543939590454102,0.78125,0.8895752429962158,19
dense_head,4,18,answer,mass,false,0.7196014523506165,0.5833333134651184,0.7781820893287659,19
dense_head,4,19,answer,mass,false,0.877356231212616,0.8125,0.904017984867096,19
dense_head,4,20,answer,mass,false,0.8857018351554871,0.8333333134651184,0.9127067923545837,19
dense_head,4,21,answer,mass,false,0.8663607239723206,0.8020833134651184,0.8983736634254456,19
dense_head,4,22,answer,mass,false,0.7864007949829102,0.6979166865348816,0.8313179016113281,19
dense_head,4,23,answer,mass,false,0.8689106106758118,0.8020833134651184,0.8975616097450256,19
dense_head,5,0,answer,mass,false,0.851525068283081,0.7708333134651184,0.8817147612571716,23
dense_head,5,1,answer,mass,false,0.8293936848640442,0.7604166865348816,0.8640750050544739,23
dense_head,5,2,answer,mass,false,0.8717303276062012,0.8125,0.902485191822052,23
dense_head,5,3,answer,mass,false,0.8864038586616516,0.8333333134651184,0.9109013676643372,23
dense_head,5,4,answer,mass,false,0.9031417965888977,0.8541666865348816,0.9233511090278625,23
dense_head,5,5,answer,mass,false,0.8021577000617981,0.7083333134651184,0.8465442657470703,23
dense_head,5,6,answer,mass,false,0.8780381679534912,0.8125,0.9049486517906189,23
dense_head,5,7,answer,mass,false,0.8561301231384277,0.78125,0.8911266326904297,23
dense_head,5,8,answer,mass,false,0.8596064448356628,0.7916666865348816,0.8934445977210999,23
dense_head,5,9,answer,mass,false,0.8846642971038818,0.8229166865348816,0.9127237200737,23
dense_head,5,10,answer,mass,false,0.8307415843009949,0.7395833134651184,0.8690765500068665,23
dense_head,5,11,answer,mass,false,0.8555021286010742,0.78125,0.8843660354614258,23
dense_head,5,12,answer,mass,false,0.9093294739723206,0.8541666865348816,0.9314071536064148,23
dense_head,5,13,answer,mass,false,0.9199488162994385,0.8854166865348816,0.9390179514884949,23
dense_head,5,14,answer,mass,false,0.8567377924919128,0.7708333134651184,0.8917403817176819,23
dense_head,5,15,answer,mass,false,0.8730158805847168,0.8125,0.9036905169487,23
dense_head,5,16,answer,mass,false,0.9044519066810608,0.84375,0.9280330538749695,23
dense_head,5,17,answer,mass,false,0.801842987537384,0.6979166865348816,0.8472352623939514,23
dense_head,5,18,answer,mass,false,0.9028935432434082,0.84375,0.926858127117157,23
dense_head,5,19,answer,mass,false,0.8823041319847107,0.8229166865348816,0.9106561541557312,23
dense_head,5,20,answer,mass,false,0.6776332855224609,0.5416666865348816,0.7340036034584045,23
dense_head,5,21,answer,mass,false,0.9030671119689941,0.84375,0.9269954562187195,23
dense_head,5,22,answer,mass,false,0.8787574768066406,0.8020833134651184,0.9087488055229187,23
dense_head,5,23,answer,mass,false,0.885883092880249,0.8333333134651184,0.9103646278381348,23
dense_head,6,0,answer,mass,false,0.8730903267860413,0.7916666865348816,0.9049482345581055,27
dense_head,6,1,answer,mass,false,0.8778645396232605,0.8125,0.9078531861305237,27
dense_head,6,2,answer,mass,false,0.8993055820465088,0.8333333134651184,0.9245550036430359,27
dense_head,6,3,answer,mass,false,0.8777034282684326,0.7916666865348816,0.9084823131561279,27
dense_head,6,4,answer,mass,false,0.8719742298126221,0.8020833134651184,0.9035531878471375,27
dense_head,6,5,answer,mass,false,0.8860366940498352,0.8125,0.914354145526886,27
dense_head,6,6,answer,mass,false,0.7430679798126221,0.5729166865348816,0.8075590133666992,27
dense_head,6,7,answer,mass,false,0.776777446269989,0.65625,0.8317458033561707,27
dense_head,6,8,answer,mass,false,0.9323908686637878,0.8958333134651184,0.9490130543708801,27
dense_head,6,9,answer,mass,false,0.7784891128540039,0.65625,0.8298726081848145,27
dense_head,6,10,answer,mass,false,0.7547276020050049,0.625,0.8090004324913025,27
dense_head,6,11,answer,mass,false,0.8166913986206055,0.6979166865348816,0.8623309135437012,27
dense_head,6,12,answer,mass,false,0.8953538537025452,0.8333333134651184,0.9210922718048096,27
dense_head,6,13,answer,mass,false,0.7953335642814636,0.6875,0.8362631797790527,27
dense_head,6,14,answer,mass,false,0.9251735210418701,0.875,0.943833589553833,27
dense_head,6,15,answer,mass,false,0.6628186702728271,0.4791666567325592,0.742013156414032,27
dense_head,6,16,answer,mass,false,0.8683159947395325,0.78125,0.9012139439582825,27
dense_head,6,17,answer,mass,false,0.7618100643157959,0.6354166865348816,0.8107247948646545,27
dense_head,6,18,answer,mass,false,0.9088954925537109,0.8645833134651184,0.9306015968322754,27
dense_head,6,19,answer,mass,false,0.8975446224212646,0.8333333134651184,0.9199621081352234,27
dense_head,6,20,answer,mass,false,0.8815972208976746,0.8125,0.9105748534202576,27
dense_head,6,21,answer,mass,false,0.4924420416355133,0.2708333432674408,0.6016075015068054,27
dense_head,6,22,answer,mass,false,0.6403401494026184,0.4791666567325592,0.7239633202552795,27
dense_head,6,23,answer,mass,false,0.8867476582527161,0.8125,0.9148964881896973,27
dense_head,7,0,answer,mass,false,0.7357060313224792,0.5625,0.8018212914466858,31
dense_head,7,1,answer,mass,false,0.8540999293327332,0.75,0.8881635069847107,31
dense_head,7,2,answer,mass,false,0.909288227558136,0.8541666865348816,0.9318463802337646,31
dense_head,7,3,answer,mass,false,0.9216270446777344,0.8645833134651184,0.9414663314819336,31
dense_head,7,4,answer,mass,false,0.8950442671775818,0.8333333134651184,0.9180631637573242,31
dense_head,7,5,answer,mass,false,0.9027777314186096,0.8229166865348816,0.9278245568275452,31
dense_head,7,6,answer,mass,false,0.8935763835906982,0.8229166865348816,0.9203343391418457,31
dense_head,7,7,answer,mass,false,0.8807291984558105,0.8125,0.9102263450622559,31
dense_head,7,8,answer,mass,false,0.752951443195343,0.6041666865348816,0.8144152164459229,31
dense_head,7,9,answer,mass,false,0.9294394850730896,0.8854166865348816,0.9470694065093994,31
dense_head,7,10,answer,mass,false,0.8711062073707581,0.7708333134651184,0.9037866592407227,31
dense_head,7,11,answer,mass,false,0.9106895327568054,0.84375,0.9332405924797058,31
dense_head,7,12,answer,mass,false,0.9017361998558044,0.8229166865348816,0.9268312454223633,31
dense_head,7,13,answer,mass,false,0.871006965637207,0.7916666865348816,0.903184711933136,31
dense_head,7,14,answer,mass,false,0.9135416150093079,0.84375,0.9356986880302429,31
dense_head,7,15,answer,mass,false,0.8887152671813965,0.8229166865348816,0.9164817333221436,31
dense_head,7,16,answer,mass,false,0.8923611044883728,0.8229166865348816,0.9193467497825623,31
dense_head,7,17,answer,mass,false,0.9009549021720886,0.84375,0.9255130290985107,31
dense_head,7,18,answer,mass,false,0.8743055462837219,0.8020833134651184,0.9055282473564148,31
dense_head,7,19,answer,mass,false,0.7970899939537048,0.6979166865348816,0.8467207551002502,31
dense_head,7,20,answer,mass,false,0.92578125,0.8645833134651184,0.9446496963500977,31
dense_head,7,21,answer,mass,false,0.77103590965271,0.625,0.8282652497291565,31
dense_head,7,22,answer,mass,false,0.8678820133209229,0.78125,0.9011037945747375,31
dense_head,7,23,answer,mass,false,0.8774304986000061,0.7916666865348816,0.90826416015625,31
dense_head,8,0,answer,mass,false,0.38926443457603455,0.1354166716337204,0.5262239575386047,35
dense_head,8,1,answer,mass,false,0.9372519850730896,0.8854166865348816,0.9532468318939209,35
dense_head,8,2,answer,mass,false,0.9161458015441895,0.8541666865348816,0.9373231530189514,35
dense_head,8,3,answer,mass,false,0.8914062976837158,0.8125,0.9186591506004333,35
dense_head,8,4,answer,mass,false,0.8851686120033264,0.8020833134651184,0.9142275452613831,35
dense_head,8,5,answer,mass,false,0.9357638955116272,0.8854166865348816,0.9521212577819824,35
dense_head,8,6,answer,mass,false,0.9045138955116272,0.8229166865348816,0.929054319858551,35
dense_head,8,7,answer,mass,false,0.9409722685813904,0.8958333134651184,0.9559657573699951,35
dense_head,8,8,answer,mass,false,0.9088542461395264,0.8333333134651184,0.9291884303092957,35
dense_head,8,9,answer,mass,false,0.6683328747749329,0.5104166865348816,0.7421032786369324,35
dense_head,8,10,answer,mass,false,0.9048611521720886,0.8229166865348816,0.929373562335968,35
dense_head,8,11,answer,mass,false,0.9309027791023254,0.875,0.9485960602760315,35
dense_head,8,12,answer,mass,false,0.9378473162651062,0.8854166865348816,0.9538043141365051,35
dense_head,8,13,answer,mass,false,0.9252025485038757,0.875,0.9436938166618347,35
dense_head,8,14,answer,mass,false,0.9210483431816101,0.8645833134651184,0.9407575726509094,35
dense_head,8,15,answer,mass,false,0.9017361998558044,0.8333333134651184,0.9233813285827637,35
dense_head,8,16,answer,mass,false,0.8743055462837219,0.78125,0.9060490727424622,35
dense_head,8,17,answer,mass,false,0.9222221970558167,0.8645833134651184,0.9417559504508972,35
dense_head,8,18,answer,mass,false,0.8827381134033203,0.8020833134651184,0.9120303988456726,35
dense_head,8,19,answer,mass,false,0.9699074625968933,0.9479166865348816,0.9773411750793457,35
dense_head,8,20,answer,mass,false,0.9534721970558167,0.9166666865348816,0.9653378129005432,35
dense_head,8,21,answer,mass,false,0.9534721970558167,0.9166666865348816,0.9653377532958984,35
dense_head,8,22,answer,mass,false,0.8783854842185974,0.7916666865348816,0.909018337726593,35
dense_head,8,23,answer,mass,false,0.9356770515441895,0.8854166865348816,0.9518821239471436,35
dense_head,9,0,answer,mass,false,0.9230902791023254,0.8645833134651184,0.9426655769348145,39
dense_head,9,1,answer,mass,false,0.9375,0.8854166865348816,0.9534850716590881,39
dense_head,9,2,answer,mass,false,0.9444444179534912,0.8958333134651184,0.9586935043334961,39
dense_head,9,3,answer,mass,false,0.9283854365348816,0.875,0.9463545680046082,39
dense_head,9,4,answer,mass,false,0.9548611044883728,0.9166666865348816,0.9663823246955872,39
dense_head,9,5,answer,mass,false,0.9279513955116272,0.8645833134651184,0.9465720057487488,39
dense_head,9,6,answer,mass,false,0.9314236640930176,0.875,0.9490525722503662,39
dense_head,9,7,answer,mass,false,0.9175348281860352,0.8541666865348816,0.9386358857154846,39
dense_head,9,8,answer,mass,false,0.9413195252418518,0.8958333134651184,0.9562850594520569,39
dense_head,9,9,answer,mass,false,0.9470486640930176,0.90625,0.96058589220047,39
dense_head,9,10,answer,mass,false,0.936631977558136,0.8854166865348816,0.9528970122337341,39
dense_head,9,11,answer,mass,false,0.940538227558136,0.8958333134651184,0.9555413722991943,39
dense_head,9,12,answer,mass,false,0.9453125,0.8958333134651184,0.9594691395759583,39
dense_head,9,13,answer,mass,false,0.9473958015441895,0.90625,0.9607711434364319,39
dense_head,9,14,answer,mass,false,0.8965278267860413,0.8229166865348816,0.9227396845817566,39
dense_head,9,15,answer,mass,false,0.9301214814186096,0.875,0.9478524327278137,39
dense_head,9,16,answer,mass,false,0.9340278506278992,0.875,0.951138436794281,39
dense_head,9,17,answer,mass,false,0.9135416150093079,0.8541666865348816,0.9351837635040283,39
dense_head,9,18,answer,mass,false,0.9291666150093079,0.875,0.9472322463989258,39
dense_head,9,19,answer,mass,false,0.9470486640930176,0.90625,0.9605860114097595,39
dense_head,9,20,answer,mass,false,0.918055534362793,0.8541666865348816,0.9387097954750061,39
dense_head,9,21,answer,mass,false,0.9544270634651184,0.9166666865348816,0.9659580588340759,39
dense_head,9,22,answer,mass,false,0.94047611951828,0.8958333134651184,0.9553553462028503,39
dense_head,9,23,answer,mass,false,0.7318865656852722,0.5520833134651184,0.7990482449531555,39
dense_head,10,0,answer,mass,false,0.9253472685813904,0.8645833134651184,0.9444324374198914,43
dense_head,10,1,answer,mass,false,0.9277777671813965,0.875,0.9460535049438477,43
dense_head,10,2,answer,mass,false,0.9170138835906982,0.8541666865348816,0.93804532289505,43
dense_head,10,3,answer,mass,false,0.9340278506278992,0.8854166865348816,0.9508110880851746,43
dense_head,10,4,answer,mass,false,0.946527898311615,0.90625,0.9601294994354248,43
dense_head,10,5,answer,mass,false,0.9257813096046448,0.875,0.9444025158882141,43
dense_head,10,6,answer,mass,false,0.7231151461601257,0.5625,0.7916480898857117,43
dense_head,10,7,answer,mass,false,0.9548611044883728,0.9270833134651184,0.9660013318061829,43
dense_head,10,8,answer,mass,false,0.9427083134651184,0.90625,0.9570825695991516,43
dense_head,10,9,answer,mass,false,0.9173611998558044,0.8645833134651184,0.937983512878418,43
dense_head,10,10,answer,mass,false,0.9172866940498352,0.8541666865348816,0.9382635951042175,43
dense_head,10,11,answer,mass,false,0.9487847685813904,0.90625,0.9619498252868652,43
dense_head,10,12,answer,mass,false,0.9162326455116272,0.8541666865348816,0.9373018145561218,43
dense_head,10,13,answer,mass,false,0.9231770634651184,0.8645833134651184,0.9425101280212402,43
dense_head,10,14,answer,mass,false,0.918749988079071,0.8541666865348816,0.9394092559814453,43
dense_head,10,15,answer,mass,false,0.8796131014823914,0.8020833134651184,0.9095682501792908,43
dense_head,10,16,answer,mass,false,0.9263889193534851,0.875,0.9447157382965088,43
dense_head,10,17,answer,mass,false,0.932291567325592,0.8854166865348816,0.9493935704231262,43
dense_head,10,18,answer,mass,false,0.930654764175415,0.8854166865348816,0.9478426575660706,43
dense_head,10,19,answer,mass,false,0.9170138835906982,0.8541666865348816,0.9380454421043396,43
dense_head,10,20,answer,mass,false,0.9323907494544983,0.8854166865348816,0.9493405222892761,43
dense_head,10,21,answer,mass,false,0.9087094664573669,0.8541666865348816,0.9311912059783936,43
dense_head,10,22,answer,mass,false,0.9144096970558167,0.8541666865348816,0.9360933303833008,43
dense_head,10,23,answer,mass,false,0.921875,0.8645833134651184,0.9417045712471008,43
dense_head,11,0,answer,mass,false,0.9600694179534912,0.9270833134651184,0.9702269434928894,47
dense_head,11,1,answer,mass,false,0.9754464030265808,0.9583333134651184,0.9815220832824707,47
dense_head,11,2,answer,mass,false,0.9366319179534912,0.8958333134651184,0.9523820281028748,47
dense_head,11,3,answer,mass,false,0.9548611044883728,0.9166666865348816,0.9663825035095215,47
dense_head,11,4,answer,mass,false,0.90625,0.8333333134651184,0.9303051829338074,47
dense_head,11,5,answer,mass,false,0.9250991344451904,0.8645833134651184,0.9441940784454346,47
dense_head,11,6,answer,mass,false,0.9393353462219238,0.8958333134651184,0.9545490145683289,47
dense_head,11,7,answer,mass,false,0.9356770515441895,0.8854166865348816,0.9518821239471436,47
dense_head,11,8,answer,mass,false,0.9097222685813904,0.8333333134651184,0.9328988194465637,47
dense_head,11,9,answer,mass,false,0.9347221851348877,0.8854166865348816,0.9512618184089661,47
dense_head,11,10,answer,mass,false,0.9479166865348816,0.90625,0.9612277150154114,47
dense_head,11,11,answer,mass,false,0.8996527791023254,0.8333333134651184,0.924820601940155,47
dense_head,11,12,answer,mass,false,0.8657986521720886,0.7708333134651184,0.8998821377754211,47
dense_head,11,13,answer,mass,false,0.8796296119689941,0.7916666865348816,0.9099125862121582,47
dense_head,11,14,answer,mass,false,0.9222223162651062,0.8541666865348816,0.942270815372467,47
dense_head,11,15,answer,mass,false,0.8283854126930237,0.7083333134651184,0.87162846326828,47
dense_head,11,16,answer,mass,false,0.9178240895271301,0.84375,0.9388963580131531,47
dense_head,11,17,answer,mass,false,0.8313413262367249,0.71875,0.8704292178153992,47
dense_head,11,18,answer,mass,false,0.7858507037162781,0.65625,0.8390267491340637,47
dense_head,11,19,answer,mass,false,0.5213659405708313,0.2604166567325592,0.6335151791572571,47
dense_head,11,20,answer,mass,false,0.8892360329627991,0.8020833134651184,0.9143903255462646,47
dense_head,11,21,answer,mass,false,0.9097222685813904,0.8333333134651184,0.9329524636268616,47
dense_head,11,22,answer,mass,false,0.7652902603149414,0.6145833134651184,0.8233310580253601,47
dense_head,11,23,answer,mass,false,0.8916666507720947,0.8020833134651184,0.91916823387146,47
dense_head_top16_cv,-1,-1,answer,mass,false,0.9586805701255798,0.9270833134651184,0.9691823124885559,-1
dense_head_top16_cv_gated,-1,-1,answer,mass,false,0.9586805701255798,0.9270833134651184,0.9691823124885559,-1
dense_head_all_mean,-1,-1,answer,mass,false,0.9461805820465088,0.90625,0.9598102569580078,-1
dense_head,0,0,answer,mass,true,0.2924940586090088,0.125,0.3843105137348175,3
dense_head,0,1,answer,mass,true,0.3574775457382202,0.1770833283662796,0.42695102095603943,3
dense_head,0,2,answer,mass,true,0.3358880281448364,0.1979166716337204,0.39424264430999756,3
dense_head,0,3,answer,mass,true,0.28778260946273804,0.125,0.36753585934638977,3
dense_head,0,4,answer,mass,true,0.2855129837989807,0.125,0.3580750524997711,3
dense_head,0,5,answer,mass,true,0.4005584716796875,0.28125,0.45295801758766174,3
dense_head,0,6,answer,mass,true,0.4551282227039337,0.3333333432674408,0.48292219638824463,3
dense_head,0,7,answer,mass,true,0.30980515480041504,0.1145833358168602,0.40448108315467834,3
dense_head,0,8,answer,mass,true,0.3384885787963867,0.1875,0.4116443693637848,3
dense_head,0,9,answer,mass,true,0.48258528113365173,0.34375,0.5218784213066101,3
dense_head,0,10,answer,mass,true,0.24750614166259766,0.0833333358168602,0.3422510623931885,3
dense_head,0,11,answer,mass,true,0.2691597640514374,0.1041666641831398,0.36032405495643616,3
dense_head,0,12,answer,mass,true,0.25319430232048035,0.0833333358168602,0.31827473640441895,3
dense_head,0,13,answer,mass,true,0.25773873925209045,0.09375,0.32914406061172485,3
dense_head,0,14,answer,mass,true,0.29897940158843994,0.1354166716337204,0.36571595072746277,3
dense_head,0,15,answer,mass,true,0.2701362073421478,0.09375,0.33243605494499207,3
dense_head,0,16,answer,mass,true,0.2813246250152588,0.1666666716337204,0.28359371423721313,3
dense_head,0,17,answer,mass,true,0.22400833666324615,0.0625,0.3126879632472992,3
dense_head,0,18,answer,mass,true,0.2228298932313919,0.0625,0.2889523208141327,3
dense_head,0,19,answer,mass,true,0.20391631126403809,0.0416666679084301,0.2733421325683594,3
dense_head,0,20,answer,mass,true,0.37317800521850586,0.28125,0.360372930765152,3
dense_head,0,21,answer,mass,true,0.29846999049186707,0.1354166716337204,0.3827148377895355,3
dense_head,0,22,answer,mass,true,0.5735973715782166,0.4895833432674408,0.5966951847076416,3
dense_head,0,23,answer,mass,true,0.32499006390571594,0.1979166716337204,0.36275026202201843,3
dense_head,1,0,answer,mass,true,0.32359281182289124,0.2395833283662796,0.3126499056816101,7
dense_head,1,1,answer,mass,true,0.45693501830101013,0.3333333432674408,0.48172104358673096,7
dense_head,1,2,answer,mass,true,0.5609837770462036,0.4791666567325592,0.566673994064331,7
dense_head,1,3,answer,mass,true,0.5611856579780579,0.46875,0.5787803530693054,7
dense_head,1,4,answer,mass,true,0.5999745726585388,0.4791666567325592,0.6305198669433594,7
dense_head,1,5,answer,mass,true,0.6002737879753113,0.4895833432674408,0.6160352826118469,7
dense_head,1,6,answer,mass,true,0.4742426574230194,0.3645833432674408,0.4833287298679352,7
dense_head,1,7,answer,mass,true,0.4871721565723419,0.4270833432674408,0.47980567812919617,7
dense_head,1,8,answer,mass,true,0.41340866684913635,0.25,0.4710918366909027,7
dense_head,1,9,answer,mass,true,0.46305355429649353,0.34375,0.4909760653972626,7
dense_head,1,10,answer,mass,true,0.43875637650489807,0.3645833432674408,0.4310823380947113,7
dense_head,1,11,answer,mass,true,0.4306691586971283,0.25,0.5140599608421326,7
dense_head,1,12,answer,mass,true,0.2998944818973541,0.15625,0.3776790201663971,7
dense_head,1,13,answer,mass,true,0.3788868486881256,0.21875,0.43162596225738525,7
dense_head,1,14,answer,mass,true,0.19289864599704742,0.0833333358168602,0.22052226960659027,7
dense_head,1,15,answer,mass,true,0.3061683773994446,0.1354166716337204,0.3655865490436554,7
dense_head,1,16,answer,mass,true,0.2472139447927475,0.09375,0.32842954993247986,7
dense_head,1,17,answer,mass,true,0.6217724680900574,0.53125,0.6401901245117188,7
dense_head,1,18,answer,mass,true,0.27034053206443787,0.1770833283662796,0.27986350655555725,7
dense_head,1,19,answer,mass,true,0.3009605407714844,0.1770833283662796,0.3502424955368042,7
dense_head,1,20,answer,mass,true,0.43015408515930176,0.2395833283662796,0.5203405022621155,7
dense_head,1,21,answer,mass,true,0.5245413184165955,0.4166666567325592,0.5698661804199219,7
dense_head,1,22,answer,mass,true,0.19417579472064972,0.0625,0.24967195093631744,7
dense_head,1,23,answer,mass,true,0.18452505767345428,0.0520833320915699,0.23997469246387482,7
dense_head,2,0,answer,mass,true,0.6425272822380066,0.53125,0.6678388714790344,11
dense_head,2,1,answer,mass,true,0.5377209782600403,0.3958333432674408,0.5763621926307678,11
dense_head,2,2,answer,mass,true,0.6952860355377197,0.5833333134651184,0.7329122424125671,11
dense_head,2,3,answer,mass,true,0.7063512802124023,0.6145833134651184,0.7348003387451172,11
dense_head,2,4,answer,mass,true,0.541053295135498,0.3958333432674408,0.6096281409263611,11
dense_head,2,5,answer,mass,true,0.4682265818119049,0.3333333432674408,0.5063977837562561,11
dense_head,2,6,answer,mass,true,0.4534100294113159,0.3333333432674408,0.4907914698123932,11
dense_head,2,7,answer,mass,true,0.45424818992614746,0.2604166567325592,0.5388193130493164,11
dense_head,2,8,answer,mass,true,0.636910080909729,0.5416666865348816,0.6662676334381104,11
dense_head,2,9,answer,mass,true,0.25729474425315857,0.1666666716337204,0.2594134211540222,11
dense_head,2,10,answer,mass,true,0.379557341337204,0.25,0.4218086302280426,11
dense_head,2,11,answer,mass,true,0.4732719659805298,0.375,0.47760769724845886,11
dense_head,2,12,answer,mass,true,0.6776456236839294,0.6041666865348816,0.6939262747764587,11
dense_head,2,13,answer,mass,true,0.32425761222839355,0.1979166716337204,0.3616352379322052,11
dense_head,2,14,answer,mass,true,0.6975750923156738,0.6145833134651184,0.7158400416374207,11
dense_head,2,15,answer,mass,true,0.4381772577762604,0.2604166567325592,0.5106573700904846,11
dense_head,2,16,answer,mass,true,0.5601801872253418,0.4583333432674408,0.5964892506599426,11
dense_head,2,17,answer,mass,true,0.6188387274742126,0.46875,0.6593518257141113,11
dense_head,2,18,answer,mass,true,0.7131941914558411,0.6458333134651184,0.7216429710388184,11
dense_head,2,19,answer,mass,true,0.41107454895973206,0.3125,0.41783154010772705,11
dense_head,2,20,answer,mass,true,0.7432271838188171,0.6354166865348816,0.7756866812705994,11
dense_head,2,21,answer,mass,true,0.3656240701675415,0.2083333283662796,0.4288460314273834,11
dense_head,2,22,answer,mass,true,0.3593476116657257,0.15625,0.473623663187027,11
dense_head,2,23,answer,mass,true,0.6953365802764893,0.6041666865348816,0.7260507941246033,11
dense_head,3,0,answer,mass,true,0.7077192664146423,0.5833333134651184,0.7571485638618469,15
dense_head,3,1,answer,mass,true,0.4430629312992096,0.3645833432674408,0.45522353053092957,15
dense_head,3,2,answer,mass,true,0.7475065588951111,0.6770833134651184,0.7649876475334167,15
dense_head,3,3,answer,mass,true,0.624976396560669,0.5520833134651184,0.6407284140586853,15
dense_head,3,4,answer,mass,true,0.6989608407020569,0.6458333134651184,0.6955194473266602,15
dense_head,3,5,answer,mass,true,0.64829421043396,0.5208333134651184,0.691248893737793,15
dense_head,3,6,answer,mass,true,0.6216411590576172,0.5520833134651184,0.640805184841156,15
dense_head,3,7,answer,mass,true,0.7287247776985168,0.625,0.757903516292572,15
dense_head,3,8,answer,mass,true,0.28142988681793213,0.1770833283662796,0.3095516860485077,15
dense_head,3,9,answer,mass,true,0.8025198578834534,0.7291666865348816,0.8229930400848389,15
dense_head,3,10,answer,mass,true,0.7001636624336243,0.5833333134651184,0.7365933060646057,15
dense_head,3,11,answer,mass,true,0.7187274098396301,0.625,0.7499647736549377,15
dense_head,3,12,answer,mass,true,0.7810019850730896,0.7083333134651184,0.8040900230407715,15
dense_head,3,13,answer,mass,true,0.6712751388549805,0.5833333134651184,0.7121648788452148,15
dense_head,3,14,answer,mass,true,0.6231210231781006,0.5520833134651184,0.6254305243492126,15
dense_head,3,15,answer,mass,true,0.726707935333252,0.6458333134651184,0.7471110224723816,15
dense_head,3,16,answer,mass,true,0.5642600059509277,0.5,0.570131242275238,15
dense_head,3,17,answer,mass,true,0.7365203499794006,0.6458333134651184,0.7725467085838318,15
dense_head,3,18,answer,mass,true,0.6143794655799866,0.5208333134651184,0.6395949125289917,15
dense_head,3,19,answer,mass,true,0.6015865206718445,0.4791666567325592,0.6224740147590637,15
dense_head,3,20,answer,mass,true,0.6776123046875,0.6041666865348816,0.6879695057868958,15
dense_head,3,21,answer,mass,true,0.601301372051239,0.4479166567325592,0.6631006598472595,15
dense_head,3,22,answer,mass,true,0.6335697770118713,0.5104166865348816,0.6677570343017578,15
dense_head,3,23,answer,mass,true,0.6580700278282166,0.5729166865348816,0.6818001866340637,15
dense_head,4,0,answer,mass,true,0.46451568603515625,0.2916666567325592,0.5544717907905579,19
dense_head,4,1,answer,mass,true,0.5014999508857727,0.4166666567325592,0.510892927646637,19
dense_head,4,2,answer,mass,true,0.7569686770439148,0.6770833134651184,0.7821932435035706,19
dense_head,4,3,answer,mass,true,0.16694329679012299,0.0625,0.15992477536201477,19
dense_head,4,4,answer,mass,true,0.5676197409629822,0.4375,0.6069974303245544,19
dense_head,4,5,answer,mass,true,0.37225794792175293,0.28125,0.37267813086509705,19
dense_head,4,6,answer,mass,true,0.7166877388954163,0.6458333134651184,0.7296409606933594,19
dense_head,4,7,answer,mass,true,0.80051189661026,0.71875,0.8277751803398132,19
dense_head,4,8,answer,mass,true,0.6388317942619324,0.5416666865348816,0.6617677211761475,19
dense_head,4,9,answer,mass,true,0.3927781879901886,0.2916666567325592,0.41311851143836975,19
dense_head,4,10,answer,mass,true,0.667332112789154,0.5729166865348816,0.6895139813423157,19
dense_head,4,11,answer,mass,true,0.7058250308036804,0.625,0.7136626243591309,19
dense_head,4,12,answer,mass,true,0.4006173610687256,0.3125,0.4159899950027466,19
dense_head,4,13,answer,mass,true,0.6560991406440735,0.5833333134651184,0.6941821575164795,19
dense_head,4,14,answer,mass,true,0.7068167328834534,0.625,0.7342676520347595,19
dense_head,4,15,answer,mass,true,0.6921231746673584,0.5833333134651184,0.7265326380729675,19
dense_head,4,16,answer,mass,true,0.7103670239448547,0.6041666865348816,0.7501664161682129,19
dense_head,4,17,answer,mass,true,0.7301254272460938,0.65625,0.7519197463989258,19
dense_head,4,18,answer,mass,true,0.2895287275314331,0.1875,0.31046929955482483,19
dense_head,4,19,answer,mass,true,0.7254629731178284,0.6354166865348816,0.7415380477905273,19
dense_head,4,20,answer,mass,true,0.7627665996551514,0.6666666865348816,0.7905547022819519,19
dense_head,4,21,answer,mass,true,0.79021817445755,0.7083333134651184,0.8167330622673035,19
dense_head,4,22,answer,mass,true,0.34704264998435974,0.25,0.35638877749443054,19
dense_head,4,23,answer,mass,true,0.5323459506034851,0.4791666567325592,0.5280019640922546,19
dense_head,5,0,answer,mass,true,0.5236116051673889,0.4375,0.5260025858879089,23
dense_head,5,1,answer,mass,true,0.5569867491722107,0.46875,0.563102662563324,23
dense_head,5,2,answer,mass,true,0.6215819716453552,0.5416666865348816,0.6408715844154358,23
dense_head,5,3,answer,mass,true,0.6303800344467163,0.5520833134651184,0.6484245657920837,23
dense_head,5,4,answer,mass,true,0.7704875469207764,0.6979166865348816,0.7927658557891846,23
dense_head,5,5,answer,mass,true,0.6446061730384827,0.5520833134651184,0.6772730946540833,23
dense_head,5,6,answer,mass,true,0.716637909412384,0.65625,0.7241813540458679,23
dense_head,5,7,answer,mass,true,0.7640888094902039,0.6666666865348816,0.7975656986236572,23
dense_head,5,8,answer,mass,true,0.7869754433631897,0.6979166865348816,0.8146839141845703,23
dense_head,5,9,answer,mass,true,0.7881290912628174,0.71875,0.8033201694488525,23
dense_head,5,10,answer,mass,true,0.7454917430877686,0.6666666865348816,0.767742395401001,23
dense_head,5,11,answer,mass,true,0.7121149897575378,0.6354166865348816,0.7264959216117859,23
dense_head,5,12,answer,mass,true,0.8120715618133545,0.7395833134651184,0.8277764320373535,23
dense_head,5,13,answer,mass,true,0.7737302780151367,0.7083333134651184,0.7866762280464172,23
dense_head,5,14,answer,mass,true,0.6879755854606628,0.6145833134651184,0.6995427012443542,23
dense_head,5,15,answer,mass,true,0.6194208264350891,0.5520833134651184,0.6364755034446716,23
dense_head,5,16,answer,mass,true,0.7499772906303406,0.6666666865348816,0.7800979614257812,23
dense_head,5,17,answer,mass,true,0.7028543949127197,0.6354166865348816,0.7167007327079773,23
dense_head,5,18,answer,mass,true,0.8159361481666565,0.78125,0.8146908283233643,23
dense_head,5,19,answer,mass,true,0.8159598708152771,0.7395833134651184,0.8371126651763916,23
dense_head,5,20,answer,mass,true,0.5289201140403748,0.4166666567325592,0.5820432305335999,23
dense_head,5,21,answer,mass,true,0.8657147288322449,0.8229166865348816,0.8714025616645813,23
dense_head,5,22,answer,mass,true,0.7954394221305847,0.71875,0.81809002161026,23
dense_head,5,23,answer,mass,true,0.8053944110870361,0.75,0.818856418132782,23
dense_head,6,0,answer,mass,true,0.7149286270141602,0.6458333134651184,0.7202581763267517,27
dense_head,6,1,answer,mass,true,0.7419078350067139,0.6458333134651184,0.7800673842430115,27
dense_head,6,2,answer,mass,true,0.8059771656990051,0.7395833134651184,0.8224081993103027,27
dense_head,6,3,answer,mass,true,0.7487499713897705,0.65625,0.7819304466247559,27
dense_head,6,4,answer,mass,true,0.7635540962219238,0.6770833134651184,0.7913477420806885,27
dense_head,6,5,answer,mass,true,0.6148177981376648,0.5416666865348816,0.6220992207527161,27
dense_head,6,6,answer,mass,true,0.674208402633667,0.5625,0.7169032096862793,27
dense_head,6,7,answer,mass,true,0.6918270587921143,0.5833333134651184,0.7263044714927673,27
dense_head,6,8,answer,mass,true,0.7636237144470215,0.7083333134651184,0.7749446034431458,27
dense_head,6,9,answer,mass,true,0.5107085108757019,0.4166666567325592,0.5262669920921326,27
dense_head,6,10,answer,mass,true,0.624112069606781,0.4791666567325592,0.6839571595191956,27
dense_head,6,11,answer,mass,true,0.6036221385002136,0.5,0.6314504742622375,27
dense_head,6,12,answer,mass,true,0.7750324606895447,0.71875,0.784538984298706,27
dense_head,6,13,answer,mass,true,0.6979150176048279,0.5729166865348816,0.7413132786750793,27
dense_head,6,14,answer,mass,true,0.7941158413887024,0.71875,0.8086127638816833,27
dense_head,6,15,answer,mass,true,0.5996808409690857,0.46875,0.6466283202171326,27
dense_head,6,16,answer,mass,true,0.7304296493530273,0.6354166865348816,0.7507842183113098,27
dense_head,6,17,answer,mass,true,0.6476215720176697,0.5520833134651184,0.6858842968940735,27
dense_head,6,18,answer,mass,true,0.7694225311279297,0.7083333134651184,0.7823185324668884,27
dense_head,6,19,answer,mass,true,0.6225643754005432,0.5416666865348816,0.6290356516838074,27
dense_head,6,20,answer,mass,true,0.8303074836730957,0.75,0.8540968894958496,27
dense_head,6,21,answer,mass,true,0.4131297171115875,0.28125,0.47456976771354675,27
dense_head,6,22,answer,mass,true,0.583881139755249,0.4166666567325592,0.6565212607383728,27
dense_head,6,23,answer,mass,true,0.8056485652923584,0.7291666865348816,0.8263131976127625,27
dense_head,7,0,answer,mass,true,0.65162593126297,0.5,0.7011582851409912,31
dense_head,7,1,answer,mass,true,0.4952634274959564,0.40625,0.5042211413383484,31
dense_head,7,2,answer,mass,true,0.7804260849952698,0.6875,0.8010213971138,31
dense_head,7,3,answer,mass,true,0.6349213719367981,0.5520833134651184,0.6414188742637634,31
dense_head,7,4,answer,mass,true,0.7446791529655457,0.6770833134651184,0.752265989780426,31
dense_head,7,5,answer,mass,true,0.6969336867332458,0.59375,0.7136347889900208,31
dense_head,7,6,answer,mass,true,0.6441428065299988,0.5625,0.6516764163970947,31
dense_head,7,7,answer,mass,true,0.667319118976593,0.5625,0.6997894644737244,31
dense_head,7,8,answer,mass,true,0.3685997724533081,0.2708333432674408,0.3722800314426422,31
dense_head,7,9,answer,mass,true,0.7262160778045654,0.65625,0.7403460144996643,31
dense_head,7,10,answer,mass,true,0.7187311053276062,0.625,0.741558313369751,31
dense_head,7,11,answer,mass,true,0.8021078109741211,0.7291666865348816,0.8227636218070984,31
dense_head,7,12,answer,mass,true,0.780575692653656,0.6875,0.8045003414154053,31
dense_head,7,13,answer,mass,true,0.6505249738693237,0.5520833134651184,0.6805362701416016,31
dense_head,7,14,answer,mass,true,0.6555253863334656,0.5833333134651184,0.6659290194511414,31
dense_head,7,15,answer,mass,true,0.6268768906593323,0.5625,0.6258205771446228,31
dense_head,7,16,answer,mass,true,0.5629882216453552,0.4791666567325592,0.570673406124115,31
dense_head,7,17,answer,mass,true,0.7563486099243164,0.65625,0.7887248992919922,31
dense_head,7,18,answer,mass,true,0.6589975953102112,0.5520833134651184,0.6816235184669495,31
dense_head,7,19,answer,mass,true,0.5455172657966614,0.4479166567325592,0.5692468881607056,31
dense_head,7,20,answer,mass,true,0.7903767228126526,0.7291666865348816,0.8048437237739563,31
dense_head,7,21,answer,mass,true,0.6803789138793945,0.5520833134651184,0.7239067554473877,31
dense_head,7,22,answer,mass,true,0.6029877066612244,0.5104166865348816,0.6172084212303162,31
dense_head,7,23,answer,mass,true,0.640599250793457,0.5625,0.6506484150886536,31
dense_head,8,0,answer,mass,true,0.4580759108066559,0.28125,0.5152235627174377,35
dense_head,8,1,answer,mass,true,0.5918251872062683,0.5104166865348816,0.6075188517570496,35
dense_head,8,2,answer,mass,true,0.8049245476722717,0.71875,0.8230995535850525,35
dense_head,8,3,answer,mass,true,0.3454269468784332,0.2708333432674408,0.32534387707710266,35
dense_head,8,4,answer,mass,true,0.6817405819892883,0.59375,0.6982755661010742,35
dense_head,8,5,answer,mass,true,0.5775736570358276,0.5104166865348816,0.5732997059822083,35
dense_head,8,6,answer,mass,true,0.7940889000892639,0.7083333134651184,0.811810314655304,35
dense_head,8,7,answer,mass,true,0.8023011684417725,0.75,0.8167321681976318,35
dense_head,8,8,answer,mass,true,0.7101321816444397,0.59375,0.7358226180076599,35
dense_head,8,9,answer,mass,true,0.4492899477481842,0.3020833432674408,0.49653610587120056,35
dense_head,8,10,answer,mass,true,0.7997207045555115,0.71875,0.8155301213264465,35
dense_head,8,11,answer,mass,true,0.8085131645202637,0.7291666865348816,0.828622043132782,35
dense_head,8,12,answer,mass,true,0.5363877415657043,0.4583333432674408,0.5334571003913879,35
dense_head,8,13,answer,mass,true,0.7187930941581726,0.6458333134651184,0.7293621897697449,35
dense_head,8,14,answer,mass,true,0.7766926884651184,0.6875,0.8010193705558777,35
dense_head,8,15,answer,mass,true,0.7254292368888855,0.6354166865348816,0.7413055896759033,35
dense_head,8,16,answer,mass,true,0.7811756134033203,0.6979166865348816,0.8018261790275574,35
dense_head,8,17,answer,mass,true,0.7493093609809875,0.65625,0.7738220691680908,35
dense_head,8,18,answer,mass,true,0.6041905283927917,0.5104166865348816,0.6147392392158508,35
dense_head,8,19,answer,mass,true,0.7651675343513489,0.6770833134651184,0.7805767059326172,35
dense_head,8,20,answer,mass,true,0.8153398036956787,0.75,0.8330998420715332,35
dense_head,8,21,answer,mass,true,0.9122396111488342,0.8645833134651184,0.9280233979225159,35
dense_head,8,22,answer,mass,true,0.5252094864845276,0.4479166567325592,0.5206759572029114,35
dense_head,8,23,answer,mass,true,0.723964512348175,0.6458333134651184,0.7341766953468323,35
dense_head,9,0,answer,mass,true,0.6952236294746399,0.6354166865348816,0.6967328190803528,39
dense_head,9,1,answer,mass,true,0.6800826191902161,0.6145833134651184,0.6789628863334656,39
dense_head,9,2,answer,mass,true,0.6938530802726746,0.625,0.706677258014679,39
dense_head,9,3,answer,mass,true,0.7113615870475769,0.6354166865348816,0.7209869027137756,39
dense_head,9,4,answer,mass,true,0.7547219395637512,0.7083333134651184,0.756518542766571,39
dense_head,9,5,answer,mass,true,0.7089961171150208,0.6041666865348816,0.7293040156364441,39
dense_head,9,6,answer,mass,true,0.7562389969825745,0.6875,0.764674961566925,39
dense_head,9,7,answer,mass,true,0.7986730933189392,0.71875,0.8206496238708496,39
dense_head,9,8,answer,mass,true,0.7652310729026794,0.6979166865348816,0.7768704891204834,39
dense_head,9,9,answer,mass,true,0.7423005104064941,0.6666666865348816,0.7542583346366882,39
dense_head,9,10,answer,mass,true,0.7882874608039856,0.6979166865348816,0.8161171078681946,39
dense_head,9,11,answer,mass,true,0.7072288393974304,0.6354166865348816,0.7204685211181641,39
dense_head,9,12,answer,mass,true,0.8309895992279053,0.7708333134651184,0.8453102707862854,39
dense_head,9,13,answer,mass,true,0.8453245759010315,0.7708333134651184,0.8624628186225891,39
dense_head,9,14,answer,mass,true,0.676562488079071,0.5833333134651184,0.6924512386322021,39
dense_head,9,15,answer,mass,true,0.6876748204231262,0.6041666865348816,0.6940591931343079,39
dense_head,9,16,answer,mass,true,0.7650094628334045,0.6979166865348816,0.7766922116279602,39
dense_head,9,17,answer,mass,true,0.6663177609443665,0.5833333134651184,0.6721010804176331,39
dense_head,9,18,answer,mass,true,0.7970686554908752,0.7083333134651184,0.8171690106391907,39
dense_head,9,19,answer,mass,true,0.8434461951255798,0.78125,0.8635434508323669,39
dense_head,9,20,answer,mass,true,0.5730782151222229,0.5,0.5757383704185486,39
dense_head,9,21,answer,mass,true,0.8150525093078613,0.75,0.8303106427192688,39
dense_head,9,22,answer,mass,true,0.8232391476631165,0.7708333134651184,0.8331277370452881,39
dense_head,9,23,answer,mass,true,0.5892668962478638,0.46875,0.6273620128631592,39
dense_head,10,0,answer,mass,true,0.790928840637207,0.7083333134651184,0.8122655749320984,43
dense_head,10,1,answer,mass,true,0.7295679450035095,0.65625,0.7468466758728027,43
dense_head,10,2,answer,mass,true,0.7584401965141296,0.6770833134651184,0.7807178497314453,43
dense_head,10,3,answer,mass,true,0.6792142987251282,0.5729166865348816,0.7196442484855652,43
dense_head,10,4,answer,mass,true,0.7995142936706543,0.7291666865348816,0.8154077529907227,43
dense_head,10,5,answer,mass,true,0.785478413105011,0.71875,0.7984567284584045,43
dense_head,10,6,answer,mass,true,0.6749765872955322,0.5520833134651184,0.7035178542137146,43
dense_head,10,7,answer,mass,true,0.802647590637207,0.7395833134651184,0.8148038387298584,43
dense_head,10,8,answer,mass,true,0.9028708338737488,0.8541666865348816,0.9150748252868652,43
dense_head,10,9,answer,mass,true,0.7202680110931396,0.6458333134651184,0.7331894040107727,43
dense_head,10,10,answer,mass,true,0.7583284974098206,0.6770833134651184,0.7780799865722656,43
dense_head,10,11,answer,mass,true,0.8042824268341064,0.7291666865348816,0.8221651911735535,43
dense_head,10,12,answer,mass,true,0.7738030552864075,0.71875,0.7830677032470703,43
dense_head,10,13,answer,mass,true,0.784257173538208,0.7083333134651184,0.8040149807929993,43
dense_head,10,14,answer,mass,true,0.7509035468101501,0.6666666865348816,0.7751643061637878,43
dense_head,10,15,answer,mass,true,0.6325274109840393,0.53125,0.6733502745628357,43
dense_head,10,16,answer,mass,true,0.7559118270874023,0.6875,0.7667608857154846,43
dense_head,10,17,answer,mass,true,0.773651123046875,0.6979166865348816,0.7979720234870911,43
dense_head,10,18,answer,mass,true,0.7469146251678467,0.6979166865348816,0.7562596201896667,43
dense_head,10,19,answer,mass,true,0.7519886493682861,0.6770833134651184,0.7670695185661316,43
dense_head,10,20,answer,mass,true,0.7404909729957581,0.65625,0.7666037678718567,43
dense_head,10,21,answer,mass,true,0.7217259407043457,0.6458333134651184,0.7406196594238281,43
dense_head,10,22,answer,mass,true,0.7408276200294495,0.6666666865348816,0.7646694183349609,43
dense_head,10,23,answer,mass,true,0.7763152718544006,0.6979166865348816,0.7973141670227051,43
dense_head,11,0,answer,mass,true,0.7552452087402344,0.6666666865348816,0.7843225598335266,47
dense_head,11,1,answer,mass,true,0.7044759392738342,0.65625,0.7029537558555603,47
dense_head,11,2,answer,mass,true,0.8399226665496826,0.7708333134651184,0.8693225979804993,47
dense_head,11,3,answer,mass,true,0.7796923518180847,0.71875,0.7935382723808289,47
dense_head,11,4,answer,mass,true,0.7277806401252747,0.6666666865348816,0.7274635434150696,47
dense_head,11,5,answer,mass,true,0.6972895264625549,0.625,0.7066866755485535,47
dense_head,11,6,answer,mass,true,0.7228756546974182,0.625,0.7479986548423767,47
dense_head,11,7,answer,mass,true,0.7154976725578308,0.65625,0.7258317470550537,47
dense_head,11,8,answer,mass,true,0.8343732953071594,0.7395833134651184,0.8605435490608215,47
dense_head,11,9,answer,mass,true,0.8143408894538879,0.75,0.8292636871337891,47
dense_head,11,10,answer,mass,true,0.7945836186408997,0.7291666865348816,0.8113325238227844,47
dense_head,11,11,answer,mass,true,0.5750033259391785,0.4895833432674408,0.5833693146705627,47
dense_head,11,12,answer,mass,true,0.6955929398536682,0.6354166865348816,0.7043260931968689,47
dense_head,11,13,answer,mass,true,0.7772893905639648,0.6979166865348816,0.7922953963279724,47
dense_head,11,14,answer,mass,true,0.6946808695793152,0.6041666865348816,0.7058233618736267,47
dense_head,11,15,answer,mass,true,0.7465116381645203,0.65625,0.7777058482170105,47
dense_head,11,16,answer,mass,true,0.87322598695755,0.8125,0.8922737240791321,47
dense_head,11,17,answer,mass,true,0.6201686263084412,0.5104166865348816,0.6564515233039856,47
dense_head,11,18,answer,mass,true,0.6793010234832764,0.5833333134651184,0.6996793746948242,47
dense_head,11,19,answer,mass,true,0.6600160598754883,0.4791666567325592,0.7283914089202881,47
dense_head,11,20,answer,mass,true,0.6031333804130554,0.5208333134651184,0.6110237836837769,47
dense_head,11,21,answer,mass,true,0.7473814487457275,0.6666666865348816,0.7632877826690674,47
dense_head,11,22,answer,mass,true,0.5245067477226257,0.40625,0.569655179977417,47
dense_head,11,23,answer,mass,true,0.7216331958770752,0.6041666865348816,0.7507283687591553,47
dense_head_top16_cv,-1,-1,answer,mass,true,0.8586399555206299,0.8020833134651184,0.8722295165061951,-1
dense_head_top16_cv_gated,-1,-1,answer,mass,true,0.8587639927864075,0.8020833134651184,0.8722295165061951,-1
dense_head_all_mean,-1,-1,answer,mass,true,0.811695396900177,0.71875,0.8340681195259094,-1
dense_head,0,0,both,mass,false,0.22414034605026245,0.0625,0.3122212588787079,3
dense_head,0,1,both,mass,false,0.2688405513763428,0.0833333358168602,0.3657085597515106,3
dense_head,0,2,both,mass,false,0.25217974185943604,0.0833333358168602,0.33171316981315613,3
dense_head,0,3,both,mass,false,0.20952807366847992,0.0625,0.2716357707977295,3
dense_head,0,4,both,mass,false,0.24752603471279144,0.0729166641831398,0.32265570759773254,3
dense_head,0,5,both,mass,false,0.33386966586112976,0.15625,0.42330363392829895,3
dense_head,0,6,both,mass,false,0.4918813407421112,0.3020833432674408,0.5942395329475403,3
dense_head,0,7,both,mass,false,0.2047642320394516,0.0520833320915699,0.26492050290107727,3
dense_head,0,8,both,mass,false,0.2599421441555023,0.09375,0.36123764514923096,3
dense_head,0,9,both,mass,false,0.4617379605770111,0.28125,0.5516034960746765,3
dense_head,0,10,both,mass,false,0.1936456561088562,0.0625,0.25218379497528076,3
dense_head,0,11,both,mass,false,0.17267382144927979,0.0520833320915699,0.20051737129688263,3
dense_head,0,12,both,mass,false,0.22207117080688477,0.0625,0.2920577824115753,3
dense_head,0,13,both,mass,false,0.18554888665676117,0.0625,0.22789601981639862,3
dense_head,0,14,both,mass,false,0.2023906111717224,0.0520833320915699,0.2618534564971924,3
dense_head,0,15,both,mass,false,0.2665165364742279,0.1041666641831398,0.35346782207489014,3
dense_head,0,16,both,mass,false,0.3241308033466339,0.1666666716337204,0.4343312978744507,3
dense_head,0,17,both,mass,false,0.21586810052394867,0.0729166641831398,0.2816586196422577,3
dense_head,0,18,both,mass,false,0.2019292563199997,0.0520833320915699,0.2647944986820221,3
dense_head,0,19,both,mass,false,0.19972418248653412,0.0416666679084301,0.26635611057281494,3
dense_head,0,20,both,mass,false,0.5183656811714172,0.2916666567325592,0.6193390488624573,3
dense_head,0,21,both,mass,false,0.25610610842704773,0.0833333358168602,0.3518504202365875,3
dense_head,0,22,both,mass,false,0.556911289691925,0.375,0.6450363993644714,3
dense_head,0,23,both,mass,false,0.2636530101299286,0.0625,0.36401042342185974,3
dense_head,1,0,both,mass,false,0.5579362511634827,0.375,0.645967423915863,7
dense_head,1,1,both,mass,false,0.6558525562286377,0.5208333134651184,0.7286992073059082,7
dense_head,1,2,both,mass,false,0.6988508701324463,0.5520833134651184,0.7654619812965393,7
dense_head,1,3,both,mass,false,0.6600285172462463,0.5,0.735567569732666,7
dense_head,1,4,both,mass,false,0.5621986389160156,0.3541666567325592,0.658835232257843,7
dense_head,1,5,both,mass,false,0.7679237723350525,0.65625,0.8203677535057068,7
dense_head,1,6,both,mass,false,0.6399019956588745,0.4270833432674408,0.7224252820014954,7
dense_head,1,7,both,mass,false,0.582064688205719,0.375,0.6745815277099609,7
dense_head,1,8,both,mass,false,0.3647424280643463,0.2083333283662796,0.4614567458629608,7
dense_head,1,9,both,mass,false,0.3693002462387085,0.1041666641831398,0.49923792481422424,7
dense_head,1,10,both,mass,false,0.695159912109375,0.5208333134651184,0.7642647624015808,7
dense_head,1,11,both,mass,false,0.31825071573257446,0.0833333358168602,0.4498959481716156,7
dense_head,1,12,both,mass,false,0.27931591868400574,0.0625,0.38571032881736755,7
dense_head,1,13,both,mass,false,0.28999409079551697,0.0625,0.41276001930236816,7
dense_head,1,14,both,mass,false,0.3930984437465668,0.1770833283662796,0.5126492977142334,7
dense_head,1,15,both,mass,false,0.3283769190311432,0.125,0.4400530755519867,7
dense_head,1,16,both,mass,false,0.21521872282028198,0.0520833320915699,0.27911168336868286,7
dense_head,1,17,both,mass,false,0.6314488053321838,0.4479166567325592,0.7149078249931335,7
dense_head,1,18,both,mass,false,0.29225635528564453,0.1041666641831398,0.4165518581867218,7
dense_head,1,19,both,mass,false,0.30259886384010315,0.0833333358168602,0.43502113223075867,7
dense_head,1,20,both,mass,false,0.38395723700523376,0.1458333283662796,0.5120519399642944,7
dense_head,1,21,both,mass,false,0.6923236846923828,0.5208333134651184,0.7615546584129333,7
dense_head,1,22,both,mass,false,0.2871248424053192,0.125,0.39290475845336914,7
dense_head,1,23,both,mass,false,0.3027086555957794,0.09375,0.40915095806121826,7
dense_head,2,0,both,mass,false,0.6949611306190491,0.53125,0.7630147337913513,11
dense_head,2,1,both,mass,false,0.44604453444480896,0.2083333283662796,0.5701679587364197,11
dense_head,2,2,both,mass,false,0.7023885846138,0.5520833134651184,0.7720615267753601,11
dense_head,2,3,both,mass,false,0.7464657425880432,0.6145833134651184,0.8078963160514832,11
dense_head,2,4,both,mass,false,0.35668814182281494,0.1145833358168602,0.5025082230567932,11
dense_head,2,5,both,mass,false,0.6024408936500549,0.4166666567325592,0.6898394227027893,11
dense_head,2,6,both,mass,false,0.4218333661556244,0.21875,0.5367714762687683,11
dense_head,2,7,both,mass,false,0.3676752746105194,0.125,0.5095371603965759,11
dense_head,2,8,both,mass,false,0.7020544409751892,0.53125,0.775172770023346,11
dense_head,2,9,both,mass,false,0.479716420173645,0.28125,0.5879243016242981,11
dense_head,2,10,both,mass,false,0.32370641827583313,0.1041666641831398,0.4487778842449188,11
dense_head,2,11,both,mass,false,0.487430214881897,0.2916666567325592,0.5933764576911926,11
dense_head,2,12,both,mass,false,0.5607219338417053,0.3020833432674408,0.6600010395050049,11
dense_head,2,13,both,mass,false,0.40443718433380127,0.21875,0.5220518112182617,11
dense_head,2,14,both,mass,false,0.7144965529441833,0.5833333134651184,0.7800243496894836,11
dense_head,2,15,both,mass,false,0.3013130724430084,0.1041666641831398,0.43248000741004944,11
dense_head,2,16,both,mass,false,0.5008605718612671,0.28125,0.6120380759239197,11
dense_head,2,17,both,mass,false,0.4968854486942291,0.3333333432674408,0.5930246114730835,11
dense_head,2,18,both,mass,false,0.7312500476837158,0.5625,0.7977597713470459,11
dense_head,2,19,both,mass,false,0.5831224918365479,0.34375,0.677287757396698,11
dense_head,2,20,both,mass,false,0.5687955021858215,0.375,0.6663778424263,11
dense_head,2,21,both,mass,false,0.23376953601837158,0.0625,0.31755003333091736,11
dense_head,2,22,both,mass,false,0.20375221967697144,0.0416666679084301,0.2679493725299835,11
dense_head,2,23,both,mass,false,0.7274057269096375,0.5625,0.7946625351905823,11
dense_head,3,0,both,mass,false,0.5575520992279053,0.3333333432674408,0.6562691330909729,15
dense_head,3,1,both,mass,false,0.570382833480835,0.3541666567325592,0.666316568851471,15
dense_head,3,2,both,mass,false,0.7884014248847961,0.6666666865348816,0.8369612097740173,15
dense_head,3,3,both,mass,false,0.8262476921081543,0.7083333134651184,0.8667662739753723,15
dense_head,3,4,both,mass,false,0.785429060459137,0.65625,0.8352697491645813,15
dense_head,3,5,both,mass,false,0.7043727040290833,0.5208333134651184,0.7748408913612366,15
dense_head,3,6,both,mass,false,0.6155251860618591,0.3958333432674408,0.7074761986732483,15
dense_head,3,7,both,mass,false,0.824598491191864,0.7291666865348816,0.8646438717842102,15
dense_head,3,8,both,mass,false,0.5002102851867676,0.2916666567325592,0.5963491797447205,15
dense_head,3,9,both,mass,false,0.8197338581085205,0.71875,0.8607283234596252,15
dense_head,3,10,both,mass,false,0.6328408122062683,0.4270833432674408,0.7198899388313293,15
dense_head,3,11,both,mass,false,0.7713007926940918,0.6458333134651184,0.8214178085327148,15
dense_head,3,12,both,mass,false,0.8831140398979187,0.8125,0.9058210253715515,15
dense_head,3,13,both,mass,false,0.514975368976593,0.25,0.6286974549293518,15
dense_head,3,14,both,mass,false,0.7881576418876648,0.6666666865348816,0.8368639349937439,15
dense_head,3,15,both,mass,false,0.7970686554908752,0.65625,0.8451116681098938,15
dense_head,3,16,both,mass,false,0.8065521717071533,0.6979166865348816,0.8481903076171875,15
dense_head,3,17,both,mass,false,0.6631401181221008,0.46875,0.7434735298156738,15
dense_head,3,18,both,mass,false,0.6078697443008423,0.40625,0.7006418108940125,15
dense_head,3,19,both,mass,false,0.5730937719345093,0.375,0.6704761385917664,15
dense_head,3,20,both,mass,false,0.7790219783782959,0.6458333134651184,0.8334891200065613,15
dense_head,3,21,both,mass,false,0.5153763294219971,0.28125,0.627457857131958,15
dense_head,3,22,both,mass,false,0.5638431906700134,0.3645833432674408,0.6634449362754822,15
dense_head,3,23,both,mass,false,0.7471110224723816,0.6145833134651184,0.8025082945823669,15
dense_head,4,0,both,mass,false,0.28381481766700745,0.0625,0.4159028232097626,19
dense_head,4,1,both,mass,false,0.7547495365142822,0.6041666865348816,0.8096668720245361,19
dense_head,4,2,both,mass,false,0.8234419822692871,0.7291666865348816,0.8633236289024353,19
dense_head,4,3,both,mass,false,0.5064998269081116,0.2291666716337204,0.6151983141899109,19
dense_head,4,4,both,mass,false,0.5653735995292664,0.34375,0.6594966053962708,19
dense_head,4,5,both,mass,false,0.6679608821868896,0.4583333432674408,0.7444644570350647,19
dense_head,4,6,both,mass,false,0.8341934680938721,0.7291666865348816,0.8691697120666504,19
dense_head,4,7,both,mass,false,0.7969539165496826,0.6875,0.8434329032897949,19
dense_head,4,8,both,mass,false,0.7431423664093018,0.5729166865348816,0.8069973587989807,19
dense_head,4,9,both,mass,false,0.44876405596733093,0.25,0.5640888214111328,19
dense_head,4,10,both,mass,false,0.7945513725280762,0.65625,0.8428165912628174,19
dense_head,4,11,both,mass,false,0.7438578605651855,0.6145833134651184,0.8000910878181458,19
dense_head,4,12,both,mass,false,0.8242056965827942,0.71875,0.864422082901001,19
dense_head,4,13,both,mass,false,0.7987427711486816,0.6770833134651184,0.8455808758735657,19
dense_head,4,14,both,mass,false,0.7541505694389343,0.6458333134651184,0.8042036890983582,19
dense_head,4,15,both,mass,false,0.8359870910644531,0.75,0.8731734752655029,19
dense_head,4,16,both,mass,false,0.6116099953651428,0.40625,0.7009389996528625,19
dense_head,4,17,both,mass,false,0.8224081993103027,0.7291666865348816,0.8656454086303711,19
dense_head,4,18,both,mass,false,0.5466402173042297,0.3541666567325592,0.6374995112419128,19
dense_head,4,19,both,mass,false,0.8659970760345459,0.7916666865348816,0.8987743854522705,19
dense_head,4,20,both,mass,false,0.8267406821250916,0.7291666865348816,0.8661341667175293,19
dense_head,4,21,both,mass,false,0.8402311205863953,0.7395833134651184,0.8737322688102722,19
dense_head,4,22,both,mass,false,0.5894467234611511,0.3958333432674408,0.6766602396965027,19
dense_head,4,23,both,mass,false,0.8384796977043152,0.75,0.8749597072601318,19
dense_head,5,0,both,mass,false,0.7716391086578369,0.6458333134651184,0.8214475512504578,23
dense_head,5,1,both,mass,false,0.7490789294242859,0.6145833134651184,0.8012607097625732,23
dense_head,5,2,both,mass,false,0.8030629754066467,0.6875,0.8484909534454346,23
dense_head,5,3,both,mass,false,0.821279764175415,0.71875,0.8621687293052673,23
dense_head,5,4,both,mass,false,0.8788029551506042,0.8125,0.908257007598877,23
dense_head,5,5,both,mass,false,0.6057250499725342,0.3854166567325592,0.6962212920188904,23
dense_head,5,6,both,mass,false,0.7081266045570374,0.5520833134651184,0.7760340571403503,23
dense_head,5,7,both,mass,false,0.7177417874336243,0.5520833134651184,0.7843232154846191,23
dense_head,5,8,both,mass,false,0.7751860618591309,0.6458333134651184,0.8298282623291016,23
dense_head,5,9,both,mass,false,0.8348792195320129,0.7395833134651184,0.8750512599945068,23
dense_head,5,10,both,mass,false,0.8092338442802429,0.7083333134651184,0.8441619873046875,23
dense_head,5,11,both,mass,false,0.8527901768684387,0.78125,0.8854973912239075,23
dense_head,5,12,both,mass,false,0.8585858345031738,0.7708333134651184,0.890376091003418,23
dense_head,5,13,both,mass,false,0.8323705792427063,0.7395833134651184,0.867580235004425,23
dense_head,5,14,both,mass,false,0.7715401649475098,0.65625,0.8242233395576477,23
dense_head,5,15,both,mass,false,0.7678075432777405,0.6354166865348816,0.8244976997375488,23
dense_head,5,16,both,mass,false,0.7940149307250977,0.6875,0.8410497307777405,23
dense_head,5,17,both,mass,false,0.6911713480949402,0.5625,0.7526208758354187,23
dense_head,5,18,both,mass,false,0.8741443157196045,0.8020833134651184,0.9049468040466309,23
dense_head,5,19,both,mass,false,0.8330853581428528,0.75,0.8733950257301331,23
dense_head,5,20,both,mass,false,0.5181748270988464,0.3229166567325592,0.6182805299758911,23
dense_head,5,21,both,mass,false,0.867303192615509,0.7916666865348816,0.9000675678253174,23
dense_head,5,22,both,mass,false,0.8390914797782898,0.7604166865348816,0.8780803680419922,23
dense_head,5,23,both,mass,false,0.7679150104522705,0.6354166865348816,0.8219656348228455,23
dense_head,6,0,both,mass,false,0.8691760897636414,0.8020833134651184,0.8983142971992493,27
dense_head,6,1,both,mass,false,0.8202877640724182,0.71875,0.8616073727607727,27
dense_head,6,2,both,mass,false,0.8730823397636414,0.7916666865348816,0.9015331268310547,27
dense_head,6,3,both,mass,false,0.8615575432777405,0.7604166865348816,0.8964923024177551,27
dense_head,6,4,both,mass,false,0.7921130657196045,0.6875,0.839902400970459,27
dense_head,6,5,both,mass,false,0.8426663875579834,0.7395833134651184,0.87894606590271,27
dense_head,6,6,both,mass,false,0.7441341876983643,0.625,0.7999687790870667,27
dense_head,6,7,both,mass,false,0.7171502709388733,0.5520833134651184,0.7837300300598145,27
dense_head,6,8,both,mass,false,0.8575521111488342,0.7708333134651184,0.8930122256278992,27
dense_head,6,9,both,mass,false,0.6194472908973694,0.4270833432674408,0.7028829455375671,27
dense_head,6,10,both,mass,false,0.6970769762992859,0.5520833134651184,0.7675215601921082,27
dense_head,6,11,both,mass,false,0.7235863208770752,0.5729166865348816,0.7855798602104187,27
dense_head,6,12,both,mass,false,0.8619791865348816,0.7708333134651184,0.8963601589202881,27
dense_head,6,13,both,mass,false,0.7072792053222656,0.5520833134651184,0.7760446071624756,27
dense_head,6,14,both,mass,false,0.8530505299568176,0.7604166865348816,0.8894813656806946,27
dense_head,6,15,both,mass,false,0.6446146368980408,0.4895833432674408,0.71770840883255,27
dense_head,6,16,both,mass,false,0.8000578880310059,0.6875,0.8459013104438782,27
dense_head,6,17,both,mass,false,0.6033644676208496,0.4270833432674408,0.6860080361366272,27
dense_head,6,18,both,mass,false,0.873342752456665,0.8020833134651184,0.8985937237739563,27
dense_head,6,19,both,mass,false,0.8799603581428528,0.8020833134651184,0.9097535014152527,27
dense_head,6,20,both,mass,false,0.8166990876197815,0.71875,0.8585279583930969,27
dense_head,6,21,both,mass,false,0.29654932022094727,0.09375,0.41131260991096497,27
dense_head,6,22,both,mass,false,0.6493056416511536,0.4791666567325592,0.7276048064231873,27
dense_head,6,23,both,mass,false,0.8801339268684387,0.8020833134651184,0.9098907113075256,27
dense_head,7,0,both,mass,false,0.7448706030845642,0.59375,0.8049286007881165,31
dense_head,7,1,both,mass,false,0.8450810313224792,0.75,0.880549430847168,31
dense_head,7,2,both,mass,false,0.867886483669281,0.78125,0.8978267312049866,31
dense_head,7,3,both,mass,false,0.8929978013038635,0.8229166865348816,0.9196793437004089,31
dense_head,7,4,both,mass,false,0.8837797045707703,0.7916666865348816,0.9133763909339905,31
dense_head,7,5,both,mass,false,0.8764881491661072,0.7916666865348816,0.9076552987098694,31
dense_head,7,6,both,mass,false,0.8579862117767334,0.7604166865348816,0.8934230804443359,31
dense_head,7,7,both,mass,false,0.8855158686637878,0.8020833134651184,0.9143590927124023,31
dense_head,7,8,both,mass,false,0.7214203476905823,0.5729166865348816,0.7862952351570129,31
dense_head,7,9,both,mass,false,0.8953993320465088,0.8125,0.9220579266548157,31
dense_head,7,10,both,mass,false,0.8409722447395325,0.7291666865348816,0.8779833316802979,31
dense_head,7,11,both,mass,false,0.847053050994873,0.75,0.881933867931366,31
dense_head,7,12,both,mass,false,0.8978298306465149,0.8229166865348816,0.9235450625419617,31
dense_head,7,13,both,mass,false,0.8647817969322205,0.7708333134651184,0.8986811637878418,31
dense_head,7,14,both,mass,false,0.8872519135475159,0.8125,0.9154759049415588,31
dense_head,7,15,both,mass,false,0.86869215965271,0.78125,0.901573657989502,31
dense_head,7,16,both,mass,false,0.8525173664093018,0.7604166865348816,0.8889225125312805,31
dense_head,7,17,both,mass,false,0.8792501091957092,0.8020833134651184,0.9031691551208496,31
dense_head,7,18,both,mass,false,0.85893315076828,0.7708333134651184,0.8880212306976318,31
dense_head,7,19,both,mass,false,0.7496686577796936,0.625,0.8042535185813904,31
dense_head,7,20,both,mass,false,0.8685020804405212,0.78125,0.9014536738395691,31
dense_head,7,21,both,mass,false,0.7657241821289062,0.625,0.8208668231964111,31
dense_head,7,22,both,mass,false,0.8448126912117004,0.75,0.880230188369751,31
dense_head,7,23,both,mass,false,0.8412864208221436,0.7395833134651184,0.880717933177948,31
dense_head,8,0,both,mass,false,0.39131656289100647,0.1875,0.4979323148727417,35
dense_head,8,1,both,mass,false,0.8528969883918762,0.75,0.8867763876914978,35
dense_head,8,2,both,mass,false,0.899404764175415,0.8229166865348816,0.9249098300933838,35
dense_head,8,3,both,mass,false,0.730175256729126,0.5729166865348816,0.7937068343162537,35
dense_head,8,4,both,mass,false,0.832998514175415,0.71875,0.8717126846313477,35
dense_head,8,5,both,mass,false,0.891765832901001,0.8125,0.9188680648803711,35
dense_head,8,6,both,mass,false,0.8792534470558167,0.7916666865348816,0.9097403883934021,35
dense_head,8,7,both,mass,false,0.8893229365348816,0.8125,0.9172442555427551,35
dense_head,8,8,both,mass,false,0.8663608431816101,0.7708333134651184,0.8998993039131165,35
dense_head,8,9,both,mass,false,0.6463752388954163,0.4895833432674408,0.7251873016357422,35
dense_head,8,10,both,mass,false,0.8871528506278992,0.7916666865348816,0.916157066822052,35
dense_head,8,11,both,mass,false,0.8547866344451904,0.75,0.8915017247200012,35
dense_head,8,12,both,mass,false,0.8875868320465088,0.8020833134651184,0.9159933924674988,35
dense_head,8,13,both,mass,false,0.8979167342185974,0.8229166865348816,0.9236502647399902,35
dense_head,8,14,both,mass,false,0.8894097805023193,0.8125,0.914031982421875,35
dense_head,8,15,both,mass,false,0.8814360499382019,0.8020833134651184,0.9108301997184753,35
dense_head,8,16,both,mass,false,0.8512073159217834,0.75,0.8855995535850525,35
dense_head,8,17,both,mass,false,0.886904776096344,0.7916666865348816,0.9159188866615295,35
dense_head,8,18,both,mass,false,0.8575441837310791,0.7604166865348816,0.890158474445343,35
dense_head,8,19,both,mass,false,0.88014155626297,0.7916666865348816,0.9076328873634338,35
dense_head,8,20,both,mass,false,0.899404764175415,0.8229166865348816,0.9249098896980286,35
dense_head,8,21,both,mass,false,0.8866319060325623,0.8020833134651184,0.9153731465339661,35
dense_head,8,22,both,mass,false,0.7955109477043152,0.6666666865348816,0.8435323238372803,35
dense_head,8,23,both,mass,false,0.8960070013999939,0.8125,0.9224246144294739,35
dense_head,9,0,both,mass,false,0.8232184052467346,0.7083333134651184,0.8670976161956787,39
dense_head,9,1,both,mass,false,0.8321594595909119,0.7395833134651184,0.8734375834465027,39
dense_head,9,2,both,mass,false,0.9080853462219238,0.84375,0.9311544895172119,39
dense_head,9,3,both,mass,false,0.8464410305023193,0.75,0.8845434784889221,39
dense_head,9,4,both,mass,false,0.8777778148651123,0.8020833134651184,0.9082306027412415,39
dense_head,9,5,both,mass,false,0.8462095260620117,0.75,0.8843489289283752,39
dense_head,9,6,both,mass,false,0.8505497574806213,0.75,0.8877987265586853,39
dense_head,9,7,both,mass,false,0.8582465648651123,0.78125,0.8931640982627869,39
dense_head,9,8,both,mass,false,0.8820645809173584,0.8020833134651184,0.9083908200263977,39
dense_head,9,9,both,mass,false,0.8811631798744202,0.8125,0.9104185104370117,39
dense_head,9,10,both,mass,false,0.8639013171195984,0.78125,0.8975827097892761,39
dense_head,9,11,both,mass,false,0.8844074606895447,0.8229166865348816,0.9096972346305847,39
dense_head,9,12,both,mass,false,0.8896701335906982,0.8125,0.9174294471740723,39
dense_head,9,13,both,mass,false,0.8678075671195984,0.78125,0.900868833065033,39
dense_head,9,14,both,mass,false,0.7682581543922424,0.6354166865348816,0.8253393769264221,39
dense_head,9,15,both,mass,false,0.8469907641410828,0.7395833134651184,0.8855538964271545,39
dense_head,9,16,both,mass,false,0.824999988079071,0.7083333134651184,0.8687987923622131,39
dense_head,9,17,both,mass,false,0.7754095196723938,0.65625,0.8269171714782715,39
dense_head,9,18,both,mass,false,0.8682292103767395,0.78125,0.9011297821998596,39
dense_head,9,19,both,mass,false,0.8957465291023254,0.8229166865348816,0.9219959378242493,39
dense_head,9,20,both,mass,false,0.7530506253242493,0.6145833134651184,0.8104882836341858,39
dense_head,9,21,both,mass,false,0.8833333849906921,0.8020833134651184,0.9125876426696777,39
dense_head,9,22,both,mass,false,0.8713831901550293,0.7916666865348816,0.9033910632133484,39
dense_head,9,23,both,mass,false,0.5634589791297913,0.3541666567325592,0.6627228856086731,39
dense_head,10,0,both,mass,false,0.8317418694496155,0.7291666865348816,0.8734378814697266,43
dense_head,10,1,both,mass,false,0.8065517544746399,0.6875,0.854378879070282,43
dense_head,10,2,both,mass,false,0.8442708849906921,0.7604166865348816,0.882361114025116,43
dense_head,10,3,both,mass,false,0.8000867962837219,0.6666666865348816,0.8500185608863831,43
dense_head,10,4,both,mass,false,0.8537740111351013,0.7708333134651184,0.8897940516471863,43
dense_head,10,5,both,mass,false,0.7989628911018372,0.6875,0.845515251159668,43
dense_head,10,6,both,mass,false,0.4622018039226532,0.1979166716337204,0.5893550515174866,43
dense_head,10,7,both,mass,false,0.8798900246620178,0.8125,0.9093644618988037,43
dense_head,10,8,both,mass,false,0.8434152007102966,0.7604166865348816,0.8818958401679993,43
dense_head,10,9,both,mass,false,0.8291587829589844,0.7395833134651184,0.8679493069648743,43
dense_head,10,10,both,mass,false,0.8129464983940125,0.6979166865348816,0.859218418598175,43
dense_head,10,11,both,mass,false,0.8896622061729431,0.8229166865348816,0.9140815138816833,43
dense_head,10,12,both,mass,false,0.8319768905639648,0.7395833134651184,0.8673151135444641,43
dense_head,10,13,both,mass,false,0.7827381491661072,0.65625,0.8365030884742737,43
dense_head,10,14,both,mass,false,0.8291501402854919,0.7291666865348816,0.871266782283783,43
dense_head,10,15,both,mass,false,0.6818080544471741,0.5,0.7570095658302307,43
dense_head,10,16,both,mass,false,0.817554771900177,0.7083333134651184,0.8598964810371399,43
dense_head,10,17,both,mass,false,0.7989996075630188,0.6770833134651184,0.8488500714302063,43
dense_head,10,18,both,mass,false,0.8522201180458069,0.7604166865348816,0.8856964111328125,43
dense_head,10,19,both,mass,false,0.7973424792289734,0.6875,0.8442239761352539,43
dense_head,10,20,both,mass,false,0.8224248290061951,0.7291666865348816,0.8657963275909424,43
dense_head,10,21,both,mass,false,0.816972017288208,0.71875,0.8559648990631104,43
dense_head,10,22,both,mass,false,0.7870783805847168,0.6666666865348816,0.8396108150482178,43
dense_head,10,23,both,mass,false,0.8160880208015442,0.7083333134651184,0.86153644323349,43
dense_head,11,0,both,mass,false,0.8604956269264221,0.7604166865348816,0.8925383687019348,47
dense_head,11,1,both,mass,false,0.8839699625968933,0.8020833134651184,0.9131689071655273,47
dense_head,11,2,both,mass,false,0.812260627746582,0.71875,0.8516708016395569,47
dense_head,11,3,both,mass,false,0.8425468802452087,0.7395833134651184,0.8757348656654358,47
dense_head,11,4,both,mass,false,0.7728422284126282,0.6354166865348816,0.8291755318641663,47
dense_head,11,5,both,mass,false,0.8874421119689941,0.8125,0.9154620170593262,47
dense_head,11,6,both,mass,false,0.8210279941558838,0.7291666865348816,0.858482301235199,47
dense_head,11,7,both,mass,false,0.8668403029441833,0.7916666865348816,0.8994554877281189,47
dense_head,11,8,both,mass,false,0.7493265271186829,0.625,0.8042764067649841,47
dense_head,11,9,both,mass,false,0.8671297430992126,0.7916666865348816,0.896729052066803,47
dense_head,11,10,both,mass,false,0.8434152007102966,0.7604166865348816,0.8812737464904785,47
dense_head,11,11,both,mass,false,0.7943287491798401,0.65625,0.845309317111969,47
dense_head,11,12,both,mass,false,0.6488838791847229,0.4479166567325592,0.7327589988708496,47
dense_head,11,13,both,mass,false,0.6387152671813965,0.40625,0.7259559631347656,47
dense_head,11,14,both,mass,false,0.7608841061592102,0.6041666865348816,0.8175597190856934,47
dense_head,11,15,both,mass,false,0.5881907343864441,0.34375,0.6845703125,47
dense_head,11,16,both,mass,false,0.8604166507720947,0.7604166865348816,0.8925636410713196,47
dense_head,11,17,both,mass,false,0.6491240859031677,0.4583333432674408,0.7290671467781067,47
dense_head,11,18,both,mass,false,0.6028812527656555,0.375,0.6884589195251465,47
dense_head,11,19,both,mass,false,0.41660022735595703,0.1041666641831398,0.5504643321037292,47
dense_head,11,20,both,mass,false,0.7299892902374268,0.5520833134651184,0.797558605670929,47
dense_head,11,21,both,mass,false,0.7700066566467285,0.6354166865348816,0.8268608450889587,47
dense_head,11,22,both,mass,false,0.4670177698135376,0.21875,0.5895408987998962,47
dense_head,11,23,both,mass,false,0.6973011493682861,0.5208333134651184,0.7694027423858643,47
dense_head_top16_cv,-1,-1,both,mass,false,0.9011409282684326,0.8229166865348816,0.9262736439704895,-1
dense_head_top16_cv_gated,-1,-1,both,mass,false,0.9011409282684326,0.8229166865348816,0.9262736439704895,-1
dense_head_all_mean,-1,-1,both,mass,false,0.8480158448219299,0.75,0.8858546614646912,-1
dense_head,0,0,both,mass,true,0.19270507991313934,0.02083333395421505,0.27753177285194397,3
dense_head,0,1,both,mass,true,0.22613489627838135,0.0625,0.28039345145225525,3
dense_head,0,2,both,mass,true,0.17709124088287354,0.02083333395421505,0.2351253777742386,3
dense_head,0,3,both,mass,true,0.23558448255062103,0.0520833320915699,0.34276464581489563,3
dense_head,0,4,both,mass,true,0.23332709074020386,0.0833333358168602,0.2843523323535919,3
dense_head,0,5,both,mass,true,0.22271740436553955,0.0729166641831398,0.2665400207042694,3
dense_head,0,6,both,mass,true,0.25449037551879883,0.125,0.2717064917087555,3
dense_head,0,7,both,mass,true,0.17790628969669342,0.03125,0.25530409812927246,3
dense_head,0,8,both,mass,true,0.21595799922943115,0.0729166641831398,0.28164973855018616,3
dense_head,0,9,both,mass,true,0.24643874168395996,0.1354166716337204,0.25214073061943054,3
dense_head,0,10,both,mass,true,0.16892607510089874,0.0416666679084301,0.22642159461975098,3
dense_head,0,11,both,mass,true,0.17760394513607025,0.0520833320915699,0.23247726261615753,3
dense_head,0,12,both,mass,true,0.20705968141555786,0.0520833320915699,0.29679742455482483,3
dense_head,0,13,both,mass,true,0.18683607876300812,0.0416666679084301,0.2583460211753845,3
dense_head,0,14,both,mass,true,0.20267999172210693,0.0625,0.2630254924297333,3
dense_head,0,15,both,mass,true,0.24231286346912384,0.0833333358168602,0.3223353922367096,3
dense_head,0,16,both,mass,true,0.19509267807006836,0.0625,0.23381058871746063,3
dense_head,0,17,both,mass,true,0.2367601841688156,0.0833333358168602,0.31060269474983215,3
dense_head,0,18,both,mass,true,0.15909872949123383,0.02083333395421505,0.20214641094207764,3
dense_head,0,19,both,mass,true,0.24204759299755096,0.1041666641831398,0.3319658041000366,3
dense_head,0,20,both,mass,true,0.20001085102558136,0.09375,0.19433659315109253,3
dense_head,0,21,both,mass,true,0.27104851603507996,0.125,0.34878599643707275,3
dense_head,0,22,both,mass,true,0.15168894827365875,0.0416666679084301,0.14102721214294434,3
dense_head,0,23,both,mass,true,0.23060758411884308,0.0833333358168602,0.2788804769515991,3
dense_head,1,0,both,mass,true,0.20679228007793427,0.0833333358168602,0.22668252885341644,7
dense_head,1,1,both,mass,true,0.23136045038700104,0.1145833358168602,0.23974965512752533,7
dense_head,1,2,both,mass,true,0.19258029758930206,0.1041666641831398,0.1819797158241272,7
dense_head,1,3,both,mass,true,0.28858518600463867,0.1458333283662796,0.33049675822257996,7
dense_head,1,4,both,mass,true,0.20483152568340302,0.0833333358168602,0.21681706607341766,7
dense_head,1,5,both,mass,true,0.25296005606651306,0.15625,0.25328484177589417,7
dense_head,1,6,both,mass,true,0.22424058616161346,0.1041666641831398,0.2347838133573532,7
dense_head,1,7,both,mass,true,0.1424252986907959,0.0416666679084301,0.11587926745414734,7
dense_head,1,8,both,mass,true,0.22921216487884521,0.09375,0.28487733006477356,7
dense_head,1,9,both,mass,true,0.29302963614463806,0.125,0.34872308373451233,7
dense_head,1,10,both,mass,true,0.22920815646648407,0.09375,0.24723803997039795,7
dense_head,1,11,both,mass,true,0.2820108234882355,0.0833333358168602,0.3725687563419342,7
dense_head,1,12,both,mass,true,0.29611119627952576,0.1354166716337204,0.3845357894897461,7
dense_head,1,13,both,mass,true,0.35093092918395996,0.1875,0.41591382026672363,7
dense_head,1,14,both,mass,true,0.3180961310863495,0.1770833283662796,0.3807392120361328,7
dense_head,1,15,both,mass,true,0.27261248230934143,0.1145833358168602,0.3444868326187134,7
dense_head,1,16,both,mass,true,0.1582673341035843,0.03125,0.21880096197128296,7
dense_head,1,17,both,mass,true,0.27757975459098816,0.1354166716337204,0.3111533522605896,7
dense_head,1,18,both,mass,true,0.25847920775413513,0.0833333358168602,0.34766459465026855,7
dense_head,1,19,both,mass,true,0.3319961130619049,0.15625,0.40676411986351013,7
dense_head,1,20,both,mass,true,0.40363040566444397,0.21875,0.48663330078125,7
dense_head,1,21,both,mass,true,0.35102877020835876,0.2083333283662796,0.38283833861351013,7
dense_head,1,22,both,mass,true,0.24846374988555908,0.09375,0.32293668389320374,7
dense_head,1,23,both,mass,true,0.25341060757637024,0.0833333358168602,0.3276330530643463,7
dense_head,2,0,both,mass,true,0.5048478245735168,0.3541666567325592,0.5515927672386169,11
dense_head,2,1,both,mass,true,0.45788395404815674,0.2708333432674408,0.5282427668571472,11
dense_head,2,2,both,mass,true,0.5020924210548401,0.3541666567325592,0.5501956939697266,11
dense_head,2,3,both,mass,true,0.5209081172943115,0.375,0.5670931339263916,11
dense_head,2,4,both,mass,true,0.4037958085536957,0.2083333283662796,0.48782432079315186,11
dense_head,2,5,both,mass,true,0.5681650638580322,0.4479166567325592,0.6083824038505554,11
dense_head,2,6,both,mass,true,0.4121223986148834,0.2395833283662796,0.47879478335380554,11
dense_head,2,7,both,mass,true,0.5176970958709717,0.34375,0.5854079127311707,11
dense_head,2,8,both,mass,true,0.38146987557411194,0.2291666716337204,0.42218780517578125,11
dense_head,2,9,both,mass,true,0.34270787239074707,0.1979166716337204,0.3872810900211334,11
dense_head,2,10,both,mass,true,0.28601446747779846,0.1145833358168602,0.3700617849826813,11
dense_head,2,11,both,mass,true,0.38630032539367676,0.2083333283662796,0.44859930872917175,11
dense_head,2,12,both,mass,true,0.3421952724456787,0.1666666716337204,0.40566930174827576,11
dense_head,2,13,both,mass,true,0.2655734717845917,0.1145833358168602,0.31836655735969543,11
dense_head,2,14,both,mass,true,0.30024442076683044,0.1770833283662796,0.32540157437324524,11
dense_head,2,15,both,mass,true,0.3162027895450592,0.15625,0.3829231262207031,11
dense_head,2,16,both,mass,true,0.43842461705207825,0.25,0.5042250156402588,11
dense_head,2,17,both,mass,true,0.264199823141098,0.1041666641831398,0.3174493610858917,11
dense_head,2,18,both,mass,true,0.4160518944263458,0.2604166567325592,0.45145300030708313,11
dense_head,2,19,both,mass,true,0.3765636682510376,0.1979166716337204,0.4237414300441742,11
dense_head,2,20,both,mass,true,0.404745489358902,0.2395833283662796,0.4532287120819092,11
dense_head,2,21,both,mass,true,0.27610650658607483,0.125,0.3410426378250122,11
dense_head,2,22,both,mass,true,0.2920171022415161,0.1354166716337204,0.3509042263031006,11
dense_head,2,23,both,mass,true,0.469092458486557,0.3125,0.5103598833084106,11
dense_head,3,0,both,mass,true,0.5702065825462341,0.40625,0.6335955858230591,15
dense_head,3,1,both,mass,true,0.5417189002037048,0.4270833432674408,0.5727874636650085,15
dense_head,3,2,both,mass,true,0.6066317558288574,0.4583333432674408,0.662892758846283,15
dense_head,3,3,both,mass,true,0.6602082848548889,0.5520833134651184,0.6998979449272156,15
dense_head,3,4,both,mass,true,0.4909813106060028,0.3854166567325592,0.515986442565918,15
dense_head,3,5,both,mass,true,0.5547478199005127,0.3854166567325592,0.6284629702568054,15
dense_head,3,6,both,mass,true,0.5409337878227234,0.3854166567325592,0.5999577045440674,15
dense_head,3,7,both,mass,true,0.6332197785377502,0.5,0.6773014664649963,15
dense_head,3,8,both,mass,true,0.4212692975997925,0.2604166567325592,0.48008379340171814,15
dense_head,3,9,both,mass,true,0.5823531746864319,0.4791666567325592,0.6209895610809326,15
dense_head,3,10,both,mass,true,0.6177302002906799,0.4791666567325592,0.6618335247039795,15
dense_head,3,11,both,mass,true,0.6371474266052246,0.4895833432674408,0.6894402503967285,15
dense_head,3,12,both,mass,true,0.6492228507995605,0.5208333134651184,0.6924323439598083,15
dense_head,3,13,both,mass,true,0.6690638661384583,0.5520833134651184,0.7092738747596741,15
dense_head,3,14,both,mass,true,0.5045746564865112,0.3958333432674408,0.5355400443077087,15
dense_head,3,15,both,mass,true,0.6120253205299377,0.4583333432674408,0.652526319026947,15
dense_head,3,16,both,mass,true,0.6451617479324341,0.53125,0.6857076287269592,15
dense_head,3,17,both,mass,true,0.6189464926719666,0.46875,0.6637418866157532,15
dense_head,3,18,both,mass,true,0.5570657253265381,0.4166666567325592,0.6098126769065857,15
dense_head,3,19,both,mass,true,0.4914979934692383,0.3645833432674408,0.5464200377464294,15
dense_head,3,20,both,mass,true,0.5834236741065979,0.46875,0.6199349761009216,15
dense_head,3,21,both,mass,true,0.5844749808311462,0.375,0.6740245223045349,15
dense_head,3,22,both,mass,true,0.5130615830421448,0.3229166567325592,0.5911749005317688,15
dense_head,3,23,both,mass,true,0.5540385246276855,0.3958333432674408,0.610681414604187,15
dense_head,4,0,both,mass,true,0.4253029525279999,0.21875,0.5219107866287231,19
dense_head,4,1,both,mass,true,0.5732139945030212,0.4479166567325592,0.6156706809997559,19
dense_head,4,2,both,mass,true,0.6211427450180054,0.5,0.6702239513397217,19
dense_head,4,3,both,mass,true,0.4341491758823395,0.3333333432674408,0.4557175934314728,19
dense_head,4,4,both,mass,true,0.5752220749855042,0.4375,0.6361684203147888,19
dense_head,4,5,both,mass,true,0.51136714220047,0.375,0.5555065274238586,19
dense_head,4,6,both,mass,true,0.6904079914093018,0.5833333134651184,0.7179345488548279,19
dense_head,4,7,both,mass,true,0.6562314033508301,0.53125,0.6918313503265381,19
dense_head,4,8,both,mass,true,0.5437590479850769,0.4166666567325592,0.5813491344451904,19
dense_head,4,9,both,mass,true,0.43961071968078613,0.2395833283662796,0.5221214294433594,19
dense_head,4,10,both,mass,true,0.605943500995636,0.5,0.6403437256813049,19
dense_head,4,11,both,mass,true,0.6162002682685852,0.4791666567325592,0.666684627532959,19
dense_head,4,12,both,mass,true,0.6559414863586426,0.5625,0.6934096813201904,19
dense_head,4,13,both,mass,true,0.6738640666007996,0.53125,0.7282602190971375,19
dense_head,4,14,both,mass,true,0.6101801991462708,0.4895833432674408,0.6494775414466858,19
dense_head,4,15,both,mass,true,0.6610047817230225,0.5416666865348816,0.7032577395439148,19
dense_head,4,16,both,mass,true,0.6374908089637756,0.5,0.6912749409675598,19
dense_head,4,17,both,mass,true,0.6439419388771057,0.5416666865348816,0.6804788112640381,19
dense_head,4,18,both,mass,true,0.49616530537605286,0.34375,0.5498983263969421,19
dense_head,4,19,both,mass,true,0.5436655879020691,0.4270833432674408,0.5781794190406799,19
dense_head,4,20,both,mass,true,0.6872565150260925,0.5729166865348816,0.7215406894683838,19
dense_head,4,21,both,mass,true,0.7124574184417725,0.5833333134651184,0.757924497127533,19
dense_head,4,22,both,mass,true,0.5370057225227356,0.3958333432674408,0.5904940366744995,19
dense_head,4,23,both,mass,true,0.6157026290893555,0.5104166865348816,0.6446804404258728,19
dense_head,5,0,both,mass,true,0.4330426752567291,0.2916666567325592,0.4670541286468506,23
dense_head,5,1,both,mass,true,0.6159051656723022,0.5104166865348816,0.644623339176178,23
dense_head,5,2,both,mass,true,0.6177522540092468,0.5,0.6605963110923767,23
dense_head,5,3,both,mass,true,0.5955109000205994,0.4791666567325592,0.6300876140594482,23
dense_head,5,4,both,mass,true,0.5817701816558838,0.4895833432674408,0.604174792766571,23
dense_head,5,5,both,mass,true,0.5317761301994324,0.40625,0.5717166662216187,23
dense_head,5,6,both,mass,true,0.5265570878982544,0.40625,0.56778883934021,23
dense_head,5,7,both,mass,true,0.6092538237571716,0.4895833432674408,0.6461639404296875,23
dense_head,5,8,both,mass,true,0.6170555949211121,0.5,0.65855473279953,23
dense_head,5,9,both,mass,true,0.6096333861351013,0.5,0.6462008357048035,23
dense_head,5,10,both,mass,true,0.5978772044181824,0.4895833432674408,0.6253137588500977,23
dense_head,5,11,both,mass,true,0.6134031414985657,0.5104166865348816,0.6397858262062073,23
dense_head,5,12,both,mass,true,0.5531291961669922,0.4583333432674408,0.5735623240470886,23
dense_head,5,13,both,mass,true,0.3748086988925934,0.25,0.38876447081565857,23
dense_head,5,14,both,mass,true,0.45952415466308594,0.3333333432674408,0.493367999792099,23
dense_head,5,15,both,mass,true,0.5519316792488098,0.4375,0.5833373665809631,23
dense_head,5,16,both,mass,true,0.4397839307785034,0.2916666567325592,0.4727695882320404,23
dense_head,5,17,both,mass,true,0.42755427956581116,0.28125,0.4743266999721527,23
dense_head,5,18,both,mass,true,0.5278873443603516,0.4166666567325592,0.5541724562644958,23
dense_head,5,19,both,mass,true,0.5759132504463196,0.4583333432674408,0.608597993850708,23
dense_head,5,20,both,mass,true,0.4924319088459015,0.375,0.5448252558708191,23
dense_head,5,21,both,mass,true,0.49956631660461426,0.3854166567325592,0.5263102054595947,23
dense_head,5,22,both,mass,true,0.6070791482925415,0.4791666567325592,0.650975227355957,23
dense_head,5,23,both,mass,true,0.32162365317344666,0.2291666716337204,0.31783828139305115,23
dense_head,6,0,both,mass,true,0.6587481498718262,0.53125,0.7025817036628723,27
dense_head,6,1,both,mass,true,0.6757795810699463,0.5625,0.7176501154899597,27
dense_head,6,2,both,mass,true,0.666201651096344,0.5104166865348816,0.7040087580680847,27
dense_head,6,3,both,mass,true,0.6814760565757751,0.5520833134651184,0.726046621799469,27
dense_head,6,4,both,mass,true,0.6288835406303406,0.4895833432674408,0.6855966448783875,27
dense_head,6,5,both,mass,true,0.6058405041694641,0.4479166567325592,0.6565760970115662,27
dense_head,6,6,both,mass,true,0.6391324996948242,0.53125,0.6772370338439941,27
dense_head,6,7,both,mass,true,0.6515814661979675,0.4895833432674408,0.7211808562278748,27
dense_head,6,8,both,mass,true,0.5555927157402039,0.4166666567325592,0.5910122990608215,27
dense_head,6,9,both,mass,true,0.560026228427887,0.375,0.6307042241096497,27
dense_head,6,10,both,mass,true,0.6241461634635925,0.4895833432674408,0.6866770386695862,27
dense_head,6,11,both,mass,true,0.6096892952919006,0.4479166567325592,0.6679592132568359,27
dense_head,6,12,both,mass,true,0.598418653011322,0.4479166567325592,0.6388058066368103,27
dense_head,6,13,both,mass,true,0.6233397126197815,0.4791666567325592,0.6813146471977234,27
dense_head,6,14,both,mass,true,0.5052028298377991,0.3958333432674408,0.5236191749572754,27
dense_head,6,15,both,mass,true,0.5635290741920471,0.4375,0.6161961555480957,27
dense_head,6,16,both,mass,true,0.6199584603309631,0.5,0.6570574641227722,27
dense_head,6,17,both,mass,true,0.4657193124294281,0.3125,0.5171371698379517,27
dense_head,6,18,both,mass,true,0.6057158708572388,0.4895833432674408,0.6314615607261658,27
dense_head,6,19,both,mass,true,0.5939090847969055,0.46875,0.6379293203353882,27
dense_head,6,20,both,mass,true,0.6279321312904358,0.4895833432674408,0.6726700663566589,27
dense_head,6,21,both,mass,true,0.3527761995792389,0.1875,0.43790969252586365,27
dense_head,6,22,both,mass,true,0.5660480856895447,0.4166666567325592,0.6361553072929382,27
dense_head,6,23,both,mass,true,0.643427312374115,0.5104166865348816,0.6848080158233643,27
dense_head,7,0,both,mass,true,0.6355848908424377,0.4895833432674408,0.6878647804260254,31
dense_head,7,1,both,mass,true,0.6213518977165222,0.5,0.6588821411132812,31
dense_head,7,2,both,mass,true,0.6659440994262695,0.5625,0.6924176216125488,31
dense_head,7,3,both,mass,true,0.6585108041763306,0.5416666865348816,0.6873838305473328,31
dense_head,7,4,both,mass,true,0.5793507695198059,0.4583333432674408,0.602977991104126,31
dense_head,7,5,both,mass,true,0.5919950008392334,0.4583333432674408,0.6442568898200989,31
dense_head,7,6,both,mass,true,0.6577525734901428,0.5208333134651184,0.6936860084533691,31
dense_head,7,7,both,mass,true,0.6347224116325378,0.5208333134651184,0.6766764521598816,31
dense_head,7,8,both,mass,true,0.5423387885093689,0.40625,0.5888177752494812,31
dense_head,7,9,both,mass,true,0.6737235188484192,0.5729166865348816,0.6984379887580872,31
dense_head,7,10,both,mass,true,0.6557888388633728,0.5208333134651184,0.7030642032623291,31
dense_head,7,11,both,mass,true,0.6854842305183411,0.5520833134651184,0.7264404892921448,31
dense_head,7,12,both,mass,true,0.7145562171936035,0.6041666865348816,0.7505552768707275,31
dense_head,7,13,both,mass,true,0.6809296607971191,0.5625,0.7224698662757874,31
dense_head,7,14,both,mass,true,0.6560633778572083,0.53125,0.6915781497955322,31
dense_head,7,15,both,mass,true,0.6890677809715271,0.59375,0.7187683582305908,31
dense_head,7,16,both,mass,true,0.6635602116584778,0.5520833134651184,0.7058978080749512,31
dense_head,7,17,both,mass,true,0.66408771276474,0.5416666865348816,0.6975529193878174,31
dense_head,7,18,both,mass,true,0.6885659098625183,0.5729166865348816,0.7220402359962463,31
dense_head,7,19,both,mass,true,0.5571815967559814,0.40625,0.6032904982566833,31
dense_head,7,20,both,mass,true,0.6687569618225098,0.5520833134651184,0.7005811333656311,31
dense_head,7,21,both,mass,true,0.7156285643577576,0.5729166865348816,0.7726481556892395,31
dense_head,7,22,both,mass,true,0.6348297595977783,0.5,0.681082010269165,31
dense_head,7,23,both,mass,true,0.6866024136543274,0.5729166865348816,0.7232130169868469,31
dense_head,8,0,both,mass,true,0.3633851110935211,0.2083333283662796,0.4223416745662689,35
dense_head,8,1,both,mass,true,0.5350987315177917,0.4166666567325592,0.5626664161682129,35
dense_head,8,2,both,mass,true,0.7180455327033997,0.6145833134651184,0.7499712109565735,35
dense_head,8,3,both,mass,true,0.5399900078773499,0.4166666567325592,0.5739102959632874,35
dense_head,8,4,both,mass,true,0.6245454549789429,0.5208333134651184,0.654427707195282,35
dense_head,8,5,both,mass,true,0.5280685424804688,0.4166666567325592,0.5597381591796875,35
dense_head,8,6,both,mass,true,0.6833128333091736,0.5833333134651184,0.708763062953949,35
dense_head,8,7,both,mass,true,0.6888389587402344,0.5833333134651184,0.7102944254875183,35
dense_head,8,8,both,mass,true,0.5628418326377869,0.4375,0.5988436341285706,35
dense_head,8,9,both,mass,true,0.46206164360046387,0.3020833432674408,0.5202553272247314,35
dense_head,8,10,both,mass,true,0.7125412821769714,0.59375,0.7524285316467285,35
dense_head,8,11,both,mass,true,0.6430566906929016,0.53125,0.6723821759223938,35
dense_head,8,12,both,mass,true,0.64877849817276,0.53125,0.6860101222991943,35
dense_head,8,13,both,mass,true,0.6941757202148438,0.5729166865348816,0.7300723195075989,35
dense_head,8,14,both,mass,true,0.6807147860527039,0.5625,0.7128262519836426,35
dense_head,8,15,both,mass,true,0.6711495518684387,0.5416666865348816,0.7037329077720642,35
dense_head,8,16,both,mass,true,0.689486563205719,0.5520833134651184,0.73505038022995,35
dense_head,8,17,both,mass,true,0.7053489089012146,0.5625,0.7479238510131836,35
dense_head,8,18,both,mass,true,0.6831548810005188,0.5520833134651184,0.7242835164070129,35
dense_head,8,19,both,mass,true,0.5922881364822388,0.46875,0.6221282482147217,35
dense_head,8,20,both,mass,true,0.7098211646080017,0.6041666865348816,0.7407627701759338,35
dense_head,8,21,both,mass,true,0.759697437286377,0.65625,0.7916575074195862,35
dense_head,8,22,both,mass,true,0.6030773520469666,0.46875,0.638486921787262,35
dense_head,8,23,both,mass,true,0.6414708495140076,0.5416666865348816,0.6556206345558167,35
dense_head,9,0,both,mass,true,0.6074308753013611,0.5104166865348816,0.6206982731819153,39
dense_head,9,1,both,mass,true,0.5216036438941956,0.3854166567325592,0.5481454730033875,39
dense_head,9,2,both,mass,true,0.5645319819450378,0.46875,0.5930754542350769,39
dense_head,9,3,both,mass,true,0.6141865253448486,0.4791666567325592,0.656812846660614,39
dense_head,9,4,both,mass,true,0.5219354629516602,0.3958333432674408,0.5379109978675842,39
dense_head,9,5,both,mass,true,0.6297461986541748,0.53125,0.6529050469398499,39
dense_head,9,6,both,mass,true,0.576953113079071,0.4479166567325592,0.6073037981987,39
dense_head,9,7,both,mass,true,0.5690166354179382,0.4270833432674408,0.6169043183326721,39
dense_head,9,8,both,mass,true,0.6250268816947937,0.4895833432674408,0.6653127670288086,39
dense_head,9,9,both,mass,true,0.5890633463859558,0.4791666567325592,0.6187584400177002,39
dense_head,9,10,both,mass,true,0.6495874524116516,0.53125,0.6921164393424988,39
dense_head,9,11,both,mass,true,0.5095152854919434,0.40625,0.5220347046852112,39
dense_head,9,12,both,mass,true,0.48760369420051575,0.375,0.514031708240509,39
dense_head,9,13,both,mass,true,0.5734885334968567,0.4479166567325592,0.5988063216209412,39
dense_head,9,14,both,mass,true,0.4188295304775238,0.3229166567325592,0.42483773827552795,39
dense_head,9,15,both,mass,true,0.5250385999679565,0.40625,0.5436215996742249,39
dense_head,9,16,both,mass,true,0.48469504714012146,0.34375,0.5271332859992981,39
dense_head,9,17,both,mass,true,0.4702877104282379,0.3645833432674408,0.4807685315608978,39
dense_head,9,18,both,mass,true,0.5601714849472046,0.4375,0.590728759765625,39
dense_head,9,19,both,mass,true,0.6051939129829407,0.4791666567325592,0.6410980820655823,39
dense_head,9,20,both,mass,true,0.5274043083190918,0.4166666567325592,0.5553486943244934,39
dense_head,9,21,both,mass,true,0.5866360664367676,0.4791666567325592,0.6086167693138123,39
dense_head,9,22,both,mass,true,0.5220832228660583,0.3958333432674408,0.5527410507202148,39
dense_head,9,23,both,mass,true,0.38077208399772644,0.25,0.41854822635650635,39
dense_head,10,0,both,mass,true,0.48145535588264465,0.3645833432674408,0.50895756483078,43
dense_head,10,1,both,mass,true,0.48304614424705505,0.375,0.49870896339416504,43
dense_head,10,2,both,mass,true,0.4526369571685791,0.3229166567325592,0.47028636932373047,43
dense_head,10,3,both,mass,true,0.5989140868186951,0.4895833432674408,0.625889003276825,43
dense_head,10,4,both,mass,true,0.47581222653388977,0.34375,0.5001063346862793,43
dense_head,10,5,both,mass,true,0.49146389961242676,0.375,0.5198871493339539,43
dense_head,10,6,both,mass,true,0.3792271316051483,0.25,0.4004833996295929,43
dense_head,10,7,both,mass,true,0.4583247900009155,0.34375,0.4800244867801666,43
dense_head,10,8,both,mass,true,0.3910180628299713,0.2916666567325592,0.40149104595184326,43
dense_head,10,9,both,mass,true,0.4813145697116852,0.375,0.49163833260536194,43
dense_head,10,10,both,mass,true,0.4783968925476074,0.3541666567325592,0.49860331416130066,43
dense_head,10,11,both,mass,true,0.4336768090724945,0.3333333432674408,0.43995872139930725,43
dense_head,10,12,both,mass,true,0.5160315036773682,0.40625,0.5502795577049255,43
dense_head,10,13,both,mass,true,0.4984809160232544,0.375,0.5286522507667542,43
dense_head,10,14,both,mass,true,0.5122740864753723,0.3854166567325592,0.5507312417030334,43
dense_head,10,15,both,mass,true,0.5609033107757568,0.4479166567325592,0.5985552668571472,43
dense_head,10,16,both,mass,true,0.501181960105896,0.375,0.5336592793464661,43
dense_head,10,17,both,mass,true,0.5092228651046753,0.3854166567325592,0.5424644947052002,43
dense_head,10,18,both,mass,true,0.5289543271064758,0.4270833432674408,0.5479629039764404,43
dense_head,10,19,both,mass,true,0.483341783285141,0.3541666567325592,0.5082299113273621,43
dense_head,10,20,both,mass,true,0.49166953563690186,0.3541666567325592,0.5239089131355286,43
dense_head,10,21,both,mass,true,0.48533475399017334,0.3645833432674408,0.5187684893608093,43
dense_head,10,22,both,mass,true,0.4582996368408203,0.3125,0.5007189512252808,43
dense_head,10,23,both,mass,true,0.4636197090148926,0.3541666567325592,0.4806741178035736,43
dense_head,11,0,both,mass,true,0.5062645673751831,0.3854166567325592,0.5342406630516052,47
dense_head,11,1,both,mass,true,0.3725999593734741,0.2708333432674408,0.3669915199279785,47
dense_head,11,2,both,mass,true,0.5958714485168457,0.46875,0.6347532272338867,47
dense_head,11,3,both,mass,true,0.4764065742492676,0.3854166567325592,0.4750174582004547,47
dense_head,11,4,both,mass,true,0.4095294773578644,0.28125,0.4191713333129883,47
dense_head,11,5,both,mass,true,0.48416927456855774,0.3958333432674408,0.4870673716068268,47
dense_head,11,6,both,mass,true,0.511349618434906,0.3854166567325592,0.5586074590682983,47
dense_head,11,7,both,mass,true,0.46239230036735535,0.3645833432674408,0.4703252613544464,47
dense_head,11,8,both,mass,true,0.513960599899292,0.3645833432674408,0.5871888995170593,47
dense_head,11,9,both,mass,true,0.42482784390449524,0.3229166567325592,0.43596482276916504,47
dense_head,11,10,both,mass,true,0.48238107562065125,0.3854166567325592,0.49906638264656067,47
dense_head,11,11,both,mass,true,0.42117395997047424,0.3020833432674408,0.4414074122905731,47
dense_head,11,12,both,mass,true,0.47576916217803955,0.3229166567325592,0.5117380023002625,47
dense_head,11,13,both,mass,true,0.4908028542995453,0.34375,0.5432434678077698,47
dense_head,11,14,both,mass,true,0.3908151388168335,0.2395833283662796,0.4206859767436981,47
dense_head,11,15,both,mass,true,0.6123986840248108,0.4791666567325592,0.6576019525527954,47
dense_head,11,16,both,mass,true,0.4163297712802887,0.3125,0.43239060044288635,47
dense_head,11,17,both,mass,true,0.5176818370819092,0.3958333432674408,0.5516664385795593,47
dense_head,11,18,both,mass,true,0.3725499212741852,0.2395833283662796,0.4075716733932495,47
dense_head,11,19,both,mass,true,0.5164673924446106,0.34375,0.5867636203765869,47
dense_head,11,20,both,mass,true,0.4545039236545563,0.3333333432674408,0.4773838520050049,47
dense_head,11,21,both,mass,true,0.44279512763023376,0.3020833432674408,0.475211501121521,47
dense_head,11,22,both,mass,true,0.40131714940071106,0.3020833432674408,0.44273993372917175,47
dense_head,11,23,both,mass,true,0.4791347086429596,0.3333333432674408,0.505720317363739,47
dense_head_top16_cv,-1,-1,both,mass,true,0.6950768828392029,0.5833333134651184,0.7332302927970886,-1
dense_head_top16_cv_gated,-1,-1,both,mass,true,0.6973538994789124,0.5833333134651184,0.7350185513496399,-1
dense_head_all_mean,-1,-1,both,mass,true,0.5884072184562683,0.4583333432674408,0.6269150376319885,-1
sparse_head,0,0,question,mass,false,0.20965449512004852,0.0625,0.2795885503292084,3
sparse_head,0,1,question,mass,false,0.22032320499420166,0.0520833320915699,0.2980668842792511,3
sparse_head,0,2,question,mass,false,0.19869641959667206,0.0416666679084301,0.27445274591445923,3
sparse_head,0,3,question,mass,false,0.20531655848026276,0.0625,0.2717262804508209,3
sparse_head,0,4,question,mass,false,0.21202439069747925,0.03125,0.2751680314540863,3
sparse_head,0,5,question,mass,false,0.23100964725017548,0.0625,0.3154691159725189,3
sparse_head,0,6,question,mass,false,0.29594454169273376,0.1145833358168602,0.38941606879234314,3
sparse_head,0,7,question,mass,false,0.1742086559534073,0.03125,0.2287106066942215,3
sparse_head,0,8,question,mass,false,0.22610211372375488,0.0729166641831398,0.31049516797065735,3
sparse_head,0,9,question,mass,false,0.2899765074253082,0.1145833358168602,0.3677065670490265,3
sparse_head,0,10,question,mass,false,0.19375528395175934,0.0625,0.23166532814502716,3
sparse_head,0,11,question,mass,false,0.16215036809444427,0.03125,0.19589538872241974,3
sparse_head,0,12,question,mass,false,0.21876001358032227,0.0625,0.2896505296230316,3
sparse_head,0,13,question,mass,false,0.18443240225315094,0.0625,0.2243248075246811,3
sparse_head,0,14,question,mass,false,0.19614990055561066,0.0520833320915699,0.23431389033794403,3
sparse_head,0,15,question,mass,false,0.22771352529525757,0.0625,0.3084380328655243,3
sparse_head,0,16,question,mass,false,0.2458225041627884,0.09375,0.3375132977962494,3
sparse_head,0,17,question,mass,false,0.21192283928394318,0.0729166641831398,0.28120550513267517,3
sparse_head,0,18,question,mass,false,0.19316421449184418,0.0520833320915699,0.25189146399497986,3
sparse_head,0,19,question,mass,false,0.19196546077728271,0.03125,0.2583918273448944,3
sparse_head,0,20,question,mass,false,0.30860793590545654,0.15625,0.3862195909023285,3
sparse_head,0,21,question,mass,false,0.22679685056209564,0.0729166641831398,0.31259214878082275,3
sparse_head,0,22,question,mass,false,0.2919960916042328,0.1145833358168602,0.3810698091983795,3
sparse_head,0,23,question,mass,false,0.23261459171772003,0.0625,0.315799742937088,3
sparse_head,1,0,question,mass,false,0.33113980293273926,0.15625,0.4287719428539276,7
sparse_head,1,1,question,mass,false,0.3587985932826996,0.1770833283662796,0.459548681974411,7
sparse_head,1,2,question,mass,false,0.34324657917022705,0.1770833283662796,0.4440958499908447,7
sparse_head,1,3,question,mass,false,0.3908391296863556,0.1875,0.4973490238189697,7
sparse_head,1,4,question,mass,false,0.3434726297855377,0.1354166716337204,0.4484974443912506,7
sparse_head,1,5,question,mass,false,0.4737772047519684,0.3020833432674408,0.5817676782608032,7
sparse_head,1,6,question,mass,false,0.38798725605010986,0.15625,0.5028588175773621,7
sparse_head,1,7,question,mass,false,0.2815467119216919,0.1041666641831398,0.3690520226955414,7
sparse_head,1,8,question,mass,false,0.27642083168029785,0.1354166716337204,0.34224212169647217,7
sparse_head,1,9,question,mass,false,0.2905925512313843,0.0729166641831398,0.4078643023967743,7
sparse_head,1,10,question,mass,false,0.44158825278282166,0.2291666716337204,0.5533373951911926,7
sparse_head,1,11,question,mass,false,0.28134527802467346,0.0833333358168602,0.40758728981018066,7
sparse_head,1,12,question,mass,false,0.2555229663848877,0.0416666679084301,0.356993705034256,7
sparse_head,1,13,question,mass,false,0.2733999788761139,0.0625,0.3780851662158966,7
sparse_head,1,14,question,mass,false,0.35541796684265137,0.1666666716337204,0.47257184982299805,7
sparse_head,1,15,question,mass,false,0.2938314378261566,0.1041666641831398,0.39216485619544983,7
sparse_head,1,16,question,mass,false,0.20329540967941284,0.0520833320915699,0.27267172932624817,7
sparse_head,1,17,question,mass,false,0.4014906883239746,0.2083333283662796,0.5122506022453308,7
sparse_head,1,18,question,mass,false,0.2766546905040741,0.09375,0.39186397194862366,7
sparse_head,1,19,question,mass,false,0.29989519715309143,0.09375,0.4260852038860321,7
sparse_head,1,20,question,mass,false,0.36270061135292053,0.1458333283662796,0.4911900758743286,7
sparse_head,1,21,question,mass,false,0.4823695719242096,0.28125,0.5904805660247803,7
sparse_head,1,22,question,mass,false,0.26797160506248474,0.09375,0.3696277141571045,7
sparse_head,1,23,question,mass,false,0.27954965829849243,0.0729166641831398,0.39045533537864685,7
sparse_head,2,0,question,mass,false,0.5305060744285583,0.34375,0.6274791955947876,11
sparse_head,2,1,question,mass,false,0.3662947714328766,0.1458333283662796,0.49776744842529297,11
sparse_head,2,2,question,mass,false,0.5161369442939758,0.3125,0.6255796551704407,11
sparse_head,2,3,question,mass,false,0.534610390663147,0.3229166567325592,0.6342834830284119,11
sparse_head,2,4,question,mass,false,0.2960335612297058,0.09375,0.432015985250473,11
sparse_head,2,5,question,mass,false,0.509961724281311,0.3125,0.6086803078651428,11
sparse_head,2,6,question,mass,false,0.36695578694343567,0.1770833283662796,0.47887250781059265,11
sparse_head,2,7,question,mass,false,0.34000885486602783,0.1145833358168602,0.48089244961738586,11
sparse_head,2,8,question,mass,false,0.4874071776866913,0.3020833432674408,0.5930256247520447,11
sparse_head,2,9,question,mass,false,0.41425302624702454,0.21875,0.5333496928215027,11
sparse_head,2,10,question,mass,false,0.28283336758613586,0.0729166641831398,0.40686917304992676,11
sparse_head,2,11,question,mass,false,0.3929367959499359,0.2083333283662796,0.5041448473930359,11
sparse_head,2,12,question,mass,false,0.36846932768821716,0.1145833358168602,0.4977622926235199,11
sparse_head,2,13,question,mass,false,0.3212738037109375,0.1458333283662796,0.438281774520874,11
sparse_head,2,14,question,mass,false,0.4376382529735565,0.28125,0.5379534363746643,11
sparse_head,2,15,question,mass,false,0.26569077372550964,0.09375,0.3745741844177246,11
sparse_head,2,16,question,mass,false,0.3785480558872223,0.1666666716337204,0.5073662400245667,11
sparse_head,2,17,question,mass,false,0.2913527488708496,0.125,0.3878914415836334,11
sparse_head,2,18,question,mass,false,0.5121653079986572,0.3229166567325592,0.6185051798820496,11
sparse_head,2,19,question,mass,false,0.47564420104026794,0.25,0.589163601398468,11
sparse_head,2,20,question,mass,false,0.37241145968437195,0.1770833283662796,0.48919224739074707,11
sparse_head,2,21,question,mass,false,0.22201065719127655,0.0625,0.2903081476688385,11
sparse_head,2,22,question,mass,false,0.22284801304340363,0.0729166641831398,0.2845180928707123,11
sparse_head,2,23,question,mass,false,0.5369465947151184,0.3229166567325592,0.6359487175941467,11
sparse_head,3,0,question,mass,false,0.42590463161468506,0.2291666716337204,0.5433707237243652,15
sparse_head,3,1,question,mass,false,0.4533644914627075,0.2291666716337204,0.568874180316925,15
sparse_head,3,2,question,mass,false,0.5871734619140625,0.3958333432674408,0.6779777407646179,15
sparse_head,3,3,question,mass,false,0.6965897679328918,0.5208333134651184,0.7655584812164307,15
sparse_head,3,4,question,mass,false,0.5834783911705017,0.4270833432674408,0.6704533100128174,15
sparse_head,3,5,question,mass,false,0.586417019367218,0.3958333432674408,0.6835165023803711,15
sparse_head,3,6,question,mass,false,0.4845851957798004,0.25,0.6063262820243835,15
sparse_head,3,7,question,mass,false,0.6682739853858948,0.4895833432674408,0.7469876408576965,15
sparse_head,3,8,question,mass,false,0.43487977981567383,0.2291666716337204,0.5366920232772827,15
sparse_head,3,9,question,mass,false,0.6259536147117615,0.46875,0.7040674090385437,15
sparse_head,3,10,question,mass,false,0.5000572204589844,0.2916666567325592,0.6132333278656006,15
sparse_head,3,11,question,mass,false,0.6131162643432617,0.4375,0.7000022530555725,15
sparse_head,3,12,question,mass,false,0.7091556191444397,0.53125,0.772472083568573,15
sparse_head,3,13,question,mass,false,0.4459123909473419,0.1979166716337204,0.5679503083229065,15
sparse_head,3,14,question,mass,false,0.5939850211143494,0.4166666567325592,0.6884662508964539,15
sparse_head,3,15,question,mass,false,0.6207913756370544,0.4166666567325592,0.7110188603401184,15
sparse_head,3,16,question,mass,false,0.7172043919563293,0.5729166865348816,0.7801830768585205,15
sparse_head,3,17,question,mass,false,0.5252184271812439,0.3125,0.6366145610809326,15
sparse_head,3,18,question,mass,false,0.48306378722190857,0.2708333432674408,0.5971596240997314,15
sparse_head,3,19,question,mass,false,0.4443119466304779,0.2395833283662796,0.5662702918052673,15
sparse_head,3,20,question,mass,false,0.5997275710105896,0.4166666567325592,0.6897236704826355,15
sparse_head,3,21,question,mass,false,0.45166972279548645,0.21875,0.5740815997123718,15
sparse_head,3,22,question,mass,false,0.43740057945251465,0.21875,0.559336245059967,15
sparse_head,3,23,question,mass,false,0.5772948861122131,0.3854166567325592,0.6696073412895203,15
sparse_head,4,0,question,mass,false,0.26007163524627686,0.0520833320915699,0.3928626477718353,19
sparse_head,4,1,question,mass,false,0.6674110889434814,0.5,0.7421777844429016,19
sparse_head,4,2,question,mass,false,0.6818656921386719,0.5416666865348816,0.7520451545715332,19
sparse_head,4,3,question,mass,false,0.4657311737537384,0.1979166716337204,0.5804648995399475,19
sparse_head,4,4,question,mass,false,0.4794195890426636,0.2604166567325592,0.5891454219818115,19
sparse_head,4,5,question,mass,false,0.5816554427146912,0.3541666567325592,0.6750015616416931,19
sparse_head,4,6,question,mass,false,0.7322748303413391,0.59375,0.7911834120750427,19
sparse_head,4,7,question,mass,false,0.6016538143157959,0.4166666567325592,0.6918864250183105,19
sparse_head,4,8,question,mass,false,0.6031784415245056,0.40625,0.6934645175933838,19
sparse_head,4,9,question,mass,false,0.386791855096817,0.2083333283662796,0.5029232501983643,19
sparse_head,4,10,question,mass,false,0.6603044271469116,0.4791666567325592,0.7404365539550781,19
sparse_head,4,11,question,mass,false,0.5831770300865173,0.40625,0.6740097403526306,19
sparse_head,4,12,question,mass,false,0.745398759841919,0.6145833134651184,0.8045620322227478,19
sparse_head,4,13,question,mass,false,0.68217533826828,0.4895833432674408,0.7580634951591492,19
sparse_head,4,14,question,mass,false,0.5575770139694214,0.3854166567325592,0.6476982831954956,19
sparse_head,4,15,question,mass,false,0.68129962682724,0.5104166865348816,0.7567465901374817,19
sparse_head,4,16,question,mass,false,0.4581346809864044,0.2395833283662796,0.575739324092865,19
sparse_head,4,17,question,mass,false,0.637958824634552,0.4479166567325592,0.7202167510986328,19
sparse_head,4,18,question,mass,false,0.4940067529678345,0.2916666567325592,0.5967345833778381,19
sparse_head,4,19,question,mass,false,0.695225715637207,0.5416666865348816,0.7662644386291504,19
sparse_head,4,20,question,mass,false,0.6822790503501892,0.53125,0.7533090710639954,19
sparse_head,4,21,question,mass,false,0.6932616233825684,0.5208333134651184,0.7625892758369446,19
sparse_head,4,22,question,mass,false,0.5412975549697876,0.34375,0.639252781867981,19
sparse_head,4,23,question,mass,false,0.7339782118797302,0.6041666865348816,0.7955954074859619,19
sparse_head,5,0,question,mass,false,0.5928062796592712,0.3958333432674408,0.6818608641624451,23
sparse_head,5,1,question,mass,false,0.5952516794204712,0.4166666567325592,0.6802337765693665,23
sparse_head,5,2,question,mass,false,0.6591145992279053,0.4895833432674408,0.7392911314964294,23
sparse_head,5,3,question,mass,false,0.6426084637641907,0.46875,0.7262656688690186,23
sparse_head,5,4,question,mass,false,0.6775507926940918,0.53125,0.7494977116584778,23
sparse_head,5,5,question,mass,false,0.43486180901527405,0.2083333283662796,0.5574892163276672,23
sparse_head,5,6,question,mass,false,0.5282353162765503,0.3645833432674408,0.6244643330574036,23
sparse_head,5,7,question,mass,false,0.5473465919494629,0.3541666567325592,0.6499136090278625,23
sparse_head,5,8,question,mass,false,0.578133761882782,0.3645833432674408,0.6685123443603516,23
sparse_head,5,9,question,mass,false,0.6452257037162781,0.4583333432674408,0.7284753322601318,23
sparse_head,5,10,question,mass,false,0.5881817936897278,0.4270833432674408,0.6713485717773438,23
sparse_head,5,11,question,mass,false,0.6708622574806213,0.5104166865348816,0.7477204203605652,23
sparse_head,5,12,question,mass,false,0.5895476341247559,0.4166666567325592,0.6755053400993347,23
sparse_head,5,13,question,mass,false,0.4895044267177582,0.3333333432674408,0.5816545486450195,23
sparse_head,5,14,question,mass,false,0.5511820316314697,0.375,0.6400826573371887,23
sparse_head,5,15,question,mass,false,0.6212735772132874,0.4479166567325592,0.7093023657798767,23
sparse_head,5,16,question,mass,false,0.5527399182319641,0.3645833432674408,0.6478540301322937,23
sparse_head,5,17,question,mass,false,0.4508919417858124,0.28125,0.555733859539032,23
sparse_head,5,18,question,mass,false,0.6464822888374329,0.4791666567325592,0.7260568737983704,23
sparse_head,5,19,question,mass,false,0.5897563695907593,0.3958333432674408,0.6826403737068176,23
sparse_head,5,20,question,mass,false,0.4507692754268646,0.2604166567325592,0.561535120010376,23
sparse_head,5,21,question,mass,false,0.6641656160354614,0.5104166865348816,0.7325721383094788,23
sparse_head,5,22,question,mass,false,0.5955278277397156,0.4166666567325592,0.6869161128997803,23
sparse_head,5,23,question,mass,false,0.44258996844291687,0.28125,0.5300683379173279,23
sparse_head,6,0,question,mass,false,0.7228209376335144,0.5729166865348816,0.7878230214118958,27
sparse_head,6,1,question,mass,false,0.670775830745697,0.5104166865348816,0.7446935772895813,27
sparse_head,6,2,question,mass,false,0.7239205241203308,0.5625,0.7888275980949402,27
sparse_head,6,3,question,mass,false,0.7604212164878845,0.6145833134651184,0.8168403506278992,27
sparse_head,6,4,question,mass,false,0.605186402797699,0.40625,0.6952564716339111,27
sparse_head,6,5,question,mass,false,0.7322627902030945,0.5833333134651184,0.7948088049888611,27
sparse_head,6,6,question,mass,false,0.5966298580169678,0.4166666567325592,0.684776246547699,27
sparse_head,6,7,question,mass,false,0.6161287426948547,0.4479166567325592,0.7052081227302551,27
sparse_head,6,8,question,mass,false,0.6414148807525635,0.46875,0.7221214175224304,27
sparse_head,6,9,question,mass,false,0.5296897292137146,0.3125,0.6338648200035095,27
sparse_head,6,10,question,mass,false,0.5903467535972595,0.40625,0.6826989650726318,27
sparse_head,6,11,question,mass,false,0.5812700390815735,0.375,0.6739686131477356,27
sparse_head,6,12,question,mass,false,0.6957430839538574,0.53125,0.7610978484153748,27
sparse_head,6,13,question,mass,false,0.5641279816627502,0.3645833432674408,0.6637707948684692,27
sparse_head,6,14,question,mass,false,0.6478195190429688,0.4895833432674408,0.7262378334999084,27
sparse_head,6,15,question,mass,false,0.5117815136909485,0.34375,0.6092376112937927,27
sparse_head,6,16,question,mass,false,0.6402609944343567,0.4583333432674408,0.718677818775177,27
sparse_head,6,17,question,mass,false,0.4417306184768677,0.2395833283662796,0.5471503734588623,27
sparse_head,6,18,question,mass,false,0.6832262873649597,0.5208333134651184,0.7487033009529114,27
sparse_head,6,19,question,mass,false,0.7335317134857178,0.5729166865348816,0.7965154051780701,27
sparse_head,6,20,question,mass,false,0.6145283579826355,0.4270833432674408,0.69912189245224,27
sparse_head,6,21,question,mass,false,0.29085808992385864,0.1041666641831398,0.4000091254711151,27
sparse_head,6,22,question,mass,false,0.5178593993186951,0.3229166567325592,0.6145545840263367,27
sparse_head,6,23,question,mass,false,0.7222763895988464,0.5625,0.7849251627922058,27
sparse_head,7,0,question,mass,false,0.6399925351142883,0.4479166567325592,0.7224636673927307,31
sparse_head,7,1,question,mass,false,0.8101597428321838,0.7083333134651184,0.8533908724784851,31
sparse_head,7,2,question,mass,false,0.7521622180938721,0.6041666865348816,0.8074069023132324,31
sparse_head,7,3,question,mass,false,0.7879629731178284,0.6458333134651184,0.8378019332885742,31
sparse_head,7,4,question,mass,false,0.7460772395133972,0.59375,0.8052285313606262,31
sparse_head,7,5,question,mass,false,0.7845733761787415,0.65625,0.8377992510795593,31
sparse_head,7,6,question,mass,false,0.7574033141136169,0.6041666865348816,0.8174872398376465,31
sparse_head,7,7,question,mass,false,0.7947961688041687,0.6666666865348816,0.8427772521972656,31
sparse_head,7,8,question,mass,false,0.6424028277397156,0.4791666567325592,0.7192690968513489,31
sparse_head,7,9,question,mass,false,0.7833912372589111,0.6458333134651184,0.8373529314994812,31
sparse_head,7,10,question,mass,false,0.725731372833252,0.5729166865348816,0.7873494029045105,31
sparse_head,7,11,question,mass,false,0.728943407535553,0.5833333134651184,0.7921797633171082,31
sparse_head,7,12,question,mass,false,0.8084990978240967,0.6770833134651184,0.8533352017402649,31
sparse_head,7,13,question,mass,false,0.7627148628234863,0.6145833134651184,0.821739673614502,31
sparse_head,7,14,question,mass,false,0.7600942254066467,0.6041666865348816,0.8198643326759338,31
sparse_head,7,15,question,mass,false,0.7375289797782898,0.5729166865348816,0.7995335459709167,31
sparse_head,7,16,question,mass,false,0.7678151726722717,0.6354166865348816,0.8217769265174866,31
sparse_head,7,17,question,mass,false,0.6987023949623108,0.5208333134651184,0.7673829197883606,31
sparse_head,7,18,question,mass,false,0.7517561912536621,0.6041666865348816,0.8074129223823547,31
sparse_head,7,19,question,mass,false,0.6683366298675537,0.5208333134651184,0.7358577251434326,31
sparse_head,7,20,question,mass,false,0.7219411730766296,0.5520833134651184,0.7876405119895935,31
sparse_head,7,21,question,mass,false,0.6820436120033264,0.4895833432674408,0.757685661315918,31
sparse_head,7,22,question,mass,false,0.7638062834739685,0.625,0.8191971182823181,31
sparse_head,7,23,question,mass,false,0.7414352297782898,0.5833333134651184,0.8023850321769714,31
sparse_head,8,0,question,mass,false,0.36026731133461,0.1770833283662796,0.4581492245197296,35
sparse_head,8,1,question,mass,false,0.6745281219482422,0.5104166865348816,0.7505655288696289,35
sparse_head,8,2,question,mass,false,0.7950769066810608,0.6666666865348816,0.8458477854728699,35
sparse_head,8,3,question,mass,false,0.6170676350593567,0.4270833432674408,0.7066009640693665,35
sparse_head,8,4,question,mass,false,0.6898189187049866,0.5104166865348816,0.7633207440376282,35
sparse_head,8,5,question,mass,false,0.7015618681907654,0.5416666865348816,0.7716367840766907,35
sparse_head,8,6,question,mass,false,0.7511898875236511,0.6041666865348816,0.8090818524360657,35
sparse_head,8,7,question,mass,false,0.7265046238899231,0.5833333134651184,0.790475070476532,35
sparse_head,8,8,question,mass,false,0.6490703225135803,0.4791666567325592,0.7216630578041077,35
sparse_head,8,9,question,mass,false,0.5324845910072327,0.3541666567325592,0.6165235042572021,35
sparse_head,8,10,question,mass,false,0.7766993045806885,0.6458333134651184,0.8290464878082275,35
sparse_head,8,11,question,mass,false,0.7322630882263184,0.59375,0.7943927645683289,35
sparse_head,8,12,question,mass,false,0.7856315970420837,0.65625,0.8386145234107971,35
sparse_head,8,13,question,mass,false,0.7918446660041809,0.6458333134651184,0.8410806059837341,35
sparse_head,8,14,question,mass,false,0.7293608784675598,0.5833333134651184,0.7895897030830383,35
sparse_head,8,15,question,mass,false,0.7661376595497131,0.65625,0.8167648315429688,35
sparse_head,8,16,question,mass,false,0.7138020992279053,0.5416666865348816,0.7812390327453613,35
sparse_head,8,17,question,mass,false,0.7574651837348938,0.6041666865348816,0.8177001476287842,35
sparse_head,8,18,question,mass,false,0.7733631134033203,0.6354166865348816,0.8267225623130798,35
sparse_head,8,19,question,mass,false,0.7108211517333984,0.5625,0.7756749987602234,35
sparse_head,8,20,question,mass,false,0.7934317588806152,0.6770833134651184,0.8444083333015442,35
sparse_head,8,21,question,mass,false,0.7498388290405273,0.6145833134651184,0.8083376884460449,35
sparse_head,8,22,question,mass,false,0.703683078289032,0.5520833134651184,0.7727317810058594,35
sparse_head,8,23,question,mass,false,0.7637198567390442,0.625,0.8160898089408875,35
sparse_head,9,0,question,mass,false,0.6170184016227722,0.4166666567325592,0.7041377425193787,39
sparse_head,9,1,question,mass,false,0.5722969174385071,0.3645833432674408,0.6695653796195984,39
sparse_head,9,2,question,mass,false,0.7022859454154968,0.5416666865348816,0.7751812934875488,39
sparse_head,9,3,question,mass,false,0.6352099776268005,0.4375,0.7215237021446228,39
sparse_head,9,4,question,mass,false,0.6210651993751526,0.4375,0.7097870707511902,39
sparse_head,9,5,question,mass,false,0.6246738433837891,0.4375,0.7131834626197815,39
sparse_head,9,6,question,mass,false,0.6718578338623047,0.4895833432674408,0.7492184042930603,39
sparse_head,9,7,question,mass,false,0.6124098896980286,0.4166666567325592,0.6977806091308594,39
sparse_head,9,8,question,mass,false,0.7138020992279053,0.5625,0.7808195948600769,39
sparse_head,9,9,question,mass,false,0.6729790568351746,0.5,0.7465927600860596,39
sparse_head,9,10,question,mass,false,0.6401000618934631,0.4270833432674408,0.7229436039924622,39
sparse_head,9,11,question,mass,false,0.6198164224624634,0.4479166567325592,0.7079265713691711,39
sparse_head,9,12,question,mass,false,0.5592472553253174,0.3541666567325592,0.6508877873420715,39
sparse_head,9,13,question,mass,false,0.5787113308906555,0.375,0.6688639521598816,39
sparse_head,9,14,question,mass,false,0.46070513129234314,0.25,0.5740029215812683,39
sparse_head,9,15,question,mass,false,0.606336772441864,0.40625,0.7024536728858948,39
sparse_head,9,16,question,mass,false,0.5756779313087463,0.3854166567325592,0.6724395751953125,39
sparse_head,9,17,question,mass,false,0.46523213386535645,0.28125,0.5696497559547424,39
sparse_head,9,18,question,mass,false,0.6332845091819763,0.4375,0.7168108820915222,39
sparse_head,9,19,question,mass,false,0.6337095499038696,0.4479166567325592,0.7200412750244141,39
sparse_head,9,20,question,mass,false,0.5630857348442078,0.3854166567325592,0.6549992561340332,39
sparse_head,9,21,question,mass,false,0.6623680591583252,0.4791666567325592,0.7417805194854736,39
sparse_head,9,22,question,mass,false,0.5662530660629272,0.3541666567325592,0.6654338836669922,39
sparse_head,9,23,question,mass,false,0.332596093416214,0.1354166716337204,0.44283175468444824,39
sparse_head,10,0,question,mass,false,0.5490733981132507,0.3333333432674408,0.6522102952003479,43
sparse_head,10,1,question,mass,false,0.5191265940666199,0.2916666567325592,0.6265618801116943,43
sparse_head,10,2,question,mass,false,0.5715695023536682,0.375,0.6654979586601257,43
sparse_head,10,3,question,mass,false,0.5749503970146179,0.375,0.6749144196510315,43
sparse_head,10,4,question,mass,false,0.5421010851860046,0.3229166567325592,0.6437707543373108,43
sparse_head,10,5,question,mass,false,0.5248257517814636,0.3020833432674408,0.63077312707901,43
sparse_head,10,6,question,mass,false,0.3146069645881653,0.125,0.4373762607574463,43
sparse_head,10,7,question,mass,false,0.6012029051780701,0.40625,0.6919860243797302,43
sparse_head,10,8,question,mass,false,0.4525623321533203,0.21875,0.5714458227157593,43
sparse_head,10,9,question,mass,false,0.5458870530128479,0.3125,0.6505261659622192,43
sparse_head,10,10,question,mass,false,0.5536249279975891,0.3229166567325592,0.6565211415290833,43
sparse_head,10,11,question,mass,false,0.5909591913223267,0.3958333432674408,0.6816003322601318,43
sparse_head,10,12,question,mass,false,0.6078453063964844,0.4375,0.6928964257240295,43
sparse_head,10,13,question,mass,false,0.5438537001609802,0.3125,0.6490064263343811,43
sparse_head,10,14,question,mass,false,0.5769765973091125,0.3541666567325592,0.6682963371276855,43
sparse_head,10,15,question,mass,false,0.5327963829040527,0.3020833432674408,0.63930743932724,43
sparse_head,10,16,question,mass,false,0.6161449551582336,0.4270833432674408,0.7001927495002747,43
sparse_head,10,17,question,mass,false,0.6085073351860046,0.4166666567325592,0.6975423693656921,43
sparse_head,10,18,question,mass,false,0.6604780554771423,0.4791666567325592,0.73762446641922,43
sparse_head,10,19,question,mass,false,0.5696101784706116,0.3645833432674408,0.6649481058120728,43
sparse_head,10,20,question,mass,false,0.5706353783607483,0.375,0.6684250235557556,43
sparse_head,10,21,question,mass,false,0.6149392127990723,0.4479166567325592,0.6955795884132385,43
sparse_head,10,22,question,mass,false,0.5393940806388855,0.3333333432674408,0.6352338194847107,43
sparse_head,10,23,question,mass,false,0.5425471663475037,0.34375,0.6469873785972595,43
sparse_head,11,0,question,mass,false,0.587961733341217,0.40625,0.6782587170600891,47
sparse_head,11,1,question,mass,false,0.5376671552658081,0.3645833432674408,0.6327645778656006,47
sparse_head,11,2,question,mass,false,0.5419686436653137,0.3958333432674408,0.630864679813385,47
sparse_head,11,3,question,mass,false,0.5006360411643982,0.34375,0.5956894755363464,47
sparse_head,11,4,question,mass,false,0.46772846579551697,0.28125,0.5725813508033752,47
sparse_head,11,5,question,mass,false,0.5739797353744507,0.4270833432674408,0.662584125995636,47
sparse_head,11,6,question,mass,false,0.5322842001914978,0.3645833432674408,0.6273283362388611,47
sparse_head,11,7,question,mass,false,0.5575648546218872,0.375,0.6511526703834534,47
sparse_head,11,8,question,mass,false,0.5099931359291077,0.3229166567325592,0.6022805571556091,47
sparse_head,11,9,question,mass,false,0.5174822211265564,0.3333333432674408,0.6018205881118774,47
sparse_head,11,10,question,mass,false,0.5105622410774231,0.3333333432674408,0.6026691794395447,47
sparse_head,11,11,question,mass,false,0.5674635767936707,0.34375,0.6632847785949707,47
sparse_head,11,12,question,mass,false,0.46764668822288513,0.2604166567325592,0.5830309987068176,47
sparse_head,11,13,question,mass,false,0.4135671854019165,0.15625,0.5423951148986816,47
sparse_head,11,14,question,mass,false,0.4931162893772125,0.2708333432674408,0.6057634949684143,47
sparse_head,11,15,question,mass,false,0.43434956669807434,0.1666666716337204,0.562599241733551,47
sparse_head,11,16,question,mass,false,0.47088780999183655,0.2604166567325592,0.5855457186698914,47
sparse_head,11,17,question,mass,false,0.46697747707366943,0.2604166567325592,0.5815531611442566,47
sparse_head,11,18,question,mass,false,0.3848189413547516,0.1875,0.48701462149620056,47
sparse_head,11,19,question,mass,false,0.2655351459980011,0.0625,0.3692114055156708,47
sparse_head,11,20,question,mass,false,0.5055477023124695,0.28125,0.6187823414802551,47
sparse_head,11,21,question,mass,false,0.47267770767211914,0.25,0.584803581237793,47
sparse_head,11,22,question,mass,false,0.3804730176925659,0.15625,0.5084256529808044,47
sparse_head,11,23,question,mass,false,0.468254417181015,0.25,0.5834597945213318,47
sparse_head_top16_cv,-1,-1,question,mass,false,0.8050268292427063,0.6666666865348816,0.8510420918464661,-1
sparse_head_top16_cv_gated,-1,-1,question,mass,false,0.8037495613098145,0.6666666865348816,0.8500289916992188,-1
sparse_head_all_mean,-1,-1,question,mass,false,0.6576761603355408,0.46875,0.7388997077941895,-1
sparse_head,0,0,question,mass,true,0.23590213060379028,0.0625,0.3307127058506012,3
sparse_head,0,1,question,mass,true,0.24443991482257843,0.0729166641831398,0.32327020168304443,3
sparse_head,0,2,question,mass,true,0.2000349909067154,0.03125,0.27915552258491516,3
sparse_head,0,3,question,mass,true,0.2661230266094208,0.1041666641831398,0.3568502962589264,3
sparse_head,0,4,question,mass,true,0.284689337015152,0.1354166716337204,0.3442481458187103,3
sparse_head,0,5,question,mass,true,0.30721068382263184,0.125,0.4019523561000824,3
sparse_head,0,6,question,mass,true,0.3553309738636017,0.1770833283662796,0.44985029101371765,3
sparse_head,0,7,question,mass,true,0.18848885595798492,0.0416666679084301,0.2522391974925995,3
sparse_head,0,8,question,mass,true,0.25133153796195984,0.09375,0.3389945328235626,3
sparse_head,0,9,question,mass,true,0.3242621123790741,0.15625,0.41084858775138855,3
sparse_head,0,10,question,mass,true,0.18267089128494263,0.0520833320915699,0.24192504584789276,3
sparse_head,0,11,question,mass,true,0.1913851946592331,0.0520833320915699,0.26406732201576233,3
sparse_head,0,12,question,mass,true,0.22984105348587036,0.0625,0.334503173828125,3
sparse_head,0,13,question,mass,true,0.21186377108097076,0.0625,0.2780827581882477,3
sparse_head,0,14,question,mass,true,0.20707885921001434,0.0625,0.28092092275619507,3
sparse_head,0,15,question,mass,true,0.26115310192108154,0.1041666641831398,0.3607262372970581,3
sparse_head,0,16,question,mass,true,0.27844473719596863,0.1041666641831398,0.39030158519744873,3
sparse_head,0,17,question,mass,true,0.2230377048254013,0.0625,0.31714507937431335,3
sparse_head,0,18,question,mass,true,0.20417283475399017,0.0729166641831398,0.2746805250644684,3
sparse_head,0,19,question,mass,true,0.2566770613193512,0.0833333358168602,0.3541930615901947,3
sparse_head,0,20,question,mass,true,0.3324877619743347,0.1666666716337204,0.420452356338501,3
sparse_head,0,21,question,mass,true,0.2803904712200165,0.1041666641831398,0.3776859939098358,3
sparse_head,0,22,question,mass,true,0.3172687590122223,0.1458333283662796,0.4036462604999542,3
sparse_head,0,23,question,mass,true,0.28193244338035583,0.1145833358168602,0.3674623966217041,3
sparse_head,1,0,question,mass,true,0.3429321348667145,0.1666666716337204,0.4409690201282501,7
sparse_head,1,1,question,mass,true,0.39958515763282776,0.21875,0.4941423237323761,7
sparse_head,1,2,question,mass,true,0.37315282225608826,0.21875,0.46467533707618713,7
sparse_head,1,3,question,mass,true,0.4223836362361908,0.21875,0.5284104347229004,7
sparse_head,1,4,question,mass,true,0.3465214669704437,0.1458333283662796,0.454007625579834,7
sparse_head,1,5,question,mass,true,0.45432552695274353,0.28125,0.5667774677276611,7
sparse_head,1,6,question,mass,true,0.4431939125061035,0.25,0.5471801161766052,7
sparse_head,1,7,question,mass,true,0.300638347864151,0.1354166716337204,0.3836307227611542,7
sparse_head,1,8,question,mass,true,0.27485471963882446,0.09375,0.37623462080955505,7
sparse_head,1,9,question,mass,true,0.4159771502017975,0.2083333283662796,0.523438036441803,7
sparse_head,1,10,question,mass,true,0.4676690995693207,0.2708333432674408,0.5759872794151306,7
sparse_head,1,11,question,mass,true,0.33753910660743713,0.1145833358168602,0.45745813846588135,7
sparse_head,1,12,question,mass,true,0.31053951382637024,0.1458333283662796,0.4074122905731201,7
sparse_head,1,13,question,mass,true,0.385225385427475,0.21875,0.4626784324645996,7
sparse_head,1,14,question,mass,true,0.41627058386802673,0.21875,0.5348119735717773,7
sparse_head,1,15,question,mass,true,0.2808637320995331,0.1041666641831398,0.3653451204299927,7
sparse_head,1,16,question,mass,true,0.209635928273201,0.0833333358168602,0.2725013196468353,7
sparse_head,1,17,question,mass,true,0.4544691741466522,0.2604166567325592,0.5625011324882507,7
sparse_head,1,18,question,mass,true,0.3108995258808136,0.09375,0.4444762170314789,7
sparse_head,1,19,question,mass,true,0.36995729804039,0.1875,0.4697047173976898,7
sparse_head,1,20,question,mass,true,0.44981345534324646,0.25,0.5527624487876892,7
sparse_head,1,21,question,mass,true,0.5216757655143738,0.3229166567325592,0.6085501313209534,7
sparse_head,1,22,question,mass,true,0.3244198262691498,0.1666666716337204,0.42872241139411926,7
sparse_head,1,23,question,mass,true,0.3470633327960968,0.15625,0.44808289408683777,7
sparse_head,2,0,question,mass,true,0.624159574508667,0.4583333432674408,0.6992326378822327,11
sparse_head,2,1,question,mass,true,0.5609378814697266,0.375,0.6481935381889343,11
sparse_head,2,2,question,mass,true,0.6100363731384277,0.4166666567325592,0.6953440308570862,11
sparse_head,2,3,question,mass,true,0.6230716705322266,0.4375,0.7086844444274902,11
sparse_head,2,4,question,mass,true,0.4340214729309082,0.2291666716337204,0.5412630438804626,11
sparse_head,2,5,question,mass,true,0.6709105968475342,0.53125,0.7411534190177917,11
sparse_head,2,6,question,mass,true,0.4662878215312958,0.3125,0.5279495120048523,11
sparse_head,2,7,question,mass,true,0.5048239231109619,0.3229166567325592,0.590603768825531,11
sparse_head,2,8,question,mass,true,0.5299521088600159,0.3645833432674408,0.6230236887931824,11
sparse_head,2,9,question,mass,true,0.48005104064941406,0.2916666567325592,0.5906650424003601,11
sparse_head,2,10,question,mass,true,0.31445756554603577,0.125,0.4123147428035736,11
sparse_head,2,11,question,mass,true,0.45999976992607117,0.2604166567325592,0.5668085217475891,11
sparse_head,2,12,question,mass,true,0.46203675866127014,0.25,0.5697932839393616,11
sparse_head,2,13,question,mass,true,0.3903537094593048,0.1875,0.4867244064807892,11
sparse_head,2,14,question,mass,true,0.4705193340778351,0.28125,0.5714505314826965,11
sparse_head,2,15,question,mass,true,0.30010291934013367,0.125,0.3737810552120209,11
sparse_head,2,16,question,mass,true,0.5661342740058899,0.3541666567325592,0.6543478965759277,11
sparse_head,2,17,question,mass,true,0.340101957321167,0.15625,0.43712353706359863,11
sparse_head,2,18,question,mass,true,0.5765480399131775,0.375,0.6735351085662842,11
sparse_head,2,19,question,mass,true,0.5116055011749268,0.3020833432674408,0.6075730323791504,11
sparse_head,2,20,question,mass,true,0.5122642517089844,0.3229166567325592,0.5949172973632812,11
sparse_head,2,21,question,mass,true,0.25801578164100647,0.1145833358168602,0.3265276849269867,11
sparse_head,2,22,question,mass,true,0.24044054746627808,0.1041666641831398,0.2901112139225006,11
sparse_head,2,23,question,mass,true,0.6269614100456238,0.4479166567325592,0.7028322815895081,11
sparse_head,3,0,question,mass,true,0.5131567120552063,0.3541666567325592,0.5920983552932739,15
sparse_head,3,1,question,mass,true,0.5947889685630798,0.4479166567325592,0.6701436042785645,15
sparse_head,3,2,question,mass,true,0.6595051884651184,0.4791666567325592,0.7366948127746582,15
sparse_head,3,3,question,mass,true,0.7450115084648132,0.6041666865348816,0.7985498905181885,15
sparse_head,3,4,question,mass,true,0.6006948351860046,0.4375,0.6759533286094666,15
sparse_head,3,5,question,mass,true,0.6049363017082214,0.4166666567325592,0.6944291591644287,15
sparse_head,3,6,question,mass,true,0.6766037940979004,0.5208333134651184,0.752168595790863,15
sparse_head,3,7,question,mass,true,0.72737056016922,0.5833333134651184,0.7910081744194031,15
sparse_head,3,8,question,mass,true,0.5150881409645081,0.3333333432674408,0.600508451461792,15
sparse_head,3,9,question,mass,true,0.6620349884033203,0.5,0.7378861308097839,15
sparse_head,3,10,question,mass,true,0.6030340790748596,0.4270833432674408,0.6981503963470459,15
sparse_head,3,11,question,mass,true,0.6750598549842834,0.5104166865348816,0.7482219338417053,15
sparse_head,3,12,question,mass,true,0.7540468573570251,0.6145833134651184,0.808311939239502,15
sparse_head,3,13,question,mass,true,0.7038353085517883,0.5520833134651184,0.7728565335273743,15
sparse_head,3,14,question,mass,true,0.6781497597694397,0.5104166865348816,0.756996214389801,15
sparse_head,3,15,question,mass,true,0.7233056426048279,0.5833333134651184,0.7877220511436462,15
sparse_head,3,16,question,mass,true,0.769291877746582,0.65625,0.8223163485527039,15
sparse_head,3,17,question,mass,true,0.6708912253379822,0.5104166865348816,0.7478250861167908,15
sparse_head,3,18,question,mass,true,0.6183070540428162,0.4270833432674408,0.6992124915122986,15
sparse_head,3,19,question,mass,true,0.5103340148925781,0.3020833432674408,0.6246162056922913,15
sparse_head,3,20,question,mass,true,0.676781952381134,0.53125,0.7460765242576599,15
sparse_head,3,21,question,mass,true,0.5328661799430847,0.3020833432674408,0.642920732498169,15
sparse_head,3,22,question,mass,true,0.515352189540863,0.3020833432674408,0.623393177986145,15
sparse_head,3,23,question,mass,true,0.6216315031051636,0.4270833432674408,0.7103531360626221,15
sparse_head,4,0,question,mass,true,0.3871738910675049,0.21875,0.4705449044704437,19
sparse_head,4,1,question,mass,true,0.7069903016090393,0.5625,0.7747456431388855,19
sparse_head,4,2,question,mass,true,0.6940986514091492,0.5416666865348816,0.7569279670715332,19
sparse_head,4,3,question,mass,true,0.633047878742218,0.53125,0.6743433475494385,19
sparse_head,4,4,question,mass,true,0.5679054260253906,0.3958333432674408,0.6471475958824158,19
sparse_head,4,5,question,mass,true,0.6913508772850037,0.53125,0.759777843952179,19
sparse_head,4,6,question,mass,true,0.7478546500205994,0.59375,0.8101392388343811,19
sparse_head,4,7,question,mass,true,0.718696653842926,0.5625,0.7758073210716248,19
sparse_head,4,8,question,mass,true,0.6574201583862305,0.4791666567325592,0.7351219058036804,19
sparse_head,4,9,question,mass,true,0.4601588547229767,0.2395833283662796,0.5598393082618713,19
sparse_head,4,10,question,mass,true,0.6952705383300781,0.53125,0.7669703364372253,19
sparse_head,4,11,question,mass,true,0.6365363001823425,0.4479166567325592,0.7192268967628479,19
sparse_head,4,12,question,mass,true,0.7773895263671875,0.6458333134651184,0.8290884494781494,19
sparse_head,4,13,question,mass,true,0.6993744969367981,0.5416666865348816,0.752092182636261,19
sparse_head,4,14,question,mass,true,0.6191724538803101,0.4375,0.6961970329284668,19
sparse_head,4,15,question,mass,true,0.7289273142814636,0.5833333134651184,0.7923989295959473,19
sparse_head,4,16,question,mass,true,0.6091622710227966,0.4479166567325592,0.6879876255989075,19
sparse_head,4,17,question,mass,true,0.675696849822998,0.5520833134651184,0.7406857013702393,19
sparse_head,4,18,question,mass,true,0.5827447772026062,0.4166666567325592,0.6439716219902039,19
sparse_head,4,19,question,mass,true,0.6919519305229187,0.5520833134651184,0.7576881051063538,19
sparse_head,4,20,question,mass,true,0.7232184410095215,0.5729166865348816,0.7911478877067566,19
sparse_head,4,21,question,mass,true,0.7274388670921326,0.5625,0.7945671677589417,19
sparse_head,4,22,question,mass,true,0.6128369569778442,0.4479166567325592,0.6911284923553467,19
sparse_head,4,23,question,mass,true,0.7397025227546692,0.6145833134651184,0.7915043830871582,19
sparse_head,5,0,question,mass,true,0.6465856432914734,0.4791666567325592,0.7261503338813782,23
sparse_head,5,1,question,mass,true,0.6442174911499023,0.4479166567325592,0.7220374941825867,23
sparse_head,5,2,question,mass,true,0.741691529750824,0.59375,0.8022873401641846,23
sparse_head,5,3,question,mass,true,0.6535428166389465,0.46875,0.7350011467933655,23
sparse_head,5,4,question,mass,true,0.6976107954978943,0.5208333134651184,0.7662391662597656,23
sparse_head,5,5,question,mass,true,0.5795628428459167,0.3854166567325592,0.666092574596405,23
sparse_head,5,6,question,mass,true,0.5581435561180115,0.375,0.6549946665763855,23
sparse_head,5,7,question,mass,true,0.6350449919700623,0.4375,0.7211940884590149,23
sparse_head,5,8,question,mass,true,0.6745781302452087,0.5104166865348816,0.7479596734046936,23
sparse_head,5,9,question,mass,true,0.6501818299293518,0.4479166567325592,0.7360637187957764,23
sparse_head,5,10,question,mass,true,0.6023914217948914,0.4270833432674408,0.6830427050590515,23
sparse_head,5,11,question,mass,true,0.7169973850250244,0.5625,0.7860913872718811,23
sparse_head,5,12,question,mass,true,0.618733823299408,0.4270833432674408,0.7053120732307434,23
sparse_head,5,13,question,mass,true,0.49131670594215393,0.3125,0.5931430459022522,23
sparse_head,5,14,question,mass,true,0.6235526204109192,0.4479166567325592,0.702538251876831,23
sparse_head,5,15,question,mass,true,0.6375179886817932,0.4583333432674408,0.7171898484230042,23
sparse_head,5,16,question,mass,true,0.6414442658424377,0.4583333432674408,0.7170584797859192,23
sparse_head,5,17,question,mass,true,0.5223081111907959,0.3333333432674408,0.6117194294929504,23
sparse_head,5,18,question,mass,true,0.6859171986579895,0.5208333134651184,0.7568370699882507,23
sparse_head,5,19,question,mass,true,0.657796323299408,0.4895833432674408,0.7349779009819031,23
sparse_head,5,20,question,mass,true,0.575225830078125,0.3958333432674408,0.6621982455253601,23
sparse_head,5,21,question,mass,true,0.6375090479850769,0.4791666567325592,0.7150632739067078,23
sparse_head,5,22,question,mass,true,0.6621659398078918,0.5,0.7351608872413635,23
sparse_head,5,23,question,mass,true,0.4559767246246338,0.28125,0.5417807698249817,23
sparse_head,6,0,question,mass,true,0.7329861521720886,0.5833333134651184,0.7933377623558044,27
sparse_head,6,1,question,mass,true,0.724945604801178,0.5833333134651184,0.7776544094085693,27
sparse_head,6,2,question,mass,true,0.7452815175056458,0.59375,0.8024773597717285,27
sparse_head,6,3,question,mass,true,0.7423900961875916,0.6145833134651184,0.7993784546852112,27
sparse_head,6,4,question,mass,true,0.6497541069984436,0.4791666567325592,0.7259265780448914,27
sparse_head,6,5,question,mass,true,0.7224661707878113,0.5729166865348816,0.7843222618103027,27
sparse_head,6,6,question,mass,true,0.6037366986274719,0.4479166567325592,0.671130359172821,27
sparse_head,6,7,question,mass,true,0.6312028169631958,0.46875,0.6994385719299316,27
sparse_head,6,8,question,mass,true,0.6664955019950867,0.4895833432674408,0.7422472834587097,27
sparse_head,6,9,question,mass,true,0.5873990654945374,0.3958333432674408,0.6805398464202881,27
sparse_head,6,10,question,mass,true,0.5981330275535583,0.4479166567325592,0.664911687374115,27
sparse_head,6,11,question,mass,true,0.6274987459182739,0.4270833432674408,0.706996500492096,27
sparse_head,6,12,question,mass,true,0.7015583515167236,0.5520833134651184,0.7683208584785461,27
sparse_head,6,13,question,mass,true,0.6427931189537048,0.4791666567325592,0.7142465710639954,27
sparse_head,6,14,question,mass,true,0.6516352295875549,0.46875,0.7306795120239258,27
sparse_head,6,15,question,mass,true,0.5245823860168457,0.3541666567325592,0.592531144618988,27
sparse_head,6,16,question,mass,true,0.7075590491294861,0.5729166865348816,0.7662866115570068,27
sparse_head,6,17,question,mass,true,0.5078130960464478,0.3333333432674408,0.579854428768158,27
sparse_head,6,18,question,mass,true,0.7027947306632996,0.53125,0.7698844075202942,27
sparse_head,6,19,question,mass,true,0.7113757133483887,0.5520833134651184,0.7768139839172363,27
sparse_head,6,20,question,mass,true,0.6579606533050537,0.5,0.7205100059509277,27
sparse_head,6,21,question,mass,true,0.34728550910949707,0.1875,0.4351518154144287,27
sparse_head,6,22,question,mass,true,0.5359780788421631,0.375,0.6043485999107361,27
sparse_head,6,23,question,mass,true,0.731436014175415,0.5833333134651184,0.7887387275695801,27
sparse_head,7,0,question,mass,true,0.6649830937385559,0.4895833432674408,0.7294676303863525,31
sparse_head,7,1,question,mass,true,0.7986544966697693,0.6770833134651184,0.8456330299377441,31
sparse_head,7,2,question,mass,true,0.7940149903297424,0.6666666865348816,0.8420335650444031,31
sparse_head,7,3,question,mass,true,0.8251157402992249,0.7083333134651184,0.8658165335655212,31
sparse_head,7,4,question,mass,true,0.7550140023231506,0.6041666865348816,0.8125112652778625,31
sparse_head,7,5,question,mass,true,0.7565972805023193,0.59375,0.8177537322044373,31
sparse_head,7,6,question,mass,true,0.7911286354064941,0.6666666865348816,0.8369225859642029,31
sparse_head,7,7,question,mass,true,0.7914931178092957,0.6666666865348816,0.8402146697044373,31
sparse_head,7,8,question,mass,true,0.6742539405822754,0.53125,0.740598738193512,31
sparse_head,7,9,question,mass,true,0.787351131439209,0.65625,0.8401296734809875,31
sparse_head,7,10,question,mass,true,0.7354980111122131,0.5729166865348816,0.7954428791999817,31
sparse_head,7,11,question,mass,true,0.753232479095459,0.6041666865348816,0.8085918426513672,31
sparse_head,7,12,question,mass,true,0.8173232674598694,0.6979166865348816,0.8598613142967224,31
sparse_head,7,13,question,mass,true,0.7872313857078552,0.6770833134651184,0.8307859897613525,31
sparse_head,7,14,question,mass,true,0.8023560643196106,0.6770833134651184,0.848895251750946,31
sparse_head,7,15,question,mass,true,0.7910155653953552,0.6666666865348816,0.8398056626319885,31
sparse_head,7,16,question,mass,true,0.7573413252830505,0.625,0.808102548122406,31
sparse_head,7,17,question,mass,true,0.785483181476593,0.65625,0.8265298008918762,31
sparse_head,7,18,question,mass,true,0.7754195332527161,0.65625,0.8245875239372253,31
sparse_head,7,19,question,mass,true,0.6856381893157959,0.53125,0.7528063654899597,31
sparse_head,7,20,question,mass,true,0.7766618132591248,0.6458333134651184,0.8263306021690369,31
sparse_head,7,21,question,mass,true,0.7224082946777344,0.5625,0.7849743366241455,31
sparse_head,7,22,question,mass,true,0.7730944752693176,0.6458333134651184,0.8258516192436218,31
sparse_head,7,23,question,mass,true,0.7586581707000732,0.6041666865348816,0.8128016591072083,31
sparse_head,8,0,question,mass,true,0.40756240487098694,0.2604166567325592,0.5063796639442444,35
sparse_head,8,1,question,mass,true,0.7344353199005127,0.5729166865348816,0.7944667339324951,35
sparse_head,8,2,question,mass,true,0.7967076301574707,0.6770833134651184,0.8414363861083984,35
sparse_head,8,3,question,mass,true,0.6827006340026855,0.53125,0.7352606654167175,35
sparse_head,8,4,question,mass,true,0.7240135073661804,0.5625,0.7836026549339294,35
sparse_head,8,5,question,mass,true,0.743450403213501,0.6041666865348816,0.8002676963806152,35
sparse_head,8,6,question,mass,true,0.7910280227661133,0.6666666865348816,0.8400227427482605,35
sparse_head,8,7,question,mass,true,0.7901289463043213,0.65625,0.8395505547523499,35
sparse_head,8,8,question,mass,true,0.6631177067756653,0.4791666567325592,0.7333691120147705,35
sparse_head,8,9,question,mass,true,0.5380346179008484,0.3333333432674408,0.6342427134513855,35
sparse_head,8,10,question,mass,true,0.7965323328971863,0.6666666865348816,0.8443287014961243,35
sparse_head,8,11,question,mass,true,0.7653815150260925,0.625,0.8176490664482117,35
sparse_head,8,12,question,mass,true,0.769103467464447,0.6145833134651184,0.821368396282196,35
sparse_head,8,13,question,mass,true,0.8052439093589783,0.6666666865348816,0.8483977913856506,35
sparse_head,8,14,question,mass,true,0.7744481563568115,0.6458333134651184,0.8244566917419434,35
sparse_head,8,15,question,mass,true,0.7576823234558105,0.625,0.8116018176078796,35
sparse_head,8,16,question,mass,true,0.7257434725761414,0.5729166865348816,0.7903143763542175,35
sparse_head,8,17,question,mass,true,0.7739004492759705,0.625,0.8273820877075195,35
sparse_head,8,18,question,mass,true,0.7679460048675537,0.625,0.8195162415504456,35
sparse_head,8,19,question,mass,true,0.7379757761955261,0.5833333134651184,0.7969674468040466,35
sparse_head,8,20,question,mass,true,0.7777388691902161,0.6458333134651184,0.8270741105079651,35
sparse_head,8,21,question,mass,true,0.7733272910118103,0.625,0.8243803381919861,35
sparse_head,8,22,question,mass,true,0.7553927898406982,0.6354166865348816,0.7996808886528015,35
sparse_head,8,23,question,mass,true,0.7904403805732727,0.6666666865348816,0.8335392475128174,35
sparse_head,9,0,question,mass,true,0.6952681541442871,0.5520833134651184,0.7595386505126953,39
sparse_head,9,1,question,mass,true,0.6820436120033264,0.5104166865348816,0.74830561876297,39
sparse_head,9,2,question,mass,true,0.7220093607902527,0.5520833134651184,0.7848895192146301,39
sparse_head,9,3,question,mass,true,0.7026882767677307,0.5520833134651184,0.7661829590797424,39
sparse_head,9,4,question,mass,true,0.673425018787384,0.4895833432674408,0.7423810958862305,39
sparse_head,9,5,question,mass,true,0.7189605832099915,0.5729166865348816,0.7817097306251526,39
sparse_head,9,6,question,mass,true,0.6902254223823547,0.53125,0.7597658038139343,39
sparse_head,9,7,question,mass,true,0.639018177986145,0.4479166567325592,0.7125053405761719,39
sparse_head,9,8,question,mass,true,0.7307973504066467,0.5729166865348816,0.7884612083435059,39
sparse_head,9,9,question,mass,true,0.7113156914710999,0.5625,0.775780200958252,39
sparse_head,9,10,question,mass,true,0.7029328346252441,0.53125,0.7734889388084412,39
sparse_head,9,11,question,mass,true,0.6627411246299744,0.5,0.7331340909004211,39
sparse_head,9,12,question,mass,true,0.5783964991569519,0.3854166567325592,0.668414831161499,39
sparse_head,9,13,question,mass,true,0.5935337543487549,0.4166666567325592,0.6732287406921387,39
sparse_head,9,14,question,mass,true,0.5303542017936707,0.3229166567325592,0.6249536871910095,39
sparse_head,9,15,question,mass,true,0.6848366856575012,0.53125,0.7526176571846008,39
sparse_head,9,16,question,mass,true,0.6366044878959656,0.4479166567325592,0.7132924199104309,39
sparse_head,9,17,question,mass,true,0.5268754363059998,0.3541666567325592,0.6089696884155273,39
sparse_head,9,18,question,mass,true,0.6622230410575867,0.4791666567325592,0.7391126155853271,39
sparse_head,9,19,question,mass,true,0.6826992034912109,0.5104166865348816,0.7514622807502747,39
sparse_head,9,20,question,mass,true,0.6735615134239197,0.5104166865348816,0.7414085865020752,39
sparse_head,9,21,question,mass,true,0.7323763966560364,0.59375,0.7944830060005188,39
sparse_head,9,22,question,mass,true,0.6195991635322571,0.4166666567325592,0.7035239338874817,39
sparse_head,9,23,question,mass,true,0.39288678765296936,0.2291666716337204,0.4807547628879547,39
sparse_head,10,0,question,mass,true,0.6565231680870056,0.5,0.7273030281066895,43
sparse_head,10,1,question,mass,true,0.6497775316238403,0.4791666567325592,0.7254663109779358,43
sparse_head,10,2,question,mass,true,0.6800681948661804,0.53125,0.7448819279670715,43
sparse_head,10,3,question,mass,true,0.7198953628540039,0.59375,0.7753832936286926,43
sparse_head,10,4,question,mass,true,0.6437214612960815,0.46875,0.720684289932251,43
sparse_head,10,5,question,mass,true,0.6031229496002197,0.4375,0.6917350888252258,43
sparse_head,10,6,question,mass,true,0.41549086570739746,0.2395833283662796,0.49515387415885925,43
sparse_head,10,7,question,mass,true,0.6489178538322449,0.5,0.7185145020484924,43
sparse_head,10,8,question,mass,true,0.48859676718711853,0.3020833432674408,0.5916975140571594,43
sparse_head,10,9,question,mass,true,0.656963050365448,0.5,0.7308154702186584,43
sparse_head,10,10,question,mass,true,0.6352545619010925,0.4583333432674408,0.7085928916931152,43
sparse_head,10,11,question,mass,true,0.638315737247467,0.4583333432674408,0.7173281311988831,43
sparse_head,10,12,question,mass,true,0.6937525272369385,0.5625,0.7614614367485046,43
sparse_head,10,13,question,mass,true,0.7162697911262512,0.5625,0.7827063202857971,43
sparse_head,10,14,question,mass,true,0.6583967804908752,0.4791666567325592,0.733231246471405,43
sparse_head,10,15,question,mass,true,0.6556925177574158,0.5104166865348816,0.7176015973091125,43
sparse_head,10,16,question,mass,true,0.6852744221687317,0.53125,0.7522243857383728,43
sparse_head,10,17,question,mass,true,0.692926824092865,0.5520833134651184,0.7586172223091125,43
sparse_head,10,18,question,mass,true,0.6909179091453552,0.5208333134651184,0.7548637390136719,43
sparse_head,10,19,question,mass,true,0.6731836795806885,0.5208333134651184,0.743290901184082,43
sparse_head,10,20,question,mass,true,0.6726529002189636,0.5104166865348816,0.7401683330535889,43
sparse_head,10,21,question,mass,true,0.6695172190666199,0.53125,0.739706814289093,43
sparse_head,10,22,question,mass,true,0.6379378437995911,0.4583333432674408,0.7108216881752014,43
sparse_head,10,23,question,mass,true,0.6550971865653992,0.5,0.7321810126304626,43
sparse_head,11,0,question,mass,true,0.6121920347213745,0.4479166567325592,0.6961293816566467,47
sparse_head,11,1,question,mass,true,0.5288974642753601,0.3541666567325592,0.6164290308952332,47
sparse_head,11,2,question,mass,true,0.5543497204780579,0.3958333432674408,0.63299560546875,47
sparse_head,11,3,question,mass,true,0.5332536101341248,0.3541666567325592,0.6109099984169006,47
sparse_head,11,4,question,mass,true,0.4980529844760895,0.3125,0.5908347964286804,47
sparse_head,11,5,question,mass,true,0.6324774622917175,0.46875,0.7034154534339905,47
sparse_head,11,6,question,mass,true,0.5520521402359009,0.3958333432674408,0.6342130303382874,47
sparse_head,11,7,question,mass,true,0.5883154273033142,0.4166666567325592,0.6631041169166565,47
sparse_head,11,8,question,mass,true,0.5284265875816345,0.3541666567325592,0.6130421161651611,47
sparse_head,11,9,question,mass,true,0.5504609942436218,0.3541666567325592,0.6489934325218201,47
sparse_head,11,10,question,mass,true,0.528369665145874,0.3333333432674408,0.6294536590576172,47
sparse_head,11,11,question,mass,true,0.6406009197235107,0.5,0.7052714824676514,47
sparse_head,11,12,question,mass,true,0.5468257665634155,0.3645833432674408,0.6231024265289307,47
sparse_head,11,13,question,mass,true,0.5861335396766663,0.3854166567325592,0.6744078993797302,47
sparse_head,11,14,question,mass,true,0.5729790329933167,0.3854166567325592,0.6608189344406128,47
sparse_head,11,15,question,mass,true,0.6446725130081177,0.4791666567325592,0.7207568287849426,47
sparse_head,11,16,question,mass,true,0.5059972405433655,0.3229166567325592,0.5974394083023071,47
sparse_head,11,17,question,mass,true,0.5769256353378296,0.4270833432674408,0.64520663022995,47
sparse_head,11,18,question,mass,true,0.45439210534095764,0.2708333432674408,0.5648021101951599,47
sparse_head,11,19,question,mass,true,0.36369359493255615,0.1458333283662796,0.46534016728401184,47
sparse_head,11,20,question,mass,true,0.564866304397583,0.3854166567325592,0.6422086954116821,47
sparse_head,11,21,question,mass,true,0.5075652599334717,0.3020833432674408,0.6018854975700378,47
sparse_head,11,22,question,mass,true,0.3565724194049835,0.21875,0.4236357510089874,47
sparse_head,11,23,question,mass,true,0.5475491285324097,0.3541666567325592,0.6408864855766296,47
sparse_head_top16_cv,-1,-1,question,mass,true,0.798206090927124,0.65625,0.8460595607757568,-1
sparse_head_top16_cv_gated,-1,-1,question,mass,true,0.8087673783302307,0.6770833134651184,0.8538989424705505,-1
sparse_head_all_mean,-1,-1,question,mass,true,0.7526242136955261,0.6041666865348816,0.8110430240631104,-1
sparse_head,0,0,answer,mass,false,0.2588961124420166,0.0833333358168602,0.3348841965198517,3
sparse_head,0,1,answer,mass,false,0.3650117814540863,0.2083333283662796,0.45157501101493835,3
sparse_head,0,2,answer,mass,false,0.280551940202713,0.1145833358168602,0.3539980351924896,3
sparse_head,0,3,answer,mass,false,0.20700351893901825,0.0625,0.2720906138420105,3
sparse_head,0,4,answer,mass,false,0.3006831109523773,0.1354166716337204,0.3997083604335785,3
sparse_head,0,5,answer,mass,false,0.4580589532852173,0.3229166567325592,0.5413246750831604,3
sparse_head,0,6,answer,mass,false,0.6553979516029358,0.5,0.7113494873046875,3
sparse_head,0,7,answer,mass,false,0.2575902044773102,0.1145833358168602,0.3199666440486908,3
sparse_head,0,8,answer,mass,false,0.30823370814323425,0.1145833358168602,0.406358927488327,3
sparse_head,0,9,answer,mass,false,0.5633354783058167,0.40625,0.6392717361450195,3
sparse_head,0,10,answer,mass,false,0.2075914889574051,0.0520833320915699,0.26464664936065674,3
sparse_head,0,11,answer,mass,false,0.19153809547424316,0.0520833320915699,0.24797433614730835,3
sparse_head,0,12,answer,mass,false,0.22647523880004883,0.0729166641831398,0.3022907078266144,3
sparse_head,0,13,answer,mass,false,0.20821358263492584,0.0625,0.2731953561306,3
sparse_head,0,14,answer,mass,false,0.22153085470199585,0.0416666679084301,0.29305025935173035,3
sparse_head,0,15,answer,mass,false,0.3183974623680115,0.1145833358168602,0.43490085005760193,3
sparse_head,0,16,answer,mass,false,0.5150973200798035,0.34375,0.6142519116401672,3
sparse_head,0,17,answer,mass,false,0.22598816454410553,0.0729166641831398,0.29810044169425964,3
sparse_head,0,18,answer,mass,false,0.23406772315502167,0.0833333358168602,0.320327490568161,3
sparse_head,0,19,answer,mass,false,0.21658821403980255,0.0625,0.30643725395202637,3
sparse_head,0,20,answer,mass,false,0.738301694393158,0.6145833134651184,0.7892325520515442,3
sparse_head,0,21,answer,mass,false,0.29710081219673157,0.1041666641831398,0.40343692898750305,3
sparse_head,0,22,answer,mass,false,0.7803909778594971,0.6979166865348816,0.820462703704834,3
sparse_head,0,23,answer,mass,false,0.40314963459968567,0.2291666716337204,0.49924299120903015,3
sparse_head,1,0,answer,mass,false,0.7396223545074463,0.6145833134651184,0.7906803488731384,7
sparse_head,1,1,answer,mass,false,0.7614116072654724,0.6458333134651184,0.810174286365509,7
sparse_head,1,2,answer,mass,false,0.766143798828125,0.6458333134651184,0.8168683052062988,7
sparse_head,1,3,answer,mass,false,0.7554957270622253,0.6458333134651184,0.8079618811607361,7
sparse_head,1,4,answer,mass,false,0.7794037461280823,0.6666666865348816,0.8244629502296448,7
sparse_head,1,5,answer,mass,false,0.79804927110672,0.7083333134651184,0.8372165560722351,7
sparse_head,1,6,answer,mass,false,0.8033526539802551,0.6979166865348816,0.8424725532531738,7
sparse_head,1,7,answer,mass,false,0.7830357551574707,0.6666666865348816,0.8272852897644043,7
sparse_head,1,8,answer,mass,false,0.4412434995174408,0.28125,0.5294838547706604,7
sparse_head,1,9,answer,mass,false,0.5748581290245056,0.3958333432674408,0.6616945862770081,7
sparse_head,1,10,answer,mass,false,0.7806448340415955,0.6770833134651184,0.8217852711677551,7
sparse_head,1,11,answer,mass,false,0.44381293654441833,0.2395833283662796,0.5451304912567139,7
sparse_head,1,12,answer,mass,false,0.3180100619792938,0.1354166716337204,0.43366682529449463,7
sparse_head,1,13,answer,mass,false,0.3772177994251251,0.125,0.500764012336731,7
sparse_head,1,14,answer,mass,false,0.5649242997169495,0.40625,0.6523773074150085,7
sparse_head,1,15,answer,mass,false,0.3482323884963989,0.15625,0.46070751547813416,7
sparse_head,1,16,answer,mass,false,0.26230260729789734,0.1145833358168602,0.35036274790763855,7
sparse_head,1,17,answer,mass,false,0.7666047215461731,0.6354166865348816,0.8178859353065491,7
sparse_head,1,18,answer,mass,false,0.37005630135536194,0.1041666641831398,0.49669525027275085,7
sparse_head,1,19,answer,mass,false,0.3744783401489258,0.1770833283662796,0.48163041472435,7
sparse_head,1,20,answer,mass,false,0.4323156774044037,0.2395833283662796,0.5295397639274597,7
sparse_head,1,21,answer,mass,false,0.7633223533630371,0.65625,0.8142406344413757,7
sparse_head,1,22,answer,mass,false,0.3027937412261963,0.1354166716337204,0.40863239765167236,7
sparse_head,1,23,answer,mass,false,0.3333341181278229,0.1666666716337204,0.4299999177455902,7
sparse_head,2,0,answer,mass,false,0.742713212966919,0.625,0.7926023602485657,11
sparse_head,2,1,answer,mass,false,0.651557207107544,0.4895833432674408,0.7210755944252014,11
sparse_head,2,2,answer,mass,false,0.7751405239105225,0.6354166865348816,0.8276965618133545,11
sparse_head,2,3,answer,mass,false,0.7878797054290771,0.6875,0.8303750157356262,11
sparse_head,2,4,answer,mass,false,0.5628575086593628,0.3645833432674408,0.6593464016914368,11
sparse_head,2,5,answer,mass,false,0.7418527007102966,0.6145833134651184,0.8019514679908752,11
sparse_head,2,6,answer,mass,false,0.5124494433403015,0.3541666567325592,0.5993037223815918,11
sparse_head,2,7,answer,mass,false,0.4118174612522125,0.1875,0.5355806350708008,11
sparse_head,2,8,answer,mass,false,0.8220610618591309,0.71875,0.8623396754264832,11
sparse_head,2,9,answer,mass,false,0.6417445540428162,0.46875,0.7166969180107117,11
sparse_head,2,10,answer,mass,false,0.46897807717323303,0.25,0.5832836627960205,11
sparse_head,2,11,answer,mass,false,0.7265498638153076,0.59375,0.7838608622550964,11
sparse_head,2,12,answer,mass,false,0.776024580001831,0.6666666865348816,0.8184381127357483,11
sparse_head,2,13,answer,mass,false,0.5419444441795349,0.3645833432674408,0.6332790851593018,11
sparse_head,2,14,answer,mass,false,0.8152115941047668,0.71875,0.8542984127998352,11
sparse_head,2,15,answer,mass,false,0.42504122853279114,0.2083333283662796,0.5282151103019714,11
sparse_head,2,16,answer,mass,false,0.683060884475708,0.53125,0.7501497864723206,11
sparse_head,2,17,answer,mass,false,0.6586558222770691,0.5104166865348816,0.7339859008789062,11
sparse_head,2,18,answer,mass,false,0.8387987613677979,0.75,0.8691849708557129,11
sparse_head,2,19,answer,mass,false,0.7135065197944641,0.5729166865348816,0.7802024483680725,11
sparse_head,2,20,answer,mass,false,0.7592566013336182,0.6458333134651184,0.8087772727012634,11
sparse_head,2,21,answer,mass,false,0.314791738986969,0.1666666716337204,0.41466188430786133,11
sparse_head,2,22,answer,mass,false,0.22681228816509247,0.0625,0.29768940806388855,11
sparse_head,2,23,answer,mass,false,0.791728675365448,0.7083333134651184,0.8293657898902893,11
sparse_head,3,0,answer,mass,false,0.7007035613059998,0.5625,0.7610607147216797,15
sparse_head,3,1,answer,mass,false,0.746009349822998,0.625,0.798786461353302,15
sparse_head,3,2,answer,mass,false,0.8739990592002869,0.8020833134651184,0.8988056778907776,15
sparse_head,3,3,answer,mass,false,0.8458223938941956,0.7604166865348816,0.8749611377716064,15
sparse_head,3,4,answer,mass,false,0.8625645041465759,0.7916666865348816,0.8899786472320557,15
sparse_head,3,5,answer,mass,false,0.7663152813911438,0.6458333134651184,0.8202534317970276,15
sparse_head,3,6,answer,mass,false,0.7769277095794678,0.6666666865348816,0.8252301216125488,15
sparse_head,3,7,answer,mass,false,0.8199899792671204,0.7291666865348816,0.8606265187263489,15
sparse_head,3,8,answer,mass,false,0.6217241287231445,0.4583333432674408,0.7066543102264404,15
sparse_head,3,9,answer,mass,false,0.8622891902923584,0.7916666865348816,0.8867852687835693,15
sparse_head,3,10,answer,mass,false,0.7904002070426941,0.6875,0.8295187950134277,15
sparse_head,3,11,answer,mass,false,0.8040054440498352,0.7083333134651184,0.8484821319580078,15
sparse_head,3,12,answer,mass,false,0.8332011103630066,0.75,0.8707489371299744,15
sparse_head,3,13,answer,mass,false,0.7665619850158691,0.65625,0.8107755780220032,15
sparse_head,3,14,answer,mass,false,0.8123836517333984,0.7083333134651184,0.8525271415710449,15
sparse_head,3,15,answer,mass,false,0.8448963761329651,0.7708333134651184,0.8765063285827637,15
sparse_head,3,16,answer,mass,false,0.8357908129692078,0.75,0.8725733160972595,15
sparse_head,3,17,answer,mass,false,0.8008513450622559,0.6979166865348816,0.8429465293884277,15
sparse_head,3,18,answer,mass,false,0.8040285110473633,0.7291666865348816,0.8391156792640686,15
sparse_head,3,19,answer,mass,false,0.704986572265625,0.5416666865348816,0.7656998038291931,15
sparse_head,3,20,answer,mass,false,0.8238756656646729,0.7395833134651184,0.8574933409690857,15
sparse_head,3,21,answer,mass,false,0.621487557888031,0.4375,0.7007042765617371,15
sparse_head,3,22,answer,mass,false,0.7586395740509033,0.6354166865348816,0.8082192540168762,15
sparse_head,3,23,answer,mass,false,0.7948392033576965,0.6979166865348816,0.8385745882987976,15
sparse_head,4,0,answer,mass,false,0.3507523238658905,0.0833333358168602,0.4699867069721222,19
sparse_head,4,1,answer,mass,false,0.8270336985588074,0.7395833134651184,0.868701159954071,19
sparse_head,4,2,answer,mass,false,0.8669112324714661,0.8020833134651184,0.8928391337394714,19
sparse_head,4,3,answer,mass,false,0.7129996418952942,0.5729166865348816,0.7707465291023254,19
sparse_head,4,4,answer,mass,false,0.7227430939674377,0.5729166865348816,0.7842392921447754,19
sparse_head,4,5,answer,mass,false,0.7682870030403137,0.65625,0.8182007670402527,19
sparse_head,4,6,answer,mass,false,0.861760139465332,0.8020833134651184,0.8945099711418152,19
sparse_head,4,7,answer,mass,false,0.8595231175422668,0.7916666865348816,0.8901071548461914,19
sparse_head,4,8,answer,mass,false,0.8446515202522278,0.7604166865348816,0.8793749809265137,19
sparse_head,4,9,answer,mass,false,0.6547216773033142,0.5104166865348816,0.7219185829162598,19
sparse_head,4,10,answer,mass,false,0.8072589039802551,0.7083333134651184,0.848350465297699,19
sparse_head,4,11,answer,mass,false,0.8626160621643066,0.78125,0.893074095249176,19
sparse_head,4,12,answer,mass,false,0.8138603568077087,0.71875,0.8556213974952698,19
sparse_head,4,13,answer,mass,false,0.8225284218788147,0.75,0.8587710857391357,19
sparse_head,4,14,answer,mass,false,0.8120860457420349,0.7291666865348816,0.8508562445640564,19
sparse_head,4,15,answer,mass,false,0.7995619773864746,0.6979166865348816,0.8477168083190918,19
sparse_head,4,16,answer,mass,false,0.7542782425880432,0.625,0.8111820220947266,19
sparse_head,4,17,answer,mass,false,0.8543939590454102,0.78125,0.8895752429962158,19
sparse_head,4,18,answer,mass,false,0.719531238079071,0.5833333134651184,0.7781206965446472,19
sparse_head,4,19,answer,mass,false,0.877356231212616,0.8125,0.904017984867096,19
sparse_head,4,20,answer,mass,false,0.8860490322113037,0.8333333134651184,0.9130260348320007,19
sparse_head,4,21,answer,mass,false,0.8672288060188293,0.8020833134651184,0.8990957736968994,19
sparse_head,4,22,answer,mass,false,0.7865166068077087,0.6979166865348816,0.8314425349235535,19
sparse_head,4,23,answer,mass,false,0.8689106106758118,0.8020833134651184,0.8975616097450256,19
sparse_head,5,0,answer,mass,false,0.8516197204589844,0.7708333134651184,0.88472580909729,23
sparse_head,5,1,answer,mass,false,0.8303565382957458,0.7604166865348816,0.8678081631660461,23
sparse_head,5,2,answer,mass,false,0.8717303276062012,0.8125,0.902485191822052,23
sparse_head,5,3,answer,mass,false,0.8864038586616516,0.8333333134651184,0.9109013676643372,23
sparse_head,5,4,answer,mass,false,0.9034891128540039,0.8541666865348816,0.9236702919006348,23
sparse_head,5,5,answer,mass,false,0.802504301071167,0.7083333134651184,0.8468449711799622,23
sparse_head,5,6,answer,mass,false,0.8780381679534912,0.8125,0.9049486517906189,23
sparse_head,5,7,answer,mass,false,0.8561301231384277,0.78125,0.8911266326904297,23
sparse_head,5,8,answer,mass,false,0.8601272702217102,0.7916666865348816,0.8939011096954346,23
sparse_head,5,9,answer,mass,false,0.8846642971038818,0.8229166865348816,0.9127237200737,23
sparse_head,5,10,answer,mass,false,0.8307415843009949,0.7395833134651184,0.8690765500068665,23
sparse_head,5,11,answer,mass,false,0.8555021286010742,0.78125,0.8843660354614258,23
sparse_head,5,12,answer,mass,false,0.9095154404640198,0.8541666865348816,0.9315932393074036,23
sparse_head,5,13,answer,mass,false,0.9193535447120667,0.8854166865348816,0.9384603500366211,23
sparse_head,5,14,answer,mass,false,0.8567377924919128,0.7708333134651184,0.8917403817176819,23
sparse_head,5,15,answer,mass,false,0.8730158805847168,0.8125,0.9036905169487,23
sparse_head,5,16,answer,mass,false,0.9044519066810608,0.84375,0.9280330538749695,23
sparse_head,5,17,answer,mass,false,0.8019876480102539,0.6979166865348816,0.8473856449127197,23
sparse_head,5,18,answer,mass,false,0.9028935432434082,0.84375,0.926858127117157,23
sparse_head,5,19,answer,mass,false,0.8823041319847107,0.8229166865348816,0.9106561541557312,23
sparse_head,5,20,answer,mass,false,0.6818087697029114,0.5520833134651184,0.7398588061332703,23
sparse_head,5,21,answer,mass,false,0.9030671119689941,0.84375,0.9269954562187195,23
sparse_head,5,22,answer,mass,false,0.8779761791229248,0.8020833134651184,0.9080052375793457,23
sparse_head,5,23,answer,mass,false,0.885883092880249,0.8333333134651184,0.9103646278381348,23
sparse_head,6,0,answer,mass,false,0.8730903267860413,0.7916666865348816,0.9049482345581055,27
sparse_head,6,1,answer,mass,false,0.8782117366790771,0.8125,0.9081724286079407,27
sparse_head,6,2,answer,mass,false,0.8987846970558167,0.8333333134651184,0.9240984916687012,27
sparse_head,6,3,answer,mass,false,0.8777034282684326,0.7916666865348816,0.9084823131561279,27
sparse_head,6,4,answer,mass,false,0.8737103343009949,0.8020833134651184,0.9049170613288879,27
sparse_head,6,5,answer,mass,false,0.8860366940498352,0.8125,0.914354145526886,27
sparse_head,6,6,answer,mass,false,0.7430679798126221,0.5729166865348816,0.8075590133666992,27
sparse_head,6,7,answer,mass,false,0.7762565612792969,0.65625,0.8312892913818359,27
sparse_head,6,8,answer,mass,false,0.9323908686637878,0.8958333134651184,0.9490130543708801,27
sparse_head,6,9,answer,mass,false,0.7786751389503479,0.65625,0.830058753490448,27
sparse_head,6,10,answer,mass,false,0.7595887184143066,0.6354166865348816,0.8125256896018982,27
sparse_head,6,11,answer,mass,false,0.8169395327568054,0.6979166865348816,0.8625691533088684,27
sparse_head,6,12,answer,mass,false,0.897089958190918,0.8333333134651184,0.9224560856819153,27
sparse_head,6,13,answer,mass,false,0.7955572009086609,0.6875,0.836413562297821,27
sparse_head,6,14,answer,mass,false,0.9248263239860535,0.875,0.943514347076416,27
sparse_head,6,15,answer,mass,false,0.6629343628883362,0.4791666567325592,0.7421378493309021,27
sparse_head,6,16,answer,mass,false,0.8683159947395325,0.78125,0.9012139439582825,27
sparse_head,6,17,answer,mass,false,0.7636330127716064,0.6354166865348816,0.8152015209197998,27
sparse_head,6,18,answer,mass,false,0.9047412872314453,0.8541666865348816,0.9276654124259949,27
sparse_head,6,19,answer,mass,false,0.8974950313568115,0.8333333134651184,0.9199621081352234,27
sparse_head,6,20,answer,mass,false,0.8817129135131836,0.8125,0.9106995463371277,27
sparse_head,6,21,answer,mass,false,0.49999698996543884,0.28125,0.6074357032775879,27
sparse_head,6,22,answer,mass,false,0.6487314105033875,0.4791666567325592,0.730743944644928,27
sparse_head,6,23,answer,mass,false,0.8868634700775146,0.8125,0.9150211811065674,27
sparse_head,7,0,answer,mass,false,0.7357060313224792,0.5625,0.8018212914466858,31
sparse_head,7,1,answer,mass,false,0.8540999293327332,0.75,0.8881635069847107,31
sparse_head,7,2,answer,mass,false,0.909288227558136,0.8541666865348816,0.9318463802337646,31
sparse_head,7,3,answer,mass,false,0.9216270446777344,0.8645833134651184,0.9414663314819336,31
sparse_head,7,4,answer,mass,false,0.896780252456665,0.8333333134651184,0.9194269776344299,31
sparse_head,7,5,answer,mass,false,0.9027777314186096,0.8229166865348816,0.9278245568275452,31
sparse_head,7,6,answer,mass,false,0.8935763835906982,0.8229166865348816,0.9203343391418457,31
sparse_head,7,7,answer,mass,false,0.8807291984558105,0.8125,0.9102263450622559,31
sparse_head,7,8,answer,mass,false,0.752951443195343,0.6041666865348816,0.8144152164459229,31
sparse_head,7,9,answer,mass,false,0.9296875,0.8854166865348816,0.9473076462745667,31
sparse_head,7,10,answer,mass,false,0.8713541626930237,0.7708333134651184,0.9040250182151794,31
sparse_head,7,11,answer,mass,false,0.9106895327568054,0.84375,0.9332405924797058,31
sparse_head,7,12,answer,mass,false,0.9017361998558044,0.8229166865348816,0.9268312454223633,31
sparse_head,7,13,answer,mass,false,0.871874988079071,0.7916666865348816,0.9039068818092346,31
sparse_head,7,14,answer,mass,false,0.9135416150093079,0.84375,0.9356986880302429,31
sparse_head,7,15,answer,mass,false,0.8887152671813965,0.8229166865348816,0.9164817333221436,31
sparse_head,7,16,answer,mass,false,0.8923611044883728,0.8229166865348816,0.9193467497825623,31
sparse_head,7,17,answer,mass,false,0.9009549021720886,0.84375,0.9255130290985107,31
sparse_head,7,18,answer,mass,false,0.8743055462837219,0.8020833134651184,0.9055282473564148,31
sparse_head,7,19,answer,mass,false,0.7970899939537048,0.6979166865348816,0.8467207551002502,31
sparse_head,7,20,answer,mass,false,0.92578125,0.8645833134651184,0.9446496963500977,31
sparse_head,7,21,answer,mass,false,0.77103590965271,0.625,0.8282652497291565,31
sparse_head,7,22,answer,mass,false,0.8678820133209229,0.78125,0.9011037945747375,31
sparse_head,7,23,answer,mass,false,0.8774304986000061,0.7916666865348816,0.90826416015625,31
sparse_head,8,0,answer,mass,false,0.40169453620910645,0.15625,0.5356457233428955,35
sparse_head,8,1,answer,mass,false,0.9372519850730896,0.8854166865348816,0.9532468318939209,35
sparse_head,8,2,answer,mass,false,0.9161458015441895,0.8541666865348816,0.9373231530189514,35
sparse_head,8,3,answer,mass,false,0.8914062976837158,0.8125,0.9186591506004333,35
sparse_head,8,4,answer,mass,false,0.8851686120033264,0.8020833134651184,0.9142275452613831,35
sparse_head,8,5,answer,mass,false,0.9357638955116272,0.8854166865348816,0.9521212577819824,35
sparse_head,8,6,answer,mass,false,0.9045138955116272,0.8229166865348816,0.929054319858551,35
sparse_head,8,7,answer,mass,false,0.9409722685813904,0.8958333134651184,0.9559657573699951,35
sparse_head,8,8,answer,mass,false,0.908933162689209,0.8333333134651184,0.9291884303092957,35
sparse_head,8,9,answer,mass,false,0.6694490313529968,0.5104166865348816,0.7430636286735535,35
sparse_head,8,10,answer,mass,false,0.9048611521720886,0.8229166865348816,0.929373562335968,35
sparse_head,8,11,answer,mass,false,0.9309027791023254,0.875,0.9485960602760315,35
sparse_head,8,12,answer,mass,false,0.9378473162651062,0.8854166865348816,0.9538043141365051,35
sparse_head,8,13,answer,mass,false,0.9252025485038757,0.875,0.9436938166618347,35
sparse_head,8,14,answer,mass,false,0.9210483431816101,0.8645833134651184,0.9407575726509094,35
sparse_head,8,15,answer,mass,false,0.9017361998558044,0.8333333134651184,0.9233813285827637,35
sparse_head,8,16,answer,mass,false,0.8743055462837219,0.78125,0.9060490727424622,35
sparse_head,8,17,answer,mass,false,0.9222221970558167,0.8645833134651184,0.9417559504508972,35
sparse_head,8,18,answer,mass,false,0.8827381134033203,0.8020833134651184,0.9120303988456726,35
sparse_head,8,19,answer,mass,false,0.9699074625968933,0.9479166865348816,0.9773411750793457,35
sparse_head,8,20,answer,mass,false,0.9534721970558167,0.9166666865348816,0.9653378129005432,35
sparse_head,8,21,answer,mass,false,0.9534721970558167,0.9166666865348816,0.9653377532958984,35
sparse_head,8,22,answer,mass,false,0.8783854842185974,0.7916666865348816,0.909018337726593,35
sparse_head,8,23,answer,mass,false,0.9356770515441895,0.8854166865348816,0.9518821239471436,35
sparse_head,9,0,answer,mass,false,0.9230902791023254,0.8645833134651184,0.9426655769348145,39
sparse_head,9,1,answer,mass,false,0.9375,0.8854166865348816,0.9534850716590881,39
sparse_head,9,2,answer,mass,false,0.9444444179534912,0.8958333134651184,0.9586935043334961,39
sparse_head,9,3,answer,mass,false,0.9283854365348816,0.875,0.9463545680046082,39
sparse_head,9,4,answer,mass,false,0.9548611044883728,0.9166666865348816,0.9663823246955872,39
sparse_head,9,5,answer,mass,false,0.9279513955116272,0.8645833134651184,0.9465720057487488,39
sparse_head,9,6,answer,mass,false,0.9314236640930176,0.875,0.9490525722503662,39
sparse_head,9,7,answer,mass,false,0.9175348281860352,0.8541666865348816,0.9386358857154846,39
sparse_head,9,8,answer,mass,false,0.9413195252418518,0.8958333134651184,0.9562850594520569,39
sparse_head,9,9,answer,mass,false,0.9470486640930176,0.90625,0.96058589220047,39
sparse_head,9,10,answer,mass,false,0.936631977558136,0.8854166865348816,0.9528970122337341,39
sparse_head,9,11,answer,mass,false,0.940538227558136,0.8958333134651184,0.9555413722991943,39
sparse_head,9,12,answer,mass,false,0.9453125,0.8958333134651184,0.9594691395759583,39
sparse_head,9,13,answer,mass,false,0.9473958015441895,0.90625,0.9607711434364319,39
sparse_head,9,14,answer,mass,false,0.8982639312744141,0.8229166865348816,0.9241034388542175,39
sparse_head,9,15,answer,mass,false,0.9301214814186096,0.875,0.9478524327278137,39
sparse_head,9,16,answer,mass,false,0.9340278506278992,0.875,0.951138436794281,39
sparse_head,9,17,answer,mass,false,0.9135416150093079,0.8541666865348816,0.9351837635040283,39
sparse_head,9,18,answer,mass,false,0.9291666150093079,0.875,0.9472322463989258,39
sparse_head,9,19,answer,mass,false,0.9470486640930176,0.90625,0.9605860114097595,39
sparse_head,9,20,answer,mass,false,0.918055534362793,0.8541666865348816,0.9387097954750061,39
sparse_head,9,21,answer,mass,false,0.9544270634651184,0.9166666865348816,0.9659580588340759,39
sparse_head,9,22,answer,mass,false,0.94047611951828,0.8958333134651184,0.9553553462028503,39
sparse_head,9,23,answer,mass,false,0.736747682094574,0.5625,0.8025734424591064,39
sparse_head,10,0,answer,mass,false,0.9270833134651184,0.8645833134651184,0.9457961916923523,43
sparse_head,10,1,answer,mass,false,0.9277777671813965,0.875,0.9460535049438477,43
sparse_head,10,2,answer,mass,false,0.9170138835906982,0.8541666865348816,0.93804532289505,43
sparse_head,10,3,answer,mass,false,0.934895932674408,0.8854166865348816,0.9515332579612732,43
sparse_head,10,4,answer,mass,false,0.946527898311615,0.90625,0.9601294994354248,43
sparse_head,10,5,answer,mass,false,0.9257813096046448,0.875,0.9444025158882141,43
sparse_head,10,6,answer,mass,false,0.7231151461601257,0.5625,0.7916480898857117,43
sparse_head,10,7,answer,mass,false,0.9548611044883728,0.9270833134651184,0.9660013318061829,43
sparse_head,10,8,answer,mass,false,0.9444444179534912,0.90625,0.9584464430809021,43
sparse_head,10,9,answer,mass,false,0.917881965637207,0.8645833134651184,0.9384400844573975,43
sparse_head,10,10,answer,mass,false,0.9172866940498352,0.8541666865348816,0.9382635951042175,43
sparse_head,10,11,answer,mass,false,0.9487847685813904,0.90625,0.9619498252868652,43
sparse_head,10,12,answer,mass,false,0.9162326455116272,0.8541666865348816,0.9373018145561218,43
sparse_head,10,13,answer,mass,false,0.9231770634651184,0.8645833134651184,0.9425101280212402,43
sparse_head,10,14,answer,mass,false,0.918749988079071,0.8541666865348816,0.9394092559814453,43
sparse_head,10,15,answer,mass,false,0.8815972208976746,0.8020833134651184,0.9111703038215637,43
sparse_head,10,16,answer,mass,false,0.9263889193534851,0.875,0.9447157382965088,43
sparse_head,10,17,answer,mass,false,0.932291567325592,0.8854166865348816,0.9493935704231262,43
sparse_head,10,18,answer,mass,false,0.930654764175415,0.8854166865348816,0.9478426575660706,43
sparse_head,10,19,answer,mass,false,0.9170138835906982,0.8541666865348816,0.9380454421043396,43
sparse_head,10,20,answer,mass,false,0.9323907494544983,0.8854166865348816,0.9493405222892761,43
sparse_head,10,21,answer,mass,false,0.9087094664573669,0.8541666865348816,0.9311912059783936,43
sparse_head,10,22,answer,mass,false,0.9144096970558167,0.8541666865348816,0.9360933303833008,43
sparse_head,10,23,answer,mass,false,0.921875,0.8645833134651184,0.9417045712471008,43
sparse_head,11,0,answer,mass,false,0.9600694179534912,0.9270833134651184,0.9702269434928894,47
sparse_head,11,1,answer,mass,false,0.9754464030265808,0.9583333134651184,0.9815220832824707,47
sparse_head,11,2,answer,mass,false,0.9366319179534912,0.8958333134651184,0.9523820281028748,47
sparse_head,11,3,answer,mass,false,0.9548611044883728,0.9166666865348816,0.9663825035095215,47
sparse_head,11,4,answer,mass,false,0.90625,0.8333333134651184,0.9303051829338074,47
sparse_head,11,5,answer,mass,false,0.9250991344451904,0.8645833134651184,0.9441940784454346,47
sparse_head,11,6,answer,mass,false,0.9393353462219238,0.8958333134651184,0.9545490145683289,47
sparse_head,11,7,answer,mass,false,0.9358630180358887,0.8854166865348816,0.9520682692527771,47
sparse_head,11,8,answer,mass,false,0.9097222685813904,0.8333333134651184,0.9328988194465637,47
sparse_head,11,9,answer,mass,false,0.9347221851348877,0.8854166865348816,0.9512618184089661,47
sparse_head,11,10,answer,mass,false,0.9479166865348816,0.90625,0.9612277150154114,47
sparse_head,11,11,answer,mass,false,0.8996527791023254,0.8333333134651184,0.924820601940155,47
sparse_head,11,12,answer,mass,false,0.8640625476837158,0.7708333134651184,0.8985183238983154,47
sparse_head,11,13,answer,mass,false,0.8796296119689941,0.7916666865348816,0.9099125862121582,47
sparse_head,11,14,answer,mass,false,0.9222223162651062,0.8541666865348816,0.942270815372467,47
sparse_head,11,15,answer,mass,false,0.8283854126930237,0.7083333134651184,0.87162846326828,47
sparse_head,11,16,answer,mass,false,0.9230324625968933,0.8541666865348816,0.9427407383918762,47
sparse_head,11,17,answer,mass,false,0.8313413262367249,0.71875,0.8704292178153992,47
sparse_head,11,18,answer,mass,false,0.7910590171813965,0.6666666865348816,0.8428711891174316,47
sparse_head,11,19,answer,mass,false,0.5210759043693542,0.2604166567325592,0.6331959366798401,47
sparse_head,11,20,answer,mass,false,0.8892360329627991,0.8020833134651184,0.9143903255462646,47
sparse_head,11,21,answer,mass,false,0.9097222685813904,0.8333333134651184,0.9329524636268616,47
sparse_head,11,22,answer,mass,false,0.7715690732002258,0.625,0.8281810879707336,47
sparse_head,11,23,answer,mass,false,0.8916666507720947,0.8020833134651184,0.91916823387146,47
sparse_head_top16_cv,-1,-1,answer,mass,false,0.9586805701255798,0.9270833134651184,0.9691823124885559,-1
sparse_head_top16_cv_gated,-1,-1,answer,mass,false,0.9586805701255798,0.9270833134651184,0.9691823124885559,-1
sparse_head_all_mean,-1,-1,answer,mass,false,0.9461805820465088,0.90625,0.9598102569580078,-1
sparse_head,0,0,answer,mass,true,0.2822469174861908,0.1145833358168602,0.37584033608436584,3
sparse_head,0,1,answer,mass,true,0.35068371891975403,0.1666666716337204,0.41899773478507996,3
sparse_head,0,2,answer,mass,true,0.33119964599609375,0.1875,0.387879878282547,3
sparse_head,0,3,answer,mass,true,0.28741714358329773,0.125,0.3643244802951813,3
sparse_head,0,4,answer,mass,true,0.2810766398906708,0.125,0.35428890585899353,3
sparse_head,0,5,answer,mass,true,0.3949521481990814,0.2708333432674408,0.4461266100406647,3
sparse_head,0,6,answer,mass,true,0.4490394592285156,0.3125,0.47594237327575684,3
sparse_head,0,7,answer,mass,true,0.30288851261138916,0.1041666641831398,0.39596232771873474,3
sparse_head,0,8,answer,mass,true,0.3363974988460541,0.1875,0.40376588702201843,3
sparse_head,0,9,answer,mass,true,0.4826561510562897,0.34375,0.5219462513923645,3
sparse_head,0,10,answer,mass,true,0.24633632600307465,0.0833333358168602,0.33813801407814026,3
sparse_head,0,11,answer,mass,true,0.26697471737861633,0.09375,0.3585730791091919,3
sparse_head,0,12,answer,mass,true,0.2570038139820099,0.09375,0.32086241245269775,3
sparse_head,0,13,answer,mass,true,0.25465789437294006,0.09375,0.32408368587493896,3
sparse_head,0,14,answer,mass,true,0.28839918971061707,0.1354166716337204,0.3599725663661957,3
sparse_head,0,15,answer,mass,true,0.26120051741600037,0.09375,0.3158435523509979,3
sparse_head,0,16,answer,mass,true,0.28443893790245056,0.1666666716337204,0.2862171232700348,3
sparse_head,0,17,answer,mass,true,0.21672646701335907,0.0520833320915699,0.30348697304725647,3
sparse_head,0,18,answer,mass,true,0.22174739837646484,0.0729166641831398,0.2874867618083954,3
sparse_head,0,19,answer,mass,true,0.20019519329071045,0.0416666679084301,0.27646347880363464,3
sparse_head,0,20,answer,mass,true,0.3720879852771759,0.28125,0.3622678518295288,3
sparse_head,0,21,answer,mass,true,0.30274447798728943,0.1354166716337204,0.3804338276386261,3
sparse_head,0,22,answer,mass,true,0.576646625995636,0.4895833432674408,0.596634030342102,3
sparse_head,0,23,answer,mass,true,0.30390408635139465,0.1770833283662796,0.33988824486732483,3
sparse_head,1,0,answer,mass,true,0.32284876704216003,0.2395833283662796,0.3063085079193115,7
sparse_head,1,1,answer,mass,true,0.4512116014957428,0.3333333432674408,0.47439900040626526,7
sparse_head,1,2,answer,mass,true,0.5485002994537354,0.4583333432674408,0.5572847127914429,7
sparse_head,1,3,answer,mass,true,0.553399384021759,0.4583333432674408,0.5726012587547302,7
sparse_head,1,4,answer,mass,true,0.6057161688804626,0.4895833432674408,0.6318812966346741,7
sparse_head,1,5,answer,mass,true,0.5887581706047058,0.46875,0.6046131253242493,7
sparse_head,1,6,answer,mass,true,0.47439971566200256,0.3645833432674408,0.48346972465515137,7
sparse_head,1,7,answer,mass,true,0.48607325553894043,0.4270833432674408,0.47577595710754395,7
sparse_head,1,8,answer,mass,true,0.39995792508125305,0.2291666716337204,0.46096500754356384,7
sparse_head,1,9,answer,mass,true,0.46069633960723877,0.34375,0.48915207386016846,7
sparse_head,1,10,answer,mass,true,0.43857038021087646,0.3645833432674408,0.43089619278907776,7
sparse_head,1,11,answer,mass,true,0.4223651587963104,0.2395833283662796,0.5074983835220337,7
sparse_head,1,12,answer,mass,true,0.2929503917694092,0.1458333283662796,0.3693883419036865,7
sparse_head,1,13,answer,mass,true,0.3789360523223877,0.21875,0.43170592188835144,7
sparse_head,1,14,answer,mass,true,0.19204752147197723,0.0833333358168602,0.21687418222427368,7
sparse_head,1,15,answer,mass,true,0.3043168783187866,0.1354166716337204,0.36410650610923767,7
sparse_head,1,16,answer,mass,true,0.23869502544403076,0.09375,0.31539252400398254,7
sparse_head,1,17,answer,mass,true,0.6211073398590088,0.53125,0.6337067484855652,7
sparse_head,1,18,answer,mass,true,0.26374319195747375,0.1666666716337204,0.2777532637119293,7
sparse_head,1,19,answer,mass,true,0.307000070810318,0.1875,0.3518642485141754,7
sparse_head,1,20,answer,mass,true,0.42835941910743713,0.2395833283662796,0.5160613656044006,7
sparse_head,1,21,answer,mass,true,0.5247122049331665,0.4166666567325592,0.564079225063324,7
sparse_head,1,22,answer,mass,true,0.2032335251569748,0.0729166641831398,0.2563851475715637,7
sparse_head,1,23,answer,mass,true,0.1770944744348526,0.0416666679084301,0.24312353134155273,7
sparse_head,2,0,answer,mass,true,0.6479216814041138,0.5416666865348816,0.6718695163726807,11
sparse_head,2,1,answer,mass,true,0.5377209782600403,0.3958333432674408,0.5763621926307678,11
sparse_head,2,2,answer,mass,true,0.6952860355377197,0.5833333134651184,0.7329122424125671,11
sparse_head,2,3,answer,mass,true,0.7011429667472839,0.6041666865348816,0.7309558391571045,11
sparse_head,2,4,answer,mass,true,0.5365349650382996,0.3854166567325592,0.6064783930778503,11
sparse_head,2,5,answer,mass,true,0.46175143122673035,0.3333333432674408,0.4955242872238159,11
sparse_head,2,6,answer,mass,true,0.45321163535118103,0.3333333432674408,0.49055323004722595,11
sparse_head,2,7,answer,mass,true,0.45121893286705017,0.2604166567325592,0.5361297130584717,11
sparse_head,2,8,answer,mass,true,0.636910080909729,0.5416666865348816,0.6662676334381104,11
sparse_head,2,9,answer,mass,true,0.25576120615005493,0.1666666716337204,0.2582184374332428,11
sparse_head,2,10,answer,mass,true,0.3798011839389801,0.25,0.4221545159816742,11
sparse_head,2,11,answer,mass,true,0.47346726059913635,0.375,0.4748622179031372,11
sparse_head,2,12,answer,mass,true,0.6776456236839294,0.6041666865348816,0.6939262747764587,11
sparse_head,2,13,answer,mass,true,0.3247740566730499,0.1979166716337204,0.3622146546840668,11
sparse_head,2,14,answer,mass,true,0.700799286365509,0.625,0.7180824279785156,11
sparse_head,2,15,answer,mass,true,0.4388892650604248,0.2604166567325592,0.508434534072876,11
sparse_head,2,16,answer,mass,true,0.556730329990387,0.4479166567325592,0.596895158290863,11
sparse_head,2,17,answer,mass,true,0.6176276206970215,0.46875,0.6584839820861816,11
sparse_head,2,18,answer,mass,true,0.7131941914558411,0.6458333134651184,0.7216429710388184,11
sparse_head,2,19,answer,mass,true,0.410854697227478,0.3125,0.4176454246044159,11
sparse_head,2,20,answer,mass,true,0.745107889175415,0.6354166865348816,0.7772008776664734,11
sparse_head,2,21,answer,mass,true,0.35952529311180115,0.2083333283662796,0.42380157113075256,11
sparse_head,2,22,answer,mass,true,0.3812774121761322,0.1875,0.4901163578033447,11
sparse_head,2,23,answer,mass,true,0.7011897563934326,0.6145833134651184,0.7304573655128479,11
sparse_head,3,0,answer,mass,true,0.7075580954551697,0.5833333134651184,0.7570154666900635,15
sparse_head,3,1,answer,mass,true,0.4400040805339813,0.3645833432674408,0.44987714290618896,15
sparse_head,3,2,answer,mass,true,0.7474362254142761,0.6770833134651184,0.7649261355400085,15
sparse_head,3,3,answer,mass,true,0.6241200566291809,0.5520833134651184,0.6398833394050598,15
sparse_head,3,4,answer,mass,true,0.6971580386161804,0.6458333134651184,0.6940751671791077,15
sparse_head,3,5,answer,mass,true,0.6415812373161316,0.5104166865348816,0.6861011981964111,15
sparse_head,3,6,answer,mass,true,0.6211703419685364,0.5520833134651184,0.6374879479408264,15
sparse_head,3,7,answer,mass,true,0.7284099459648132,0.625,0.75766521692276,15
sparse_head,3,8,answer,mass,true,0.28029027581214905,0.1770833283662796,0.30845361948013306,15
sparse_head,3,9,answer,mass,true,0.8058763146400452,0.7395833134651184,0.8253490924835205,15
sparse_head,3,10,answer,mass,true,0.6990475654602051,0.5833333134651184,0.7356329560279846,15
sparse_head,3,11,answer,mass,true,0.7177080512046814,0.625,0.7491087317466736,15
sparse_head,3,12,answer,mass,true,0.7810019850730896,0.7083333134651184,0.8040900230407715,15
sparse_head,3,13,answer,mass,true,0.6703870296478271,0.5833333134651184,0.7111904621124268,15
sparse_head,3,14,answer,mass,true,0.6275725364685059,0.5625,0.6286192536354065,15
sparse_head,3,15,answer,mass,true,0.7263606190681458,0.6458333134651184,0.7467918395996094,15
sparse_head,3,16,answer,mass,true,0.562715470790863,0.5,0.5690781474113464,15
sparse_head,3,17,answer,mass,true,0.7373883724212646,0.6458333134651184,0.7732687592506409,15
sparse_head,3,18,answer,mass,true,0.6126433610916138,0.5208333134651184,0.638231098651886,15
sparse_head,3,19,answer,mass,true,0.6012392640113831,0.4791666567325592,0.6221548318862915,15
sparse_head,3,20,answer,mass,true,0.6778313517570496,0.6041666865348816,0.6881152987480164,15
sparse_head,3,21,answer,mass,true,0.5999995470046997,0.4479166567325592,0.6619526743888855,15
sparse_head,3,22,answer,mass,true,0.6313996315002441,0.5104166865348816,0.6658421158790588,15
sparse_head,3,23,answer,mass,true,0.6526756286621094,0.5625,0.6777696013450623,15
sparse_head,4,0,answer,mass,true,0.4629652500152588,0.28125,0.5537269711494446,19
sparse_head,4,1,answer,mass,true,0.500884473323822,0.4166666567325592,0.5074253082275391,19
sparse_head,4,2,answer,mass,true,0.7570843696594238,0.6770833134651184,0.7823178768157959,19
sparse_head,4,3,answer,mass,true,0.1668068766593933,0.0625,0.15973864495754242,19
sparse_head,4,4,answer,mass,true,0.5621137619018555,0.4270833432674408,0.6057075262069702,19
sparse_head,4,5,answer,mass,true,0.3712162971496582,0.28125,0.3717651069164276,19
sparse_head,4,6,answer,mass,true,0.7175062298774719,0.6458333134651184,0.7304167151451111,19
sparse_head,4,7,answer,mass,true,0.7997886538505554,0.71875,0.8272033333778381,19
sparse_head,4,8,answer,mass,true,0.6473263502120972,0.5625,0.6677727103233337,19
sparse_head,4,9,answer,mass,true,0.3924752175807953,0.2916666567325592,0.41301488876342773,19
sparse_head,4,10,answer,mass,true,0.669532060623169,0.5729166865348816,0.6883363723754883,19
sparse_head,4,11,answer,mass,true,0.7109675407409668,0.6354166865348816,0.7173567414283752,19
sparse_head,4,12,answer,mass,true,0.4030354917049408,0.3125,0.4178898334503174,19
sparse_head,4,13,answer,mass,true,0.6560991406440735,0.5833333134651184,0.6941821575164795,19
sparse_head,4,14,answer,mass,true,0.7067009806632996,0.625,0.7341430187225342,19
sparse_head,4,15,answer,mass,true,0.6924252510070801,0.5833333134651184,0.7267508506774902,19
sparse_head,4,16,answer,mass,true,0.7089238166809082,0.6041666865348816,0.7488653063774109,19
sparse_head,4,17,answer,mass,true,0.7296045422554016,0.65625,0.7514632344245911,19
sparse_head,4,18,answer,mass,true,0.2892889678478241,0.1875,0.3103446364402771,19
sparse_head,4,19,answer,mass,true,0.7271990776062012,0.6354166865348816,0.7429019808769226,19
sparse_head,4,20,answer,mass,true,0.7615144848823547,0.6666666865348816,0.7893824577331543,19
sparse_head,4,21,answer,mass,true,0.7904062867164612,0.7083333134651184,0.816883385181427,19
sparse_head,4,22,answer,mass,true,0.34704264998435974,0.25,0.35638877749443054,19
sparse_head,4,23,answer,mass,true,0.5322012305259705,0.4791666567325592,0.5278516411781311,19
sparse_head,5,0,answer,mass,true,0.5218755006790161,0.4375,0.5246387124061584,23
sparse_head,5,1,answer,mass,true,0.5510885119438171,0.4583333432674408,0.5585634112358093,23
sparse_head,5,2,answer,mass,true,0.624417245388031,0.5520833134651184,0.6372733116149902,23
sparse_head,5,3,answer,mass,true,0.6297651529312134,0.5520833134651184,0.644969642162323,23
sparse_head,5,4,answer,mass,true,0.7703928351402283,0.6979166865348816,0.7897548079490662,23
sparse_head,5,5,answer,mass,true,0.6369709968566895,0.5416666865348816,0.6712759137153625,23
sparse_head,5,6,answer,mass,true,0.7168191075325012,0.65625,0.7241813540458679,23
sparse_head,5,7,answer,mass,true,0.764415979385376,0.6666666865348816,0.7978407740592957,23
sparse_head,5,8,answer,mass,true,0.7869754433631897,0.6979166865348816,0.8146839141845703,23
sparse_head,5,9,answer,mass,true,0.7881910800933838,0.71875,0.803372323513031,23
sparse_head,5,10,answer,mass,true,0.750700056552887,0.6770833134651184,0.7715868353843689,23
sparse_head,5,11,answer,mass,true,0.7116020321846008,0.6354166865348816,0.7260715365409851,23
sparse_head,5,12,answer,mass,true,0.8111461997032166,0.7395833134651184,0.8270543217658997,23
sparse_head,5,13,answer,mass,true,0.776681661605835,0.7083333134651184,0.7890815138816833,23
sparse_head,5,14,answer,mass,true,0.6740867495536804,0.59375,0.6889920234680176,23
sparse_head,5,15,answer,mass,true,0.6189741492271423,0.5520833134651184,0.6360711455345154,23
sparse_head,5,16,answer,mass,true,0.7487041354179382,0.6666666865348816,0.7789173126220703,23
sparse_head,5,17,answer,mass,true,0.6965300440788269,0.625,0.711895763874054,23
sparse_head,5,18,answer,mass,true,0.8142001032829285,0.78125,0.8133270144462585,23
sparse_head,5,19,answer,mass,true,0.8149058222770691,0.7395833134651184,0.836204469203949,23
sparse_head,5,20,answer,mass,true,0.5167760848999023,0.4166666567325592,0.5632463693618774,23
sparse_head,5,21,answer,mass,true,0.8657147288322449,0.8229166865348816,0.8714025616645813,23
sparse_head,5,22,answer,mass,true,0.7950783371925354,0.71875,0.817770779132843,23
sparse_head,5,23,answer,mass,true,0.8040922284126282,0.75,0.8175627589225769,23
sparse_head,6,0,answer,mass,true,0.7147426009178162,0.6458333134651184,0.7200720310211182,27
sparse_head,6,1,answer,mass,true,0.7425279021263123,0.6458333134651184,0.780677855014801,27
sparse_head,6,2,answer,mass,true,0.8062086701393127,0.7395833134651184,0.8226575255393982,27
sparse_head,6,3,answer,mass,true,0.7484027743339539,0.65625,0.7816112041473389,27
sparse_head,6,4,answer,mass,true,0.7639012932777405,0.6770833134651184,0.7915329933166504,27
sparse_head,6,5,answer,mass,true,0.610502302646637,0.5416666865348816,0.6185757517814636,27
sparse_head,6,6,answer,mass,true,0.6707361340522766,0.5520833134651184,0.7144225239753723,27
sparse_head,6,7,answer,mass,true,0.6918270587921143,0.5833333134651184,0.7263045310974121,27
sparse_head,6,8,answer,mass,true,0.764094889163971,0.7083333134651184,0.7754011154174805,27
sparse_head,6,9,answer,mass,true,0.5112727880477905,0.4166666567325592,0.5267234444618225,27
sparse_head,6,10,answer,mass,true,0.6241278648376465,0.4791666567325592,0.6869683265686035,27
sparse_head,6,11,answer,mass,true,0.6020427346229553,0.5,0.6331498622894287,27
sparse_head,6,12,answer,mass,true,0.7750324606895447,0.71875,0.784538984298706,27
sparse_head,6,13,answer,mass,true,0.704520046710968,0.5833333134651184,0.7492616772651672,27
sparse_head,6,14,answer,mass,true,0.7984561324119568,0.7291666865348816,0.8117351531982422,27
sparse_head,6,15,answer,mass,true,0.6004042029380798,0.46875,0.6471585035324097,27
sparse_head,6,16,answer,mass,true,0.7235348224639893,0.625,0.7455759048461914,27
sparse_head,6,17,answer,mass,true,0.6535966992378235,0.5520833134651184,0.6906631588935852,27
sparse_head,6,18,answer,mass,true,0.7705302834510803,0.7083333134651184,0.7831652760505676,27
sparse_head,6,19,answer,mass,true,0.6226139664649963,0.5416666865348816,0.6290356516838074,27
sparse_head,6,20,answer,mass,true,0.8303074836730957,0.75,0.8540968894958496,27
sparse_head,6,21,answer,mass,true,0.4218636453151703,0.2916666567325592,0.4842097759246826,27
sparse_head,6,22,answer,mass,true,0.5871866345405579,0.4270833432674408,0.6646857857704163,27
sparse_head,6,23,answer,mass,true,0.8065166473388672,0.7291666865348816,0.8270888924598694,27
sparse_head,7,0,answer,mass,true,0.6512786746025085,0.5,0.700839102268219,31
sparse_head,7,1,answer,mass,true,0.4900550842285156,0.3958333432674408,0.5003766417503357,31
sparse_head,7,2,answer,mass,true,0.7802531719207764,0.6875,0.8008968234062195,31
sparse_head,7,3,answer,mass,true,0.634971022605896,0.5520833134651184,0.6414188742637634,31
sparse_head,7,4,answer,mass,true,0.744600236415863,0.6770833134651184,0.752265989780426,31
sparse_head,7,5,answer,mass,true,0.6978106498718262,0.59375,0.7172269821166992,31
sparse_head,7,6,answer,mass,true,0.644027054309845,0.5625,0.6515517234802246,31
sparse_head,7,7,answer,mass,true,0.6690552234649658,0.5625,0.7011532783508301,31
sparse_head,7,8,answer,mass,true,0.3726503551006317,0.28125,0.3751426637172699,31
sparse_head,7,9,answer,mass,true,0.7258732914924622,0.65625,0.7370966076850891,31
sparse_head,7,10,answer,mass,true,0.7169454097747803,0.625,0.7401944994926453,31
sparse_head,7,11,answer,mass,true,0.791438639163971,0.7083333134651184,0.8120635151863098,31
sparse_head,7,12,answer,mass,true,0.780575692653656,0.6875,0.8045003414154053,31
sparse_head,7,13,answer,mass,true,0.6474723219871521,0.5520833134651184,0.6780648827552795,31
sparse_head,7,14,answer,mass,true,0.6555753350257874,0.5833333134651184,0.6630683541297913,31
sparse_head,7,15,answer,mass,true,0.6267604827880859,0.5625,0.6258205771446228,31
sparse_head,7,16,answer,mass,true,0.5659545063972473,0.4791666567325592,0.5729851126670837,31
sparse_head,7,17,answer,mass,true,0.7529755234718323,0.65625,0.7859442234039307,31
sparse_head,7,18,answer,mass,true,0.6559972167015076,0.5520833134651184,0.6764017939567566,31
sparse_head,7,19,answer,mass,true,0.534331738948822,0.4270833432674408,0.560863196849823,31
sparse_head,7,20,answer,mass,true,0.7903767228126526,0.7291666865348816,0.8048437237739563,31
sparse_head,7,21,answer,mass,true,0.6796266436576843,0.5520833134651184,0.7203209400177002,31
sparse_head,7,22,answer,mass,true,0.5974321365356445,0.5,0.6130447387695312,31
sparse_head,7,23,answer,mass,true,0.6405558586120605,0.5625,0.6506484150886536,31
sparse_head,8,0,answer,mass,true,0.4642915725708008,0.2916666567325592,0.5195557475090027,35
sparse_head,8,1,answer,mass,true,0.5909977555274963,0.5104166865348816,0.6066605448722839,35
sparse_head,8,2,answer,mass,true,0.8049245476722717,0.71875,0.8230995535850525,35
sparse_head,8,3,answer,mass,true,0.3448455333709717,0.2708333432674408,0.32478639483451843,35
sparse_head,8,4,answer,mass,true,0.6799376606941223,0.59375,0.694037914276123,35
sparse_head,8,5,answer,mass,true,0.5773587226867676,0.5104166865348816,0.5731750130653381,35
sparse_head,8,6,answer,mass,true,0.7949569821357727,0.7083333134651184,0.8125324845314026,35
sparse_head,8,7,answer,mass,true,0.8028144240379333,0.75,0.8171886801719666,35
sparse_head,8,8,answer,mass,true,0.7100825309753418,0.59375,0.7358226180076599,35
sparse_head,8,9,answer,mass,true,0.44705018401145935,0.3020833432674408,0.4947693347930908,35
sparse_head,8,10,answer,mass,true,0.7946659922599792,0.7083333134651184,0.8119606971740723,35
sparse_head,8,11,answer,mass,true,0.8085131645202637,0.7291666865348816,0.828622043132782,35
sparse_head,8,12,answer,mass,true,0.5357222557067871,0.4583333432674408,0.5328502655029297,35
sparse_head,8,13,answer,mass,true,0.7186071276664734,0.6458333134651184,0.7291760444641113,35
sparse_head,8,14,answer,mass,true,0.7749566435813904,0.6875,0.7996554374694824,35
sparse_head,8,15,answer,mass,true,0.7254292368888855,0.6354166865348816,0.7413055896759033,35
sparse_head,8,16,answer,mass,true,0.7803571224212646,0.6979166865348816,0.8011314272880554,35
sparse_head,8,17,answer,mass,true,0.7490041851997375,0.65625,0.7735838294029236,35
sparse_head,8,18,answer,mass,true,0.6041237711906433,0.5104166865348816,0.6147392392158508,35
sparse_head,8,19,answer,mass,true,0.7651675343513489,0.6770833134651184,0.7805767059326172,35
sparse_head,8,20,answer,mass,true,0.8164682388305664,0.75,0.8340969681739807,35
sparse_head,8,21,answer,mass,true,0.9105034470558167,0.8645833134651184,0.9266595244407654,35
sparse_head,8,22,answer,mass,true,0.5182154774665833,0.4375,0.515467643737793,35
sparse_head,8,23,answer,mass,true,0.7230964303016663,0.6458333134651184,0.7334546446800232,35
sparse_head,9,0,answer,mass,true,0.6951740384101868,0.6354166865348816,0.6967328190803528,39
sparse_head,9,1,answer,mass,true,0.6800392270088196,0.6145833134651184,0.6789628863334656,39
sparse_head,9,2,answer,mass,true,0.6882185935974121,0.6145833134651184,0.6998217701911926,39
sparse_head,9,3,answer,mass,true,0.7113615870475769,0.6354166865348816,0.7209869027137756,39
sparse_head,9,4,answer,mass,true,0.7545406818389893,0.7083333134651184,0.756518542766571,39
sparse_head,9,5,answer,mass,true,0.7089961171150208,0.6041666865348816,0.7293040156364441,39
sparse_head,9,6,answer,mass,true,0.754936933517456,0.6875,0.7634748816490173,39
sparse_head,9,7,answer,mass,true,0.7978050708770752,0.71875,0.8199275135993958,39
sparse_head,9,8,answer,mass,true,0.7648761868476868,0.6979166865348816,0.7766322493553162,39
sparse_head,9,9,answer,mass,true,0.7422432899475098,0.6666666865348816,0.7542583346366882,39
sparse_head,9,10,answer,mass,true,0.7876922488212585,0.6979166865348816,0.8155596852302551,39
sparse_head,9,11,answer,mass,true,0.7071080207824707,0.6354166865348816,0.723160445690155,39
sparse_head,9,12,answer,mass,true,0.8309895992279053,0.7708333134651184,0.8453102707862854,39
sparse_head,9,13,answer,mass,true,0.8453245759010315,0.7708333134651184,0.8624628186225891,39
sparse_head,9,14,answer,mass,true,0.6764957308769226,0.5833333134651184,0.6924512386322021,39
sparse_head,9,15,answer,mass,true,0.6873771548271179,0.6041666865348816,0.6938209533691406,39
sparse_head,9,16,answer,mass,true,0.763178288936615,0.6979166865348816,0.7751780152320862,39
sparse_head,9,17,answer,mass,true,0.6627169847488403,0.5833333134651184,0.6693734526634216,39
sparse_head,9,18,answer,mass,true,0.7969239354133606,0.7083333134651184,0.8170186877250671,39
sparse_head,9,19,answer,mass,true,0.84330153465271,0.78125,0.8633394241333008,39
sparse_head,9,20,answer,mass,true,0.565273642539978,0.4895833432674408,0.5697863698005676,39
sparse_head,9,21,answer,mass,true,0.8143291473388672,0.75,0.8297388553619385,39
sparse_head,9,22,answer,mass,true,0.8232391476631165,0.7708333134651184,0.8331277370452881,39
sparse_head,9,23,answer,mass,true,0.5860550999641418,0.4583333432674408,0.6253291964530945,39
sparse_head,10,0,answer,mass,true,0.7913752198219299,0.7083333134651184,0.8127267360687256,43
sparse_head,10,1,answer,mass,true,0.731254518032074,0.65625,0.7483171820640564,43
sparse_head,10,2,answer,mass,true,0.7582710385322571,0.6770833134651184,0.7804796099662781,43
sparse_head,10,3,answer,mass,true,0.6625687479972839,0.5520833134651184,0.7040121555328369,43
sparse_head,10,4,answer,mass,true,0.7995142936706543,0.7291666865348816,0.8154077529907227,43
sparse_head,10,5,answer,mass,true,0.7849871516227722,0.71875,0.7980323433876038,43
sparse_head,10,6,answer,mass,true,0.6741518974304199,0.5520833134651184,0.7027420997619629,43
sparse_head,10,7,answer,mass,true,0.802647590637207,0.7395833134651184,0.8148038387298584,43
sparse_head,10,8,answer,mass,true,0.901134729385376,0.8541666865348816,0.9137110114097595,43
sparse_head,10,9,answer,mass,true,0.7186387181282043,0.6458333134651184,0.7318255305290222,43
sparse_head,10,10,answer,mass,true,0.7575394511222839,0.6770833134651184,0.777357816696167,43
sparse_head,10,11,answer,mass,true,0.7982838749885559,0.71875,0.8177488446235657,43
sparse_head,10,12,answer,mass,true,0.772947371006012,0.71875,0.7823135256767273,43
sparse_head,10,13,answer,mass,true,0.784071147441864,0.7083333134651184,0.8038288950920105,43
sparse_head,10,14,answer,mass,true,0.7510396838188171,0.6666666865348816,0.7780618071556091,43
sparse_head,10,15,answer,mass,true,0.6141985058784485,0.5,0.6595433354377747,43
sparse_head,10,16,answer,mass,true,0.754522979259491,0.6875,0.765582263469696,43
sparse_head,10,17,answer,mass,true,0.7735722064971924,0.6979166865348816,0.7979720234870911,43
sparse_head,10,18,answer,mass,true,0.7468857765197754,0.6979166865348816,0.7562726140022278,43
sparse_head,10,19,answer,mass,true,0.751213550567627,0.6770833134651184,0.7663258910179138,43
sparse_head,10,20,answer,mass,true,0.7462859749794006,0.6666666865348816,0.7767639756202698,43
sparse_head,10,21,answer,mass,true,0.7251980900764465,0.65625,0.7431003451347351,43
sparse_head,10,22,answer,mass,true,0.7387277483940125,0.6666666865348816,0.762808620929718,43
sparse_head,10,23,answer,mass,true,0.7820444107055664,0.7083333134651184,0.8016152381896973,43
sparse_head,11,0,answer,mass,true,0.7551953196525574,0.6666666865348816,0.784074068069458,47
sparse_head,11,1,answer,mass,true,0.7036492824554443,0.65625,0.702140748500824,47
sparse_head,11,2,answer,mass,true,0.8398503661155701,0.7708333134651184,0.8691980242729187,47
sparse_head,11,3,answer,mass,true,0.7744839787483215,0.7083333134651184,0.7896936535835266,47
sparse_head,11,4,answer,mass,true,0.7277806401252747,0.6666666865348816,0.7274635434150696,47
sparse_head,11,5,answer,mass,true,0.6971948146820068,0.625,0.7036755681037903,47
sparse_head,11,6,answer,mass,true,0.7237436771392822,0.625,0.7486403584480286,47
sparse_head,11,7,answer,mass,true,0.7074174880981445,0.6458333134651184,0.7166121602058411,47
sparse_head,11,8,answer,mass,true,0.8360304832458496,0.75,0.8644002079963684,47
sparse_head,11,9,answer,mass,true,0.8139068484306335,0.75,0.8288393020629883,47
sparse_head,11,10,answer,mass,true,0.7883337140083313,0.71875,0.8066287040710449,47
sparse_head,11,11,answer,mass,true,0.5736550688743591,0.4895833432674408,0.5822543501853943,47
sparse_head,11,12,answer,mass,true,0.6803075671195984,0.6145833134651184,0.6927791237831116,47
sparse_head,11,13,answer,mass,true,0.7782731652259827,0.6979166865348816,0.7959102988243103,47
sparse_head,11,14,answer,mass,true,0.6887070536613464,0.59375,0.7042463421821594,47
sparse_head,11,15,answer,mass,true,0.7472639083862305,0.65625,0.778303325176239,47
sparse_head,11,16,answer,mass,true,0.87322598695755,0.8125,0.8922737240791321,47
sparse_head,11,17,answer,mass,true,0.6174407601356506,0.5104166865348816,0.651140034198761,47
sparse_head,11,18,answer,mass,true,0.6808035373687744,0.5833333134651184,0.7010571956634521,47
sparse_head,11,19,answer,mass,true,0.6548424363136292,0.46875,0.7275753021240234,47
sparse_head,11,20,answer,mass,true,0.596383273601532,0.5104166865348816,0.6060085892677307,47
sparse_head,11,21,answer,mass,true,0.7398706078529358,0.65625,0.7575926184654236,47
sparse_head,11,22,answer,mass,true,0.528917670249939,0.4166666567325592,0.569559633731842,47
sparse_head,11,23,answer,mass,true,0.710724413394928,0.59375,0.742007315158844,47
sparse_head_top16_cv,-1,-1,answer,mass,true,0.8560002446174622,0.7916666865348816,0.8732210993766785,-1
sparse_head_top16_cv_gated,-1,-1,answer,mass,true,0.860740602016449,0.8020833134651184,0.8795928359031677,-1
sparse_head_all_mean,-1,-1,answer,mass,true,0.811695396900177,0.71875,0.8340681195259094,-1
sparse_head,0,0,both,mass,false,0.22429056465625763,0.0625,0.3121097981929779,3
sparse_head,0,1,both,mass,false,0.2739417850971222,0.09375,0.36936691403388977,3
sparse_head,0,2,both,mass,false,0.25218144059181213,0.0833333358168602,0.33453813195228577,3
sparse_head,0,3,both,mass,false,0.2144055962562561,0.0625,0.2818174660205841,3
sparse_head,0,4,both,mass,false,0.24602490663528442,0.0729166641831398,0.32132837176322937,3
sparse_head,0,5,both,mass,false,0.3346883952617645,0.15625,0.4239462614059448,3
sparse_head,0,6,both,mass,false,0.49098849296569824,0.3020833432674408,0.5934107303619385,3
sparse_head,0,7,both,mass,false,0.20546741783618927,0.0520833320915699,0.26534488797187805,3
sparse_head,0,8,both,mass,false,0.2587898373603821,0.09375,0.35741350054740906,3
sparse_head,0,9,both,mass,false,0.4546777904033661,0.2708333432674408,0.5462705492973328,3
sparse_head,0,10,both,mass,false,0.19503818452358246,0.0625,0.2471936196088791,3
sparse_head,0,11,both,mass,false,0.17583434283733368,0.0520833320915699,0.2031748741865158,3
sparse_head,0,12,both,mass,false,0.21925239264965057,0.0625,0.28665784001350403,3
sparse_head,0,13,both,mass,false,0.18455787003040314,0.0625,0.2243884652853012,3
sparse_head,0,14,both,mass,false,0.20135755836963654,0.0520833320915699,0.2553575336933136,3
sparse_head,0,15,both,mass,false,0.26578864455223083,0.1041666641831398,0.3555739223957062,3
sparse_head,0,16,both,mass,false,0.31995174288749695,0.15625,0.4314687252044678,3
sparse_head,0,17,both,mass,false,0.21549858152866364,0.0729166641831398,0.28121697902679443,3
sparse_head,0,18,both,mass,false,0.201016366481781,0.0520833320915699,0.2641039192676544,3
sparse_head,0,19,both,mass,false,0.20217180252075195,0.0416666679084301,0.26852139830589294,3
sparse_head,0,20,both,mass,false,0.5119795203208923,0.28125,0.6145368218421936,3
sparse_head,0,21,both,mass,false,0.24973027408123016,0.0833333358168602,0.3433744013309479,3
sparse_head,0,22,both,mass,false,0.5560433268547058,0.375,0.6442607045173645,3
sparse_head,0,23,both,mass,false,0.2592009902000427,0.0625,0.36339569091796875,3
sparse_head,1,0,both,mass,false,0.5579362511634827,0.375,0.645967423915863,7
sparse_head,1,1,both,mass,false,0.6557368040084839,0.5208333134651184,0.7285745739936829,7
sparse_head,1,2,both,mass,false,0.6985036730766296,0.5520833134651184,0.7651427388191223,7
sparse_head,1,3,both,mass,false,0.6600285172462463,0.5,0.735567569732666,7
sparse_head,1,4,both,mass,false,0.5621986389160156,0.3541666567325592,0.658835232257843,7
sparse_head,1,5,both,mass,false,0.7679237723350525,0.65625,0.8203677535057068,7
sparse_head,1,6,both,mass,false,0.6346936821937561,0.4166666567325592,0.7185807824134827,7
sparse_head,1,7,both,mass,false,0.5768563747406006,0.3645833432674408,0.6707370281219482,7
sparse_head,1,8,both,mass,false,0.36095091700553894,0.1979166716337204,0.4620037078857422,7
sparse_head,1,9,both,mass,false,0.3685314357280731,0.1041666641831398,0.4985431730747223,7
sparse_head,1,10,both,mass,false,0.695159912109375,0.5208333134651184,0.7642647624015808,7
sparse_head,1,11,both,mass,false,0.31886133551597595,0.0833333358168602,0.4418220818042755,7
sparse_head,1,12,both,mass,false,0.2788649797439575,0.0625,0.385440856218338,7
sparse_head,1,13,both,mass,false,0.29187384247779846,0.0625,0.4172596037387848,7
sparse_head,1,14,both,mass,false,0.3937184810638428,0.1770833283662796,0.5131867527961731,7
sparse_head,1,15,both,mass,false,0.3289135992527008,0.125,0.44060781598091125,7
sparse_head,1,16,both,mass,false,0.21778301894664764,0.0520833320915699,0.28980323672294617,7
sparse_head,1,17,both,mass,false,0.6315934658050537,0.4479166567325592,0.7150581479072571,7
sparse_head,1,18,both,mass,false,0.29239341616630554,0.1041666641831398,0.4167022407054901,7
sparse_head,1,19,both,mass,false,0.30300846695899963,0.0833333358168602,0.43535757064819336,7
sparse_head,1,20,both,mass,false,0.38359761238098145,0.1458333283662796,0.5117285847663879,7
sparse_head,1,21,both,mass,false,0.6922289729118347,0.5208333134651184,0.7585435509681702,7
sparse_head,1,22,both,mass,false,0.28702226281166077,0.125,0.3898615837097168,7
sparse_head,1,23,both,mass,false,0.30457448959350586,0.09375,0.4133901298046112,7
sparse_head,2,0,both,mass,false,0.6944403648376465,0.53125,0.7625582218170166,11
sparse_head,2,1,both,mass,false,0.44579198956489563,0.2083333283662796,0.5728598237037659,11
sparse_head,2,2,both,mass,false,0.7023885846138,0.5520833134651184,0.7720615267753601,11
sparse_head,2,3,both,mass,false,0.7462921738624573,0.6145833134651184,0.80488520860672,11
sparse_head,2,4,both,mass,false,0.3578869104385376,0.1145833358168602,0.5035668015480042,11
sparse_head,2,5,both,mass,false,0.6032917499542236,0.4166666567325592,0.6905615329742432,11
sparse_head,2,6,both,mass,false,0.4218830168247223,0.21875,0.5367714762687683,11
sparse_head,2,7,both,mass,false,0.37000659108161926,0.125,0.5114584565162659,11
sparse_head,2,8,both,mass,false,0.7020544409751892,0.53125,0.775172770023346,11
sparse_head,2,9,both,mass,false,0.4799024760723114,0.28125,0.5881104469299316,11
sparse_head,2,10,both,mass,false,0.32988715171813965,0.1145833358168602,0.4532935619354248,11
sparse_head,2,11,both,mass,false,0.48767825961112976,0.2916666567325592,0.5936147570610046,11
sparse_head,2,12,both,mass,false,0.5607219338417053,0.3020833432674408,0.6600010395050049,11
sparse_head,2,13,both,mass,false,0.40324732661247253,0.21875,0.5209746956825256,11
sparse_head,2,14,both,mass,false,0.7126657366752625,0.5833333134651184,0.77564936876297,11
sparse_head,2,15,both,mass,false,0.3024260103702545,0.1041666641831398,0.433409720659256,11
sparse_head,2,16,both,mass,false,0.4962722361087799,0.2708333432674408,0.6086774468421936,11
sparse_head,2,17,both,mass,false,0.4986628592014313,0.3333333432674408,0.5946728587150574,11
sparse_head,2,18,both,mass,false,0.7295138835906982,0.5625,0.7963958382606506,11
sparse_head,2,19,both,mass,false,0.5839747786521912,0.34375,0.6749987602233887,11
sparse_head,2,20,both,mass,false,0.5686797499656677,0.375,0.6662532687187195,11
sparse_head,2,21,both,mass,false,0.2367796152830124,0.0625,0.3228083848953247,11
sparse_head,2,22,both,mass,false,0.21063083410263062,0.0416666679084301,0.28186652064323425,11
sparse_head,2,23,both,mass,false,0.7272197604179382,0.5625,0.7944764494895935,11
sparse_head,3,0,both,mass,false,0.5594167709350586,0.3333333432674408,0.6576330065727234,15
sparse_head,3,1,both,mass,false,0.5698619484901428,0.3541666567325592,0.665860116481781,15
sparse_head,3,2,both,mass,false,0.7884014248847961,0.6666666865348816,0.8369612097740173,15
sparse_head,3,3,both,mass,false,0.8262476921081543,0.7083333134651184,0.8667662739753723,15
sparse_head,3,4,both,mass,false,0.785429060459137,0.65625,0.8352697491645813,15
sparse_head,3,5,both,mass,false,0.7023561596870422,0.5208333134651184,0.7732114195823669,15
sparse_head,3,6,both,mass,false,0.6156699061393738,0.3958333432674408,0.7076265811920166,15
sparse_head,3,7,both,mass,false,0.8254665732383728,0.7291666865348816,0.8653661608695984,15
sparse_head,3,8,both,mass,false,0.49985483288764954,0.2916666567325592,0.5960173010826111,15
sparse_head,3,9,both,mass,false,0.8197338581085205,0.71875,0.8607283234596252,15
sparse_head,3,10,both,mass,false,0.632319986820221,0.4270833432674408,0.7194334864616394,15
sparse_head,3,11,both,mass,false,0.7717269062995911,0.6458333134651184,0.8217369914054871,15
sparse_head,3,12,both,mass,false,0.8831140398979187,0.8125,0.9058210253715515,15
sparse_head,3,13,both,mass,false,0.514975368976593,0.25,0.6286974549293518,15
sparse_head,3,14,both,mass,false,0.7881576418876648,0.6666666865348816,0.8368639349937439,15
sparse_head,3,15,both,mass,false,0.7918603420257568,0.6458333134651184,0.8412672877311707,15
sparse_head,3,16,both,mass,false,0.8086354732513428,0.6979166865348816,0.8498733639717102,15
sparse_head,3,17,both,mass,false,0.6631401181221008,0.46875,0.743473470211029,15
sparse_head,3,18,both,mass,false,0.6078697443008423,0.40625,0.7006418108940125,15
sparse_head,3,19,both,mass,false,0.5774340629577637,0.375,0.6740062832832336,15
sparse_head,3,20,both,mass,false,0.7790219783782959,0.6458333134651184,0.8334891200065613,15
sparse_head,3,21,both,mass,false,0.5235157608985901,0.2916666567325592,0.6336265206336975,15
sparse_head,3,22,both,mass,false,0.564091145992279,0.3645833432674408,0.6636831760406494,15
sparse_head,3,23,both,mass,false,0.7523193359375,0.625,0.8063527941703796,15
sparse_head,4,0,both,mass,false,0.2858175039291382,0.0625,0.4203281104564667,19
sparse_head,4,1,both,mass,false,0.7548284530639648,0.6041666865348816,0.8096668720245361,19
sparse_head,4,2,both,mass,false,0.8234419822692871,0.7291666865348816,0.8633236289024353,19
sparse_head,4,3,both,mass,false,0.5077082514762878,0.2291666716337204,0.6163368821144104,19
sparse_head,4,4,both,mass,false,0.5658944845199585,0.34375,0.6599531173706055,19
sparse_head,4,5,both,mass,false,0.6675392985343933,0.4583333432674408,0.741215169429779,19
sparse_head,4,6,both,mass,false,0.8341934680938721,0.7291666865348816,0.8691697120666504,19
sparse_head,4,7,both,mass,false,0.7969539165496826,0.6875,0.8434329032897949,19
sparse_head,4,8,both,mass,false,0.7431423664093018,0.5729166865348816,0.8069973587989807,19
sparse_head,4,9,both,mass,false,0.44895005226135254,0.25,0.5642749667167664,19
sparse_head,4,10,both,mass,false,0.7945926785469055,0.65625,0.8428523540496826,19
sparse_head,4,11,both,mass,false,0.7442049980163574,0.6145833134651184,0.8004104495048523,19
sparse_head,4,12,both,mass,false,0.8242056965827942,0.71875,0.864422082901001,19
sparse_head,4,13,both,mass,false,0.7987427711486816,0.6770833134651184,0.8455808758735657,19
sparse_head,4,14,both,mass,false,0.7536296844482422,0.6458333134651184,0.8037471771240234,19
sparse_head,4,15,both,mass,false,0.8359870910644531,0.75,0.8731734752655029,19
sparse_head,4,16,both,mass,false,0.6126605868339539,0.40625,0.7017857432365417,19
sparse_head,4,17,both,mass,false,0.8224081993103027,0.7291666865348816,0.8656454086303711,19
sparse_head,4,18,both,mass,false,0.5492444038391113,0.3541666567325592,0.6395854949951172,19
sparse_head,4,19,both,mass,false,0.8659970760345459,0.7916666865348816,0.8987743854522705,19
sparse_head,4,20,both,mass,false,0.8250045776367188,0.7291666865348816,0.8647704124450684,19
sparse_head,4,21,both,mass,false,0.8402311205863953,0.7395833134651184,0.8737322688102722,19
sparse_head,4,22,both,mass,false,0.591298520565033,0.3958333432674408,0.6781487464904785,19
sparse_head,4,23,both,mass,false,0.8384796977043152,0.75,0.8749597072601318,19
sparse_head,5,0,both,mass,false,0.7718005776405334,0.6458333134651184,0.8244585990905762,23
sparse_head,5,1,both,mass,false,0.7490789294242859,0.6145833134651184,0.8012607097625732,23
sparse_head,5,2,both,mass,false,0.8013269305229187,0.6875,0.8471271395683289,23
sparse_head,5,3,both,mass,false,0.821279764175415,0.71875,0.8621687293052673,23
sparse_head,5,4,both,mass,false,0.8786872029304504,0.8125,0.9081323742866516,23
sparse_head,5,5,both,mass,false,0.6005663275718689,0.375,0.6923767924308777,23
sparse_head,5,6,both,mass,false,0.7081266045570374,0.5520833134651184,0.7760340571403503,23
sparse_head,5,7,both,mass,false,0.7175970673561096,0.5520833134651184,0.7841728329658508,23
sparse_head,5,8,both,mass,false,0.7751860618591309,0.6458333134651184,0.8298282623291016,23
sparse_head,5,9,both,mass,false,0.8348792195320129,0.7395833134651184,0.8750512599945068,23
sparse_head,5,10,both,mass,false,0.8040254712104797,0.6979166865348816,0.8403174877166748,23
sparse_head,5,11,both,mass,false,0.8526454567909241,0.78125,0.8853470683097839,23
sparse_head,5,12,both,mass,false,0.8585858345031738,0.7708333134651184,0.890376091003418,23
sparse_head,5,13,both,mass,false,0.8271622657775879,0.7291666865348816,0.8637357354164124,23
sparse_head,5,14,both,mass,false,0.7715401649475098,0.65625,0.8242233395576477,23
sparse_head,5,15,both,mass,false,0.7627852559089661,0.625,0.8208394050598145,23
sparse_head,5,16,both,mass,false,0.7940149307250977,0.6875,0.8410497307777405,23
sparse_head,5,17,both,mass,false,0.6916425824165344,0.5625,0.7529964447021484,23
sparse_head,5,18,both,mass,false,0.8741443157196045,0.8020833134651184,0.9049468040466309,23
sparse_head,5,19,both,mass,false,0.833271324634552,0.75,0.8735811710357666,23
sparse_head,5,20,both,mass,false,0.5208744406700134,0.3229166567325592,0.6204637885093689,23
sparse_head,5,21,both,mass,false,0.867303192615509,0.7916666865348816,0.9000675678253174,23
sparse_head,5,22,both,mass,false,0.8383225798606873,0.7604166865348816,0.8773856163024902,23
sparse_head,5,23,both,mass,false,0.7681629657745361,0.6354166865348816,0.8222038745880127,23
sparse_head,6,0,both,mass,false,0.8691760897636414,0.8020833134651184,0.8983142971992493,27
sparse_head,6,1,both,mass,false,0.8254961371421814,0.7291666865348816,0.8654518127441406,27
sparse_head,6,2,both,mass,false,0.8730823397636414,0.7916666865348816,0.9015331268310547,27
sparse_head,6,3,both,mass,false,0.8615575432777405,0.7604166865348816,0.8964923024177551,27
sparse_head,6,4,both,mass,false,0.7921130657196045,0.6875,0.839902400970459,27
sparse_head,6,5,both,mass,false,0.842914342880249,0.7395833134651184,0.8791843056678772,27
sparse_head,6,6,both,mass,false,0.7389258742332458,0.6145833134651184,0.7961243987083435,27
sparse_head,6,7,both,mass,false,0.7153473496437073,0.5520833134651184,0.7823660969734192,27
sparse_head,6,8,both,mass,false,0.8566840291023254,0.7708333134651184,0.8922901153564453,27
sparse_head,6,9,both,mass,false,0.6194472908973694,0.4270833432674408,0.7028829455375671,27
sparse_head,6,10,both,mass,false,0.6985650658607483,0.5520833134651184,0.7686471343040466,27
sparse_head,6,11,both,mass,false,0.7183780074119568,0.5625,0.781735360622406,27
sparse_head,6,12,both,mass,false,0.8619791865348816,0.7708333134651184,0.8963601589202881,27
sparse_head,6,13,both,mass,false,0.7083209156990051,0.5520833134651184,0.7769575715065002,27
sparse_head,6,14,both,mass,false,0.852529764175415,0.7604166865348816,0.8890249133110046,27
sparse_head,6,15,both,mass,false,0.6447304487228394,0.4895833432674408,0.7178330421447754,27
sparse_head,6,16,both,mass,false,0.7991898655891418,0.6875,0.8451791405677795,27
sparse_head,6,17,both,mass,false,0.6246607899665833,0.4583333432674408,0.7050788402557373,27
sparse_head,6,18,both,mass,false,0.873342752456665,0.8020833134651184,0.8985937237739563,27
sparse_head,6,19,both,mass,false,0.8799603581428528,0.8020833134651184,0.9097535014152527,27
sparse_head,6,20,both,mass,false,0.8166990876197815,0.71875,0.8585279583930969,27
sparse_head,6,21,both,mass,false,0.3041296899318695,0.1041666641831398,0.41709569096565247,27
sparse_head,6,22,both,mass,false,0.6461922526359558,0.4791666567325592,0.7251269221305847,27
sparse_head,6,23,both,mass,false,0.8818700313568115,0.8020833134651184,0.9112545847892761,27
sparse_head,7,0,both,mass,false,0.7447759509086609,0.59375,0.8019173741340637,31
sparse_head,7,1,both,mass,false,0.844733715057373,0.75,0.880230188369751,31
sparse_head,7,2,both,mass,false,0.867886483669281,0.78125,0.8978267312049866,31
sparse_head,7,3,both,mass,false,0.8931424617767334,0.8229166865348816,0.9198296666145325,31
sparse_head,7,4,both,mass,false,0.8837797045707703,0.7916666865348816,0.9133763909339905,31
sparse_head,7,5,both,mass,false,0.8764881491661072,0.7916666865348816,0.9076552987098694,31
sparse_head,7,6,both,mass,false,0.8579862117767334,0.7604166865348816,0.8934230804443359,31
sparse_head,7,7,both,mass,false,0.8855158686637878,0.8020833134651184,0.9143590927124023,31
sparse_head,7,8,both,mass,false,0.7214203476905823,0.5729166865348816,0.7862952351570129,31
sparse_head,7,9,both,mass,false,0.8971354365348816,0.8125,0.9234216809272766,31
sparse_head,7,10,both,mass,false,0.8409722447395325,0.7291666865348816,0.8779833316802979,31
sparse_head,7,11,both,mass,false,0.8474002480506897,0.75,0.8822529911994934,31
sparse_head,7,12,both,mass,false,0.8978298306465149,0.8229166865348816,0.9235450625419617,31
sparse_head,7,13,both,mass,false,0.8647817969322205,0.7708333134651184,0.8986811637878418,31
sparse_head,7,14,both,mass,false,0.8820436000823975,0.8020833134651184,0.9116314053535461,31
sparse_head,7,15,both,mass,false,0.86869215965271,0.78125,0.901573657989502,31
sparse_head,7,16,both,mass,false,0.8525173664093018,0.7604166865348816,0.8889225125312805,31
sparse_head,7,17,both,mass,false,0.8740417957305908,0.7916666865348816,0.8993245959281921,31
sparse_head,7,18,both,mass,false,0.8571969866752625,0.7708333134651184,0.8866574168205261,31
sparse_head,7,19,both,mass,false,0.7548770308494568,0.6354166865348816,0.8080980181694031,31
sparse_head,7,20,both,mass,false,0.8685020804405212,0.78125,0.9014536738395691,31
sparse_head,7,21,both,mass,false,0.7657241821289062,0.625,0.8208668231964111,31
sparse_head,7,22,both,mass,false,0.8448126912117004,0.75,0.880230188369751,31
sparse_head,7,23,both,mass,false,0.8412864208221436,0.7395833134651184,0.880717933177948,31
sparse_head,8,0,both,mass,false,0.39945998787879944,0.1979166716337204,0.5070978999137878,35
sparse_head,8,1,both,mass,false,0.8528969883918762,0.75,0.8867763876914978,35
sparse_head,8,2,both,mass,false,0.899404764175415,0.8229166865348816,0.9249098300933838,35
sparse_head,8,3,both,mass,false,0.7326092720031738,0.5729166865348816,0.7956975102424622,35
sparse_head,8,4,both,mass,false,0.832998514175415,0.71875,0.8717126846313477,35
sparse_head,8,5,both,mass,false,0.89188152551651,0.8125,0.9189926981925964,35
sparse_head,8,6,both,mass,false,0.8792534470558167,0.7916666865348816,0.9097403883934021,35
sparse_head,8,7,both,mass,false,0.8884549140930176,0.8125,0.9165220260620117,35
sparse_head,8,8,both,mass,false,0.8663608431816101,0.7708333134651184,0.8998993039131165,35
sparse_head,8,9,both,mass,false,0.6469284892082214,0.4895833432674408,0.7256638407707214,35
sparse_head,8,10,both,mass,false,0.8871528506278992,0.7916666865348816,0.916157066822052,35
sparse_head,8,11,both,mass,false,0.8547866344451904,0.75,0.8915017247200012,35
sparse_head,8,12,both,mass,false,0.8875868320465088,0.8020833134651184,0.9159933924674988,35
sparse_head,8,13,both,mass,false,0.8979167342185974,0.8229166865348816,0.9236502647399902,35
sparse_head,8,14,both,mass,false,0.8899306654930115,0.8125,0.9144884943962097,35
sparse_head,8,15,both,mass,false,0.881341278553009,0.8020833134651184,0.9078190922737122,35
sparse_head,8,16,both,mass,false,0.8512073159217834,0.75,0.8855995535850525,35
sparse_head,8,17,both,mass,false,0.8815104961395264,0.78125,0.9118881821632385,35
sparse_head,8,18,both,mass,false,0.8575441837310791,0.7604166865348816,0.890158474445343,35
sparse_head,8,19,both,mass,false,0.8792734742164612,0.7916666865348816,0.9069108366966248,35
sparse_head,8,20,both,mass,false,0.899404764175415,0.8229166865348816,0.9249098896980286,35
sparse_head,8,21,both,mass,false,0.8866319060325623,0.8020833134651184,0.9153731465339661,35
sparse_head,8,22,both,mass,false,0.7938537001609802,0.6666666865348816,0.842168390750885,35
sparse_head,8,23,both,mass,false,0.8960070013999939,0.8125,0.9224246144294739,35
sparse_head,9,0,both,mass,false,0.8232184052467346,0.7083333134651184,0.8670976161956787,39
sparse_head,9,1,both,mass,false,0.8321594595909119,0.7395833134651184,0.8734375834465027,39
sparse_head,9,2,both,mass,false,0.9080853462219238,0.84375,0.9311544895172119,39
sparse_head,9,3,both,mass,false,0.8464410305023193,0.75,0.8845434784889221,39
sparse_head,9,4,both,mass,false,0.8777778148651123,0.8020833134651184,0.9082306027412415,39
sparse_head,9,5,both,mass,false,0.8462095260620117,0.75,0.8843489289283752,39
sparse_head,9,6,both,mass,false,0.8505497574806213,0.75,0.8877987265586853,39
sparse_head,9,7,both,mass,false,0.8573785424232483,0.78125,0.8924418091773987,39
sparse_head,9,8,both,mass,false,0.8820645809173584,0.8020833134651184,0.9083908200263977,39
sparse_head,9,9,both,mass,false,0.8811631798744202,0.8125,0.9104185104370117,39
sparse_head,9,10,both,mass,false,0.8639013171195984,0.78125,0.8975827097892761,39
sparse_head,9,11,both,mass,false,0.8818032741546631,0.8229166865348816,0.9076111912727356,39
sparse_head,9,12,both,mass,false,0.8844618201255798,0.8020833134651184,0.9135848879814148,39
sparse_head,9,13,both,mass,false,0.8678075671195984,0.78125,0.900868833065033,39
sparse_head,9,14,both,mass,false,0.7682581543922424,0.6354166865348816,0.8253393769264221,39
sparse_head,9,15,both,mass,false,0.8469907641410828,0.7395833134651184,0.8855538964271545,39
sparse_head,9,16,both,mass,false,0.8267361521720886,0.7083333134651184,0.8701626658439636,39
sparse_head,9,17,both,mass,false,0.7754095196723938,0.65625,0.8269171714782715,39
sparse_head,9,18,both,mass,false,0.8682292103767395,0.78125,0.9011297821998596,39
sparse_head,9,19,both,mass,false,0.8957465291023254,0.8229166865348816,0.9219959378242493,39
sparse_head,9,20,both,mass,false,0.7530506253242493,0.6145833134651184,0.8104882836341858,39
sparse_head,9,21,both,mass,false,0.8833333849906921,0.8020833134651184,0.9125876426696777,39
sparse_head,9,22,both,mass,false,0.8713831901550293,0.7916666865348816,0.9033910632133484,39
sparse_head,9,23,both,mass,false,0.5650553107261658,0.3541666567325592,0.6640639901161194,39
sparse_head,10,0,both,mass,false,0.8317418694496155,0.7291666865348816,0.8734378814697266,43
sparse_head,10,1,both,mass,false,0.8082878589630127,0.6875,0.8557426929473877,43
sparse_head,10,2,both,mass,false,0.8443865776062012,0.7604166865348816,0.8824856877326965,43
sparse_head,10,3,both,mass,false,0.8000867962837219,0.6666666865348816,0.8500186800956726,43
sparse_head,10,4,both,mass,false,0.8537740111351013,0.7708333134651184,0.8897940516471863,43
sparse_head,10,5,both,mass,false,0.7989628911018372,0.6875,0.845515251159668,43
sparse_head,10,6,both,mass,false,0.4701465368270874,0.2083333283662796,0.5953990817070007,43
sparse_head,10,7,both,mass,false,0.8798900246620178,0.8125,0.9093644618988037,43
sparse_head,10,8,both,mass,false,0.8434152007102966,0.7604166865348816,0.8818958401679993,43
sparse_head,10,9,both,mass,false,0.8291587829589844,0.7395833134651184,0.8679493069648743,43
sparse_head,10,10,both,mass,false,0.8129464983940125,0.6979166865348816,0.859218418598175,43
sparse_head,10,11,both,mass,false,0.8896622061729431,0.8229166865348816,0.9140815138816833,43
sparse_head,10,12,both,mass,false,0.8319768905639648,0.7395833134651184,0.8673151135444641,43
sparse_head,10,13,both,mass,false,0.7827381491661072,0.65625,0.8365030884742737,43
sparse_head,10,14,both,mass,false,0.8291501402854919,0.7291666865348816,0.871266782283783,43
sparse_head,10,15,both,mass,false,0.6715773940086365,0.4791666567325592,0.7495067119598389,43
sparse_head,10,16,both,mass,false,0.8161658644676208,0.7083333134651184,0.8587179183959961,43
sparse_head,10,17,both,mass,false,0.7988136410713196,0.6770833134651184,0.8486639857292175,43
sparse_head,10,18,both,mass,false,0.8504840731620789,0.7604166865348816,0.8843325972557068,43
sparse_head,10,19,both,mass,false,0.796821653842926,0.6875,0.8437674641609192,43
sparse_head,10,20,both,mass,false,0.8224248290061951,0.7291666865348816,0.8657963275909424,43
sparse_head,10,21,both,mass,false,0.8168649077415466,0.71875,0.8557787537574768,43
sparse_head,10,22,both,mass,false,0.7870783805847168,0.6666666865348816,0.8396108150482178,43
sparse_head,10,23,both,mass,false,0.8160880208015442,0.7083333134651184,0.86153644323349,43
sparse_head,11,0,both,mass,false,0.8604956269264221,0.7604166865348816,0.8925383687019348,47
sparse_head,11,1,both,mass,false,0.8839699625968933,0.8020833134651184,0.9131689071655273,47
sparse_head,11,2,both,mass,false,0.8127524852752686,0.71875,0.8521404266357422,47
sparse_head,11,3,both,mass,false,0.8425468802452087,0.7395833134651184,0.8757348656654358,47
sparse_head,11,4,both,mass,false,0.7728422284126282,0.6354166865348816,0.8291755318641663,47
sparse_head,11,5,both,mass,false,0.8874421119689941,0.8125,0.9154620170593262,47
sparse_head,11,6,both,mass,false,0.8213751912117004,0.7291666865348816,0.858801543712616,47
sparse_head,11,7,both,mass,false,0.8681344389915466,0.7916666865348816,0.8976231217384338,47
sparse_head,11,8,both,mass,false,0.750995934009552,0.625,0.8056402802467346,47
sparse_head,11,9,both,mass,false,0.8671297430992126,0.7916666865348816,0.896729052066803,47
sparse_head,11,10,both,mass,false,0.8435308933258057,0.7604166865348816,0.8813983798027039,47
sparse_head,11,11,both,mass,false,0.794234037399292,0.65625,0.8422982692718506,47
sparse_head,11,12,both,mass,false,0.6420387625694275,0.4375,0.7276316285133362,47
sparse_head,11,13,both,mass,false,0.6360164284706116,0.40625,0.7208588719367981,47
sparse_head,11,14,both,mass,false,0.7601528763771057,0.6041666865348816,0.8139675259590149,47
sparse_head,11,15,both,mass,false,0.5899268388748169,0.34375,0.6859342455863953,47
sparse_head,11,16,both,mass,false,0.8604166507720947,0.7604166865348816,0.8925636410713196,47
sparse_head,11,17,both,mass,false,0.649550199508667,0.4583333432674408,0.7265124917030334,47
sparse_head,11,18,both,mass,false,0.6029638051986694,0.375,0.6914699673652649,47
sparse_head,11,19,both,mass,false,0.4254544675350189,0.1145833358168602,0.5573078393936157,47
sparse_head,11,20,both,mass,false,0.7246651649475098,0.5416666865348816,0.7935894131660461,47
sparse_head,11,21,both,mass,false,0.7700066566467285,0.6354166865348816,0.8268608450889587,47
sparse_head,11,22,both,mass,false,0.4655296802520752,0.21875,0.5854074954986572,47
sparse_head,11,23,both,mass,false,0.6964330673217773,0.5208333134651184,0.7686806321144104,47
sparse_head_top16_cv,-1,-1,both,mass,false,0.906349241733551,0.8333333134651184,0.9301181435585022,-1
sparse_head_top16_cv_gated,-1,-1,both,mass,false,0.906349241733551,0.8333333134651184,0.9301181435585022,-1
sparse_head_all_mean,-1,-1,both,mass,false,0.8480158448219299,0.75,0.8858546614646912,-1
sparse_head,0,0,both,mass,true,0.21290500462055206,0.0625,0.29832011461257935,3
sparse_head,0,1,both,mass,true,0.22591491043567657,0.0625,0.2772577404975891,3
sparse_head,0,2,both,mass,true,0.17627693712711334,0.02083333395421505,0.23434175550937653,3
sparse_head,0,3,both,mass,true,0.23448975384235382,0.0520833320915699,0.3329673707485199,3
sparse_head,0,4,both,mass,true,0.2320769876241684,0.0833333358168602,0.2863852083683014,3
sparse_head,0,5,both,mass,true,0.2204865962266922,0.0729166641831398,0.26760873198509216,3
sparse_head,0,6,both,mass,true,0.25367191433906555,0.125,0.27098435163497925,3
sparse_head,0,7,both,mass,true,0.17651455104351044,0.03125,0.2513290345668793,3
sparse_head,0,8,both,mass,true,0.21678060293197632,0.0729166641831398,0.2822830379009247,3
sparse_head,0,9,both,mass,true,0.24625296890735626,0.1354166716337204,0.25483259558677673,3
sparse_head,0,10,both,mass,true,0.16856169700622559,0.0416666679084301,0.22611449658870697,3
sparse_head,0,11,both,mass,true,0.17733488976955414,0.0520833320915699,0.23810918629169464,3
sparse_head,0,12,both,mass,true,0.20629119873046875,0.0520833320915699,0.2930733263492584,3
sparse_head,0,13,both,mass,true,0.18199706077575684,0.0416666679084301,0.25420883297920227,3
sparse_head,0,14,both,mass,true,0.2027732878923416,0.0625,0.26898089051246643,3
sparse_head,0,15,both,mass,true,0.24239449203014374,0.0833333358168602,0.32503899931907654,3
sparse_head,0,16,both,mass,true,0.19669508934020996,0.0625,0.23488950729370117,3
sparse_head,0,17,both,mass,true,0.23587559163570404,0.0833333358168602,0.31250202655792236,3
sparse_head,0,18,both,mass,true,0.1538114845752716,0.010416666977107525,0.19492918252944946,3
sparse_head,0,19,both,mass,true,0.24140097200870514,0.1041666641831398,0.33134087920188904,3
sparse_head,0,20,both,mass,true,0.1999819278717041,0.09375,0.19431085884571075,3
sparse_head,0,21,both,mass,true,0.2614348232746124,0.1041666641831398,0.3476264774799347,3
sparse_head,0,22,both,mass,true,0.1508874148130417,0.0416666679084301,0.14046001434326172,3
sparse_head,0,23,both,mass,true,0.2417869120836258,0.09375,0.293741911649704,3
sparse_head,1,0,both,mass,true,0.20799517631530762,0.0833333358168602,0.2275410294532776,7
sparse_head,1,1,both,mass,true,0.23137348890304565,0.1145833358168602,0.23981116712093353,7
sparse_head,1,2,both,mass,true,0.19270431995391846,0.1041666641831398,0.181979700922966,7
sparse_head,1,3,both,mass,true,0.28817182779312134,0.1458333283662796,0.3301338851451874,7
sparse_head,1,4,both,mass,true,0.20543916523456573,0.0833333358168602,0.21726417541503906,7
sparse_head,1,5,both,mass,true,0.25296005606651306,0.15625,0.25328484177589417,7
sparse_head,1,6,both,mass,true,0.22309207916259766,0.1041666641831398,0.23374246060848236,7
sparse_head,1,7,both,mass,true,0.1458185911178589,0.0416666679084301,0.11860697716474533,7
sparse_head,1,8,both,mass,true,0.2317086011171341,0.09375,0.2870787978172302,7
sparse_head,1,9,both,mass,true,0.2918858826160431,0.125,0.34785518050193787,7
sparse_head,1,10,both,mass,true,0.22920815646648407,0.09375,0.24723803997039795,7
sparse_head,1,11,both,mass,true,0.282573401927948,0.0833333358168602,0.3760363757610321,7
sparse_head,1,12,both,mass,true,0.2955225706100464,0.1354166716337204,0.3840791881084442,7
sparse_head,1,13,both,mass,true,0.3489178717136383,0.1875,0.4142563045024872,7
sparse_head,1,14,both,mass,true,0.3173069953918457,0.1770833283662796,0.37708964943885803,7
sparse_head,1,15,both,mass,true,0.2746957838535309,0.1145833358168602,0.34649884700775146,7
sparse_head,1,16,both,mass,true,0.1614040583372116,0.03125,0.2183975726366043,7
sparse_head,1,17,both,mass,true,0.2779269516468048,0.1354166716337204,0.3114725649356842,7
sparse_head,1,18,both,mass,true,0.259917676448822,0.0833333358168602,0.34899720549583435,7
sparse_head,1,19,both,mass,true,0.3323020040988922,0.1458333283662796,0.40459370613098145,7
sparse_head,1,20,both,mass,true,0.40851283073425293,0.2291666716337204,0.4903274476528168,7
sparse_head,1,21,both,mass,true,0.34918585419654846,0.2083333283662796,0.38144710659980774,7
sparse_head,1,22,both,mass,true,0.2483273297548294,0.09375,0.3198905289173126,7
sparse_head,1,23,both,mass,true,0.2563716471195221,0.0833333358168602,0.32994988560676575,7
sparse_head,2,0,both,mass,true,0.5051950812339783,0.3541666567325592,0.5520171523094177,11
sparse_head,2,1,both,mass,true,0.45788395404815674,0.2708333432674408,0.5282427668571472,11
sparse_head,2,2,both,mass,true,0.5020924210548401,0.3541666567325592,0.5501956939697266,11
sparse_head,2,3,both,mass,true,0.5209081172943115,0.375,0.5670931339263916,11
sparse_head,2,4,both,mass,true,0.4038853943347931,0.2083333283662796,0.48486533761024475,11
sparse_head,2,5,both,mass,true,0.568065881729126,0.4479166567325592,0.6083014607429504,11
sparse_head,2,6,both,mass,true,0.4123617708683014,0.2395833283662796,0.48195624351501465,11
sparse_head,2,7,both,mass,true,0.5163330435752869,0.34375,0.5842092633247375,11
sparse_head,2,8,both,mass,true,0.3808250427246094,0.2291666716337204,0.42163029313087463,11
sparse_head,2,9,both,mass,true,0.34270787239074707,0.1979166716337204,0.3872810900211334,11
sparse_head,2,10,both,mass,true,0.2883727550506592,0.1145833358168602,0.371866375207901,11
sparse_head,2,11,both,mass,true,0.38716840744018555,0.2083333283662796,0.4493214190006256,11
sparse_head,2,12,both,mass,true,0.3421952724456787,0.1666666716337204,0.40566930174827576,11
sparse_head,2,13,both,mass,true,0.2685610353946686,0.1145833358168602,0.3207937777042389,11
sparse_head,2,14,both,mass,true,0.3000132143497467,0.1770833283662796,0.3252512216567993,11
sparse_head,2,15,both,mass,true,0.3122352659702301,0.1458333283662796,0.3800540864467621,11
sparse_head,2,16,both,mass,true,0.43877193331718445,0.25,0.5045442581176758,11
sparse_head,2,17,both,mass,true,0.2656526267528534,0.1041666641831398,0.3186761736869812,11
sparse_head,2,18,both,mass,true,0.4160518944263458,0.2604166567325592,0.45145300030708313,11
sparse_head,2,19,both,mass,true,0.37641486525535583,0.1979166716337204,0.42366042733192444,11
sparse_head,2,20,both,mass,true,0.3996318578720093,0.2291666716337204,0.45239534974098206,11
sparse_head,2,21,both,mass,true,0.27393224835395813,0.125,0.33928167819976807,11
sparse_head,2,22,both,mass,true,0.301089346408844,0.1458333283662796,0.3695651590824127,11
sparse_head,2,23,both,mass,true,0.46514901518821716,0.3125,0.5070952773094177,11
sparse_head,3,0,both,mass,true,0.5700991153717041,0.40625,0.6335829496383667,15
sparse_head,3,1,both,mass,true,0.5471787452697754,0.4375,0.5767823457717896,15
sparse_head,3,2,both,mass,true,0.6066317558288574,0.4583333432674408,0.662892758846283,15
sparse_head,3,3,both,mass,true,0.6602082848548889,0.5520833134651184,0.6998979449272156,15
sparse_head,3,4,both,mass,true,0.4909813106060028,0.3854166567325592,0.515986442565918,15
sparse_head,3,5,both,mass,true,0.5432584881782532,0.3645833432674408,0.6201599836349487,15
sparse_head,3,6,both,mass,true,0.54128098487854,0.3854166567325592,0.6002768874168396,15
sparse_head,3,7,both,mass,true,0.633219838142395,0.5,0.6773014664649963,15
sparse_head,3,8,both,mass,true,0.4211736023426056,0.2604166567325592,0.4772230386734009,15
sparse_head,3,9,both,mass,true,0.5823531746864319,0.4791666567325592,0.6209895610809326,15
sparse_head,3,10,both,mass,true,0.6105743050575256,0.46875,0.6564748287200928,15
sparse_head,3,11,both,mass,true,0.6369613409042358,0.4895833432674408,0.689254105091095,15
sparse_head,3,12,both,mass,true,0.6468712091445923,0.5208333134651184,0.6875734925270081,15
sparse_head,3,13,both,mass,true,0.6688778400421143,0.5520833134651184,0.7090877890586853,15
sparse_head,3,14,both,mass,true,0.5045746564865112,0.3958333432674408,0.5355400443077087,15
sparse_head,3,15,both,mass,true,0.6120253205299377,0.4583333432674408,0.652526319026947,15
sparse_head,3,16,both,mass,true,0.6453449130058289,0.53125,0.6859259009361267,15
sparse_head,3,17,both,mass,true,0.6205912232398987,0.46875,0.6679306626319885,15
sparse_head,3,18,both,mass,true,0.5572662353515625,0.4166666567325592,0.6100119352340698,15
sparse_head,3,19,both,mass,true,0.48808369040489197,0.3541666567325592,0.5439520478248596,15
sparse_head,3,20,both,mass,true,0.583911120891571,0.46875,0.6233347058296204,15
sparse_head,3,21,both,mass,true,0.5867891907691956,0.375,0.6758448481559753,15
sparse_head,3,22,both,mass,true,0.5081430077552795,0.3125,0.5874099135398865,15
sparse_head,3,23,both,mass,true,0.5537905097007751,0.3958333432674408,0.6104431748390198,15
sparse_head,4,0,both,mass,true,0.42949000000953674,0.21875,0.5252578258514404,19
sparse_head,4,1,both,mass,true,0.5727800130844116,0.4479166567325592,0.6153729557991028,19
sparse_head,4,2,both,mass,true,0.6205646395683289,0.5,0.669767439365387,19
sparse_head,4,3,both,mass,true,0.44151976704597473,0.34375,0.4583713710308075,19
sparse_head,4,4,both,mass,true,0.5772599577903748,0.4375,0.6378430724143982,19
sparse_head,4,5,both,mass,true,0.5113970637321472,0.375,0.5553818941116333,19
sparse_head,4,6,both,mass,true,0.6904576420783997,0.5833333134651184,0.7179345488548279,19
sparse_head,4,7,both,mass,true,0.6562314033508301,0.53125,0.6918313503265381,19
sparse_head,4,8,both,mass,true,0.5438520312309265,0.4166666567325592,0.5813491344451904,19
sparse_head,4,9,both,mass,true,0.43952393531799316,0.2395833283662796,0.5221307873725891,19
sparse_head,4,10,both,mass,true,0.6084240078926086,0.5,0.6423143744468689,19
sparse_head,4,11,both,mass,true,0.6162791848182678,0.4791666567325592,0.666684627532959,19
sparse_head,4,12,both,mass,true,0.656008243560791,0.5625,0.6934096813201904,19
sparse_head,4,13,both,mass,true,0.6738640666007996,0.53125,0.7282602190971375,19
sparse_head,4,14,both,mass,true,0.6101801991462708,0.4895833432674408,0.6494775414466858,19
sparse_head,4,15,both,mass,true,0.6667759418487549,0.5520833134651184,0.7075634002685547,19
sparse_head,4,16,both,mass,true,0.6371719241142273,0.5,0.6938037872314453,19
sparse_head,4,17,both,mass,true,0.6439419388771057,0.5416666865348816,0.6804788112640381,19
sparse_head,4,18,both,mass,true,0.49745047092437744,0.34375,0.5540244579315186,19
sparse_head,4,19,both,mass,true,0.5434175729751587,0.4270833432674408,0.5779411196708679,19
sparse_head,4,20,both,mass,true,0.6872565150260925,0.5729166865348816,0.7215406894683838,19
sparse_head,4,21,both,mass,true,0.7123091816902161,0.5833333134651184,0.7578887343406677,19
sparse_head,4,22,both,mass,true,0.5373033881187439,0.3958333432674408,0.5907323360443115,19
sparse_head,4,23,both,mass,true,0.6160452961921692,0.5104166865348816,0.6479297280311584,19
sparse_head,5,0,both,mass,true,0.43137335777282715,0.2916666567325592,0.4656902849674225,23
sparse_head,5,1,both,mass,true,0.6158262491226196,0.5104166865348816,0.644623339176178,23
sparse_head,5,2,both,mass,true,0.6174050569534302,0.5,0.6602771282196045,23
sparse_head,5,3,both,mass,true,0.5955109000205994,0.4791666567325592,0.6300876140594482,23
sparse_head,5,4,both,mass,true,0.5815221667289734,0.4895833432674408,0.603936493396759,23
sparse_head,5,5,both,mass,true,0.5338305830955505,0.40625,0.5734485387802124,23
sparse_head,5,6,both,mass,true,0.5271726250648499,0.40625,0.5712563991546631,23
sparse_head,5,7,both,mass,true,0.6094691157341003,0.4895833432674408,0.643427848815918,23
sparse_head,5,8,both,mass,true,0.6170555949211121,0.5,0.65855473279953,23
sparse_head,5,9,both,mass,true,0.6099516153335571,0.5,0.6464884877204895,23
sparse_head,5,10,both,mass,true,0.5956202149391174,0.4895833432674408,0.6234933733940125,23
sparse_head,5,11,both,mass,true,0.6134698987007141,0.5104166865348816,0.6397858262062073,23
sparse_head,5,12,both,mass,true,0.5524346828460693,0.4583333432674408,0.5729238986968994,23
sparse_head,5,13,both,mass,true,0.3745778501033783,0.25,0.3857533931732178,23
sparse_head,5,14,both,mass,true,0.45709362626075745,0.3333333432674408,0.49141931533813477,23
sparse_head,5,15,both,mass,true,0.5518159866333008,0.4375,0.5832127928733826,23
sparse_head,5,16,both,mass,true,0.43623873591423035,0.2916666567325592,0.467030793428421,23
sparse_head,5,17,both,mass,true,0.42734968662261963,0.28125,0.4740884602069855,23
sparse_head,5,18,both,mass,true,0.527988612651825,0.4166666567325592,0.5543227791786194,23
sparse_head,5,19,both,mass,true,0.5757458209991455,0.4583333432674408,0.608597993850708,23
sparse_head,5,20,both,mass,true,0.4876801073551178,0.375,0.5383062362670898,23
sparse_head,5,21,both,mass,true,0.4995274543762207,0.3854166567325592,0.5263102054595947,23
sparse_head,5,22,both,mass,true,0.6072527766227722,0.4791666567325592,0.6510588526725769,23
sparse_head,5,23,both,mass,true,0.32162368297576904,0.2291666716337204,0.31783828139305115,23
sparse_head,6,0,both,mass,true,0.6570120453834534,0.53125,0.7012178897857666,27
sparse_head,6,1,both,mass,true,0.6705712676048279,0.5520833134651184,0.7138056755065918,27
sparse_head,6,2,both,mass,true,0.666201651096344,0.5104166865348816,0.7040087580680847,27
sparse_head,6,3,both,mass,true,0.6825920939445496,0.5520833134651184,0.7270069718360901,27
sparse_head,6,4,both,mass,true,0.6298877596855164,0.4895833432674408,0.6863723397254944,27
sparse_head,6,5,both,mass,true,0.6058405041694641,0.4479166567325592,0.6565760970115662,27
sparse_head,6,6,both,mass,true,0.6393185257911682,0.53125,0.6774231791496277,27
sparse_head,6,7,both,mass,true,0.6574755907058716,0.5,0.7286478877067566,27
sparse_head,6,8,both,mass,true,0.5555927157402039,0.4166666567325592,0.5910122990608215,27
sparse_head,6,9,both,mass,true,0.5605966448783875,0.375,0.6311606764793396,27
sparse_head,6,10,both,mass,true,0.6233066916465759,0.4895833432674408,0.6890687942504883,27
sparse_head,6,11,both,mass,true,0.6150078177452087,0.4583333432674408,0.6718037128448486,27
sparse_head,6,12,both,mass,true,0.598418653011322,0.4479166567325592,0.6388058066368103,27
sparse_head,6,13,both,mass,true,0.6236589550971985,0.4791666567325592,0.6786227822303772,27
sparse_head,6,14,both,mass,true,0.49990931153297424,0.3854166567325592,0.5197746753692627,27
sparse_head,6,15,both,mass,true,0.5616930723190308,0.4375,0.6147387027740479,27
sparse_head,6,16,both,mass,true,0.6179743409156799,0.5,0.6554552912712097,27
sparse_head,6,17,both,mass,true,0.4494108259677887,0.28125,0.5135435461997986,27
sparse_head,6,18,both,mass,true,0.6057158708572388,0.4895833432674408,0.6314615607261658,27
sparse_head,6,19,both,mass,true,0.5942397713661194,0.46875,0.63826584815979,27
sparse_head,6,20,both,mass,true,0.6281642913818359,0.4895833432674408,0.6727946400642395,27
sparse_head,6,21,both,mass,true,0.35550475120544434,0.1875,0.4402720034122467,27
sparse_head,6,22,both,mass,true,0.5733855366706848,0.4270833432674408,0.6446996331214905,27
sparse_head,6,23,both,mass,true,0.6448327898979187,0.5104166865348816,0.6858353614807129,27
sparse_head,7,0,both,mass,true,0.6355352997779846,0.4895833432674408,0.6878647804260254,31
sparse_head,7,1,both,mass,true,0.6212361454963684,0.5,0.6587574481964111,31
sparse_head,7,2,both,mass,true,0.6656292080879211,0.5625,0.6921793818473816,31
sparse_head,7,3,both,mass,true,0.6585108041763306,0.5416666865348816,0.6873838305473328,31
sparse_head,7,4,both,mass,true,0.5790980458259583,0.4583333432674408,0.6027918457984924,31
sparse_head,7,5,both,mass,true,0.5852096676826477,0.4479166567325592,0.6391732692718506,31
sparse_head,7,6,both,mass,true,0.6577525734901428,0.5208333134651184,0.6936860084533691,31
sparse_head,7,7,both,mass,true,0.6347224116325378,0.5208333134651184,0.6766764521598816,31
sparse_head,7,8,both,mass,true,0.5425847172737122,0.40625,0.5889745354652405,31
sparse_head,7,9,both,mass,true,0.6735777854919434,0.5729166865348816,0.6984379887580872,31
sparse_head,7,10,both,mass,true,0.6555408835411072,0.5208333134651184,0.7028259634971619,31
sparse_head,7,11,both,mass,true,0.6837480664253235,0.5520833134651184,0.724942684173584,31
sparse_head,7,12,both,mass,true,0.7142255306243896,0.6041666865348816,0.7502188086509705,31
sparse_head,7,13,both,mass,true,0.6806816458702087,0.5625,0.7222316265106201,31
sparse_head,7,14,both,mass,true,0.6563438177108765,0.53125,0.6890235543251038,31
sparse_head,7,15,both,mass,true,0.6891345977783203,0.59375,0.7187683582305908,31
sparse_head,7,16,both,mass,true,0.6635602116584778,0.5520833134651184,0.7058978080749512,31
sparse_head,7,17,both,mass,true,0.6639719009399414,0.5416666865348816,0.697428286075592,31
sparse_head,7,18,both,mass,true,0.6885659098625183,0.5729166865348816,0.7220402359962463,31
sparse_head,7,19,both,mass,true,0.5591525435447693,0.40625,0.6077790856361389,31
sparse_head,7,20,both,mass,true,0.6687569618225098,0.5520833134651184,0.7005811333656311,31
sparse_head,7,21,both,mass,true,0.7156285643577576,0.5729166865348816,0.7726481556892395,31
sparse_head,7,22,both,mass,true,0.6349244713783264,0.5,0.684093177318573,31
sparse_head,7,23,both,mass,true,0.6865077018737793,0.5729166865348816,0.7202019691467285,31
sparse_head,8,0,both,mass,true,0.36823952198028564,0.2083333283662796,0.42913997173309326,35
sparse_head,8,1,both,mass,true,0.5346688628196716,0.4166666567325592,0.5622777938842773,35
sparse_head,8,2,both,mass,true,0.7168381810188293,0.6145833134651184,0.748974084854126,35
sparse_head,8,3,both,mass,true,0.5416314005851746,0.4166666567325592,0.5780999660491943,35
sparse_head,8,4,both,mass,true,0.6248833537101746,0.5208333134651184,0.6576249003410339,35
sparse_head,8,5,both,mass,true,0.5264113545417786,0.4166666567325592,0.5583743453025818,35
sparse_head,8,6,both,mass,true,0.683233916759491,0.5833333134651184,0.708763062953949,35
sparse_head,8,7,both,mass,true,0.6887601017951965,0.5833333134651184,0.7102944254875183,35
sparse_head,8,8,both,mass,true,0.5628990530967712,0.4375,0.5988436341285706,35
sparse_head,8,9,both,mass,true,0.4625746011734009,0.3020833432674408,0.5177460312843323,35
sparse_head,8,10,both,mass,true,0.7119171023368835,0.59375,0.7517907023429871,35
sparse_head,8,11,both,mass,true,0.6425111293792725,0.53125,0.6718246936798096,35
sparse_head,8,12,both,mass,true,0.644599437713623,0.5208333134651184,0.6828868985176086,35
sparse_head,8,13,both,mass,true,0.6941757202148438,0.5729166865348816,0.7300723195075989,35
sparse_head,8,14,both,mass,true,0.6765806078910828,0.5520833134651184,0.7097881436347961,35
sparse_head,8,15,both,mass,true,0.6709588170051575,0.5416666865348816,0.7034945487976074,35
sparse_head,8,16,both,mass,true,0.6996796727180481,0.5729166865348816,0.742588996887207,35
sparse_head,8,17,both,mass,true,0.70301753282547,0.5625,0.7460024356842041,35
sparse_head,8,18,both,mass,true,0.6814188361167908,0.5520833134651184,0.7229196429252625,35
sparse_head,8,19,both,mass,true,0.5923548936843872,0.46875,0.6221282482147217,35
sparse_head,8,20,both,mass,true,0.7095608115196228,0.6041666865348816,0.740487813949585,35
sparse_head,8,21,both,mass,true,0.762301504611969,0.65625,0.7936630845069885,35
sparse_head,8,22,both,mass,true,0.6030105948448181,0.46875,0.638486921787262,35
sparse_head,8,23,both,mass,true,0.6414708495140076,0.5416666865348816,0.6556206345558167,35
sparse_head,9,0,both,mass,true,0.6036548018455505,0.5,0.6180323958396912,39
sparse_head,9,1,both,mass,true,0.5172633528709412,0.375,0.5450230836868286,39
sparse_head,9,2,both,mass,true,0.5624486804008484,0.46875,0.5913119912147522,39
sparse_head,9,3,both,mass,true,0.6133618354797363,0.4791666567325592,0.6560907363891602,39
sparse_head,9,4,both,mass,true,0.5214665532112122,0.3958333432674408,0.5404782891273499,39
sparse_head,9,5,both,mass,true,0.626030683517456,0.5208333134651184,0.6502383351325989,39
sparse_head,9,6,both,mass,true,0.572265625,0.4375,0.6037785410881042,39
sparse_head,9,7,both,mass,true,0.567714512348175,0.4270833432674408,0.6157578229904175,39
sparse_head,9,8,both,mass,true,0.6227698922157288,0.4895833432674408,0.6634924411773682,39
sparse_head,9,9,both,mass,true,0.5890633463859558,0.4791666567325592,0.6187584400177002,39
sparse_head,9,10,both,mass,true,0.649934709072113,0.53125,0.6924356818199158,39
sparse_head,9,11,both,mass,true,0.5140416026115417,0.4166666567325592,0.5253431797027588,39
sparse_head,9,12,both,mass,true,0.49271735548973083,0.3854166567325592,0.5148650407791138,39
sparse_head,9,13,both,mass,true,0.5725537538528442,0.4479166567325592,0.5980842113494873,39
sparse_head,9,14,both,mass,true,0.4185349941253662,0.3229166567325592,0.4216405153274536,39
sparse_head,9,15,both,mass,true,0.5246914029121399,0.40625,0.5433023571968079,39
sparse_head,9,16,both,mass,true,0.4837113320827484,0.34375,0.5234248042106628,39
sparse_head,9,17,both,mass,true,0.46803078055381775,0.3645833432674408,0.47894811630249023,39
sparse_head,9,18,both,mass,true,0.5593530535697937,0.4375,0.5900066494941711,39
sparse_head,9,19,both,mass,true,0.6042590737342834,0.4791666567325592,0.6403759717941284,39
sparse_head,9,20,both,mass,true,0.5177820324897766,0.40625,0.5419487953186035,39
sparse_head,9,21,both,mass,true,0.5866360664367676,0.4791666567325592,0.6086167693138123,39
sparse_head,9,22,both,mass,true,0.521426260471344,0.3958333432674408,0.5522845387458801,39
sparse_head,9,23,both,mass,true,0.38219329714775085,0.25,0.4198996126651764,39
sparse_head,10,0,both,mass,true,0.4816955327987671,0.3645833432674408,0.5090906620025635,43
sparse_head,10,1,both,mass,true,0.48651838302612305,0.3854166567325592,0.5011091232299805,43
sparse_head,10,2,both,mass,true,0.45281264185905457,0.3229166567325592,0.4703845977783203,43
sparse_head,10,3,both,mass,true,0.5923134684562683,0.4791666567325592,0.6206061840057373,43
sparse_head,10,4,both,mass,true,0.47606024146080017,0.34375,0.5003445744514465,43
sparse_head,10,5,both,mass,true,0.4974121153354645,0.3854166567325592,0.5244395136833191,43
sparse_head,10,6,both,mass,true,0.3791314363479614,0.25,0.4031977653503418,43
sparse_head,10,7,both,mass,true,0.4606975018978119,0.3541666567325592,0.4815883934497833,43
sparse_head,10,8,both,mass,true,0.39030876755714417,0.2916666567325592,0.4009099304676056,43
sparse_head,10,9,both,mass,true,0.4767511188983917,0.3645833432674408,0.48825040459632874,43
sparse_head,10,10,both,mass,true,0.47856664657592773,0.3541666567325592,0.5017280578613281,43
sparse_head,10,11,both,mass,true,0.4328087568283081,0.3333333432674408,0.4392366409301758,43
sparse_head,10,12,both,mass,true,0.5154858827590942,0.40625,0.5497220754623413,43
sparse_head,10,13,both,mass,true,0.49743926525115967,0.375,0.5249190926551819,43
sparse_head,10,14,both,mass,true,0.5110753178596497,0.3854166567325592,0.5496726036071777,43
sparse_head,10,15,both,mass,true,0.5683770775794983,0.4583333432674408,0.6069715619087219,43
sparse_head,10,16,both,mass,true,0.5055718421936035,0.3854166567325592,0.536728024482727,43
sparse_head,10,17,both,mass,true,0.5069810152053833,0.3854166567325592,0.540529191493988,43
sparse_head,10,18,both,mass,true,0.528830349445343,0.4270833432674408,0.5479629039764404,43
sparse_head,10,19,both,mass,true,0.483369380235672,0.3541666567325592,0.5052188038825989,43
sparse_head,10,20,both,mass,true,0.49006953835487366,0.3541666567325592,0.5225450396537781,43
sparse_head,10,21,both,mass,true,0.4907160699367523,0.375,0.5226829051971436,43
sparse_head,10,22,both,mass,true,0.4546469748020172,0.3125,0.49776050448417664,43
sparse_head,10,23,both,mass,true,0.4581199884414673,0.34375,0.4765377938747406,43
sparse_head,11,0,both,mass,true,0.4985719621181488,0.375,0.5284342765808105,47
sparse_head,11,1,both,mass,true,0.37241873145103455,0.2708333432674408,0.3667532503604889,47
sparse_head,11,2,both,mass,true,0.5958714485168457,0.46875,0.6347532272338867,47
sparse_head,11,3,both,mass,true,0.4771754741668701,0.3854166567325592,0.47571220993995667,47
sparse_head,11,4,both,mass,true,0.4094860851764679,0.28125,0.4191713333129883,47
sparse_head,11,5,both,mass,true,0.48416927456855774,0.3958333432674408,0.4870673716068268,47
sparse_head,11,6,both,mass,true,0.5038519501686096,0.375,0.5468800663948059,47
sparse_head,11,7,both,mass,true,0.45909368991851807,0.3541666567325592,0.470855712890625,47
sparse_head,11,8,both,mass,true,0.5132785439491272,0.3645833432674408,0.5867332816123962,47
sparse_head,11,9,both,mass,true,0.42569589614868164,0.3229166567325592,0.436740517616272,47
sparse_head,11,10,both,mass,true,0.4773835837841034,0.375,0.49543866515159607,47
sparse_head,11,11,both,mass,true,0.41051796078681946,0.28125,0.430556982755661,47
sparse_head,11,12,both,mass,true,0.4754791259765625,0.3229166567325592,0.5114187598228455,47
sparse_head,11,13,both,mass,true,0.49458062648773193,0.34375,0.5493760704994202,47
sparse_head,11,14,both,mass,true,0.3895623981952667,0.2395833283662796,0.4194537401199341,47
sparse_head,11,15,both,mass,true,0.6125178933143616,0.4791666567325592,0.657788097858429,47
sparse_head,11,16,both,mass,true,0.4213913679122925,0.3125,0.43649616837501526,47
sparse_head,11,17,both,mass,true,0.5097412467002869,0.3854166567325592,0.545766294002533,47
sparse_head,11,18,both,mass,true,0.3797382414340973,0.25,0.41308438777923584,47
sparse_head,11,19,both,mass,true,0.5133063197135925,0.3333333432674408,0.5843624472618103,47
sparse_head,11,20,both,mass,true,0.456196665763855,0.3333333432674408,0.478747695684433,47
sparse_head,11,21,both,mass,true,0.4405815899372101,0.3020833432674408,0.47331079840660095,47
sparse_head,11,22,both,mass,true,0.39554497599601746,0.2916666567325592,0.44134899973869324,47
sparse_head,11,23,both,mass,true,0.4878150522708893,0.34375,0.5121063590049744,47
sparse_head_top16_cv,-1,-1,both,mass,true,0.694932222366333,0.5833333134651184,0.7330799102783203,-1
sparse_head_top16_cv_gated,-1,-1,both,mass,true,0.7018506526947021,0.59375,0.7381682395935059,-1
sparse_head_all_mean,-1,-1,both,mass,true,0.588754415512085,0.4583333432674408,0.6271806359291077,-1
random,-1,-1,-,-,false,0.21129556207681208,0.0625,0.2839724586305216,-1
